Component 2
1	6962	2	TTAAATGTTTATAGTATTCCCGGT	1
6962	6963	2	ATTAAATGTTTATAGTATTCCCGG	1
6963	4	2	AATTAAATGTTTATAGTATTCCCG	1
4	5	2	AAATTAAATGTTTATAGTATTCCC	1
5	6	2	AAAATTAAATGTTTATAGTATTCC	1
6	7	2	TAAAATTAAATGTTTATAGTATTC	1
7	6968	2	ATAAAATTAAATGTTTATAGTATT	1
6968	6969	2	AATAAAATTAAATGTTTATAGTAT	1
6969	6970	3	AAATAAAATTAAATGTTTATAGTA	1
6970	6971	3	AAAATAAAATTAAATGTTTATAGT	1
6971	6972	3	AAAAATAAAATTAAATGTTTATAG	1
6972	6973	3	AAAAAATAAAATTAAATGTTTATA	1
6973	6974	3	AAAAAAATAAAATTAAATGTTTAT	1
6974	15	3	TAAAAAAATAAAATTAAATGTTTA	1
15	16	3	TTAAAAAAATAAAATTAAATGTTT	1
16	17	3	CTTAAAAAAATAAAATTAAATGTT	1
17	6978	3	TCTTAAAAAAATAAAATTAAATGT	1
6978	19	3	TTCTTAAAAAAATAAAATTAAATG	1
19	20	4	TTTCTTAAAAAAATAAAATTAAAT	1
20	6981	4	CTTTCTTAAAAAAATAAAATTAAA	1
6981	22	5	ACTTTCTTAAAAAAATAAAATTAA	1
22	6983	5	TACTTTCTTAAAAAAATAAAATTA	1
6983	6984	5	GTACTTTCTTAAAAAAATAAAATT	1
6984	6985	5	AGTACTTTCTTAAAAAAATAAAAT	1
6985	6986	5	AAGTACTTTCTTAAAAAAATAAAA	1
6986	6987	5	GAAGTACTTTCTTAAAAAAATAAA	1
6987	28	5	TGAAGTACTTTCTTAAAAAAATAA	1
28	29	5	CTGAAGTACTTTCTTAAAAAAATA	1
29	30	5	TCTGAAGTACTTTCTTAAAAAAAT	1
30	31	5	TTCTGAAGTACTTTCTTAAAAAAA	1
31	32	5	TTTCTGAAGTACTTTCTTAAAAAA	1
32	33	5	CTTTCTGAAGTACTTTCTTAAAAA	1
33	34	5	TCTTTCTGAAGTACTTTCTTAAAA	1
34	35	5	CTCTTTCTGAAGTACTTTCTTAAA	1
35	36	6	CCTCTTTCTGAAGTACTTTCTTAA	1
36	37	6	TCCTCTTTCTGAAGTACTTTCTTA	1
37	38	6	TTCCTCTTTCTGAAGTACTTTCTT	1
38	39	6	TTTCCTCTTTCTGAAGTACTTTCT	1
39	40	6	TTTTCCTCTTTCTGAAGTACTTTC	1
40	41	6	ATTTTCCTCTTTCTGAAGTACTTT	1
41	42	6	TATTTTCCTCTTTCTGAAGTACTT	1
42	43	6	TTATTTTCCTCTTTCTGAAGTACT	1
43	7004	6	ATTATTTTCCTCTTTCTGAAGTAC	1
7004	7005	6	GATTATTTTCCTCTTTCTGAAGTA	1
7005	7006	6	AGATTATTTTCCTCTTTCTGAAGT	1
7006	47	6	TAGATTATTTTCCTCTTTCTGAAG	1
47	48	6	CTAGATTATTTTCCTCTTTCTGAA	1
48	7009	6	TCTAGATTATTTTCCTCTTTCTGA	1
7009	7010	6	ATCTAGATTATTTTCCTCTTTCTG	1
7010	51	6	GATCTAGATTATTTTCCTCTTTCT	1
51	52	6	TGATCTAGATTATTTTCCTCTTTC	1
52	53	6	ATGATCTAGATTATTTTCCTCTTT	1
53	54	4	AATGATCTAGATTATTTTCCTCTT	1
54	55	4	AAATGATCTAGATTATTTTCCTCT	1
55	56	4	TAAATGATCTAGATTATTTTCCTC	1
56	57	4	ATAAATGATCTAGATTATTTTCCT	1
57	58	4	TATAAATGATCTAGATTATTTTCC	1
58	59	3	ATATAAATGATCTAGATTATTTTC	1
59	60	3	TATATAAATGATCTAGATTATTTT	1
60	61	3	ATATATAAATGATCTAGATTATTT	1
61	62	3	TATATATAAATGATCTAGATTATT	1
62	63	3	ATATATATAAATGATCTAGATTAT	1
63	64	3	TATATATATAAATGATCTAGATTA	1
64	65	3	ATATATATATAAATGATCTAGATT	1
65	7026	3	TATATATATATAAATGATCTAGAT	1
7026	7027	3	ATATATATATATAAATGATCTAGA	1
7027	7028	2	TATATATATATATAAATGATCTAG	1
7028	69	2	ATATATATATATATAAATGATCTA	1
69	70	2	TATATATATATATATAAATGATCT	1
70	7031	2	ATATATATATATATATAAATGATC	1
7031	7032	1	AATATATATATATATATAAATGAT	1
7032	7033	1	AAATATATATATATATATAAATGA	1
7033	7034	0	AAAATATATATATATATATAAATG	1
7034	7035	0	AAAAATATATATATATATATAAAT	1
7035	7036	0	AAAAAATATATATATATATATAAA	1
7036	77	0	TAAAAAATATATATATATATATAA	1
77	78	0	TTAAAAAATATATATATATATATA	1
78	79	0	ATTAAAAAATATATATATATATAT	1
79	80	0	TATTAAAAAATATATATATATATA	1
80	81	0	TTATTAAAAAATATATATATATAT	1
81	82	0	TTTATTAAAAAATATATATATATA	1
82	83	0	TTTTATTAAAAAATATATATATAT	1
83	7044	1	TTTTTATTAAAAAATATATATATA	1
7044	7045	1	GTTTTTATTAAAAAATATATATAT	1
7045	7046	1	GGTTTTTATTAAAAAATATATATA	1
7046	7047	1	AGGTTTTTATTAAAAAATATATAT	1
7047	7048	1	AAGGTTTTTATTAAAAAATATATA	1
7048	7049	1	AAAGGTTTTTATTAAAAAATATAT	1
7049	7050	1	TAAAGGTTTTTATTAAAAAATATA	1
7050	7051	1	GTAAAGGTTTTTATTAAAAAATAT	1
7051	7052	1	TGTAAAGGTTTTTATTAAAAAATA	1
7052	7053	2	ATGTAAAGGTTTTTATTAAAAAAT	1
7053	7054	2	TATGTAAAGGTTTTTATTAAAAAA	1
7054	7055	2	TTATGTAAAGGTTTTTATTAAAAA	1
7055	7056	2	ATTATGTAAAGGTTTTTATTAAAA	1
7056	7057	2	GATTATGTAAAGGTTTTTATTAAA	1
7057	7058	2	AGATTATGTAAAGGTTTTTATTAA	1
7058	7059	2	AAGATTATGTAAAGGTTTTTATTA	1
7059	100	2	GAAGATTATGTAAAGGTTTTTATT	1
100	7061	2	TGAAGATTATGTAAAGGTTTTTAT	1
7061	102	2	ATGAAGATTATGTAAAGGTTTTTA	1
102	7063	2	CATGAAGATTATGTAAAGGTTTTT	1
7063	104	2	GCATGAAGATTATGTAAAGGTTTT	1
104	105	2	TGCATGAAGATTATGTAAAGGTTT	1
105	106	10	ATGCATGAAGATTATGTAAAGGTT	1
106	7067	18	TATGCATGAAGATTATGTAAAGGT	1
7067	7068	27	TTATGCATGAAGATTATGTAAAGG	1
7068	109	37	TTTATGCATGAAGATTATGTAAAG	1
109	110	37	CTTTATGCATGAAGATTATGTAAA	1
110	7071	37	TCTTTATGCATGAAGATTATGTAA	1
7071	7072	37	GTCTTTATGCATGAAGATTATGTA	1
7072	7073	38	GGTCTTTATGCATGAAGATTATGT	1
7073	114	38	TGGTCTTTATGCATGAAGATTATG	1
114	115	38	TTGGTCTTTATGCATGAAGATTAT	1
115	116	38	CTTGGTCTTTATGCATGAAGATTA	1
116	117	38	CCTTGGTCTTTATGCATGAAGATT	1
117	118	38	CCCTTGGTCTTTATGCATGAAGAT	1
118	7079	38	CCCCTTGGTCTTTATGCATGAAGA	1
7079	120	38	ACCCCTTGGTCTTTATGCATGAAG	1
120	121	42	CACCCCTTGGTCTTTATGCATGAA	1
121	7082	44	CCACCCCTTGGTCTTTATGCATGA	1
7082	7083	45	GCCACCCCTTGGTCTTTATGCATG	1
7083	7084	46	GGCCACCCCTTGGTCTTTATGCAT	1
7084	125	49	TGGCCACCCCTTGGTCTTTATGCA	1
125	7086	49	ATGGCCACCCCTTGGTCTTTATGC	1
7086	127	50	TATGGCCACCCCTTGGTCTTTATG	1
127	7088	50	ATATGGCCACCCCTTGGTCTTTAT	1
7088	129	49	AATATGGCCACCCCTTGGTCTTTA	1
129	130	51	CAATATGGCCACCCCTTGGTCTTT	1
130	7091	51	ACAATATGGCCACCCCTTGGTCTT	1
7091	132	51	GACAATATGGCCACCCCTTGGTCT	1
132	133	51	AGACAATATGGCCACCCCTTGGTC	1
133	7094	51	CAGACAATATGGCCACCCCTTGGT	1
7094	135	52	ACAGACAATATGGCCACCCCTTGG	1
135	136	52	CACAGACAATATGGCCACCCCTTG	1
136	7097	52	TCACAGACAATATGGCCACCCCTT	1
7097	138	54	GTCACAGACAATATGGCCACCCCT	1
138	139	87	TGTCACAGACAATATGGCCACCCC	1
139	140	98	CTGTCACAGACAATATGGCCACCC	1
140	7101	111	GCTGTCACAGACAATATGGCCACC	1
7101	7102	128	GGCTGTCACAGACAATATGGCCAC	1
7102	7103	133	GGGCTGTCACAGACAATATGGCCA	1
7103	144	139	GGGGCTGTCACAGACAATATGGCC	1
144	7105	146	TGGGGCTGTCACAGACAATATGGC	1
7105	7106	146	TTGGGGCTGTCACAGACAATATGG	1
7106	147	147	TTTGGGGCTGTCACAGACAATATG	1
147	148	147	ATTTGGGGCTGTCACAGACAATAT	1
148	7109	146	TATTTGGGGCTGTCACAGACAATA	1
7109	7110	146	ATATTTGGGGCTGTCACAGACAAT	1
7110	7111	147	GATATTTGGGGCTGTCACAGACAA	1
7111	152	148	TGATATTTGGGGCTGTCACAGACA	1
152	7113	150	CTGATATTTGGGGCTGTCACAGAC	1
7113	7114	150	GCTGATATTTGGGGCTGTCACAGA	1
7114	155	149	AGCTGATATTTGGGGCTGTCACAG	1
155	156	149	CAGCTGATATTTGGGGCTGTCACA	1
156	7117	149	ACAGCTGATATTTGGGGCTGTCAC	1
7117	158	142	AACAGCTGATATTTGGGGCTGTCA	1
158	7119	134	AAACAGCTGATATTTGGGGCTGTC	1
7119	7120	129	GAAACAGCTGATATTTGGGGCTGT	1
7120	161	120	TGAAACAGCTGATATTTGGGGCTG	1
161	162	120	CTGAAACAGCTGATATTTGGGGCT	1
162	7123	119	CCTGAAACAGCTGATATTTGGGGC	1
7123	7124	119	GCCTGAAACAGCTGATATTTGGGG	1
7124	7125	118	AGCCTGAAACAGCTGATATTTGGG	1
7125	166	118	TAGCCTGAAACAGCTGATATTTGG	1
166	167	118	CTAGCCTGAAACAGCTGATATTTG	1
167	168	117	ACTAGCCTGAAACAGCTGATATTT	1
168	7129	117	TACTAGCCTGAAACAGCTGATATT	1
7129	7130	117	GTACTAGCCTGAAACAGCTGATAT	1
7130	7131	117	GGTACTAGCCTGAAACAGCTGATA	1
7131	172	116	AGGTACTAGCCTGAAACAGCTGAT	1
172	173	113	CAGGTACTAGCCTGAAACAGCTGA	1
173	174	112	CCAGGTACTAGCCTGAAACAGCTG	1
174	175	111	CCCAGGTACTAGCCTGAAACAGCT	1
175	7136	108	TCCCAGGTACTAGCCTGAAACAGC	1
7136	7137	107	GTCCCAGGTACTAGCCTGAAACAG	1
7137	178	106	AGTCCCAGGTACTAGCCTGAAACA	1
178	7139	106	AAGTCCCAGGTACTAGCCTGAAAC	1
7139	7140	106	GAAGTCCCAGGTACTAGCCTGAAA	1
7140	7141	107	GGAAGTCCCAGGTACTAGCCTGAA	1
7141	7142	105	AGGAAGTCCCAGGTACTAGCCTGA	1
7142	183	105	TAGGAAGTCCCAGGTACTAGCCTG	1
183	184	105	ATAGGAAGTCCCAGGTACTAGCCT	1
184	185	105	TATAGGAAGTCCCAGGTACTAGCC	1
185	7146	105	CTATAGGAAGTCCCAGGTACTAGC	1
7146	7147	101	GCTATAGGAAGTCCCAGGTACTAG	1
7147	188	102	GGCTATAGGAAGTCCCAGGTACTA	1
188	189	103	TGGCTATAGGAAGTCCCAGGTACT	1
189	7150	97	CTGGCTATAGGAAGTCCCAGGTAC	1
7150	191	68	GCTGGCTATAGGAAGTCCCAGGTA	1
191	7152	59	TGCTGGCTATAGGAAGTCCCAGGT	1
7152	7153	50	CTGCTGGCTATAGGAAGTCCCAGG	1
7153	194	39	GCTGCTGGCTATAGGAAGTCCCAG	1
194	195	35	TGCTGCTGGCTATAGGAAGTCCCA	1
195	196	35	TTGCTGCTGGCTATAGGAAGTCCC	1
196	197	29	ATTGCTGCTGGCTATAGGAAGTCC	1
197	7158	30	CATTGCTGCTGGCTATAGGAAGTC	1
7158	7159	31	ACATTGCTGCTGGCTATAGGAAGT	1
7159	200	32	CACATTGCTGCTGGCTATAGGAAG	1
200	7161	33	CCACATTGCTGCTGGCTATAGGAA	1
7161	7162	33	ACCACATTGCTGCTGGCTATAGGA	1
7162	7163	36	TACCACATTGCTGCTGGCTATAGG	1
7163	204	36	TTACCACATTGCTGCTGGCTATAG	1
204	205	34	TTTACCACATTGCTGCTGGCTATA	1
205	206	34	CTTTACCACATTGCTGCTGGCTAT	1
206	7167	34	CCTTTACCACATTGCTGCTGGCTA	1
7167	7168	34	GCCTTTACCACATTGCTGCTGGCT	1
7168	7169	36	GGCCTTTACCACATTGCTGCTGGC	1
7169	7170	38	AGGCCTTTACCACATTGCTGCTGG	1
7170	7171	37	AAGGCCTTTACCACATTGCTGCTG	1
7171	212	38	GAAGGCCTTTACCACATTGCTGCT	1
212	7173	40	AGAAGGCCTTTACCACATTGCTGC	1
7173	7174	43	GAGAAGGCCTTTACCACATTGCTG	1
7174	215	43	AGAGAAGGCCTTTACCACATTGCT	1
215	7176	46	TAGAGAAGGCCTTTACCACATTGC	1
7176	217	46	ATAGAGAAGGCCTTTACCACATTG	1
217	7178	46	AATAGAGAAGGCCTTTACCACATT	1
7178	219	45	AAATAGAGAAGGCCTTTACCACAT	1
219	220	45	CAAATAGAGAAGGCCTTTACCACA	1
220	7181	54	GCAAATAGAGAAGGCCTTTACCAC	1
7181	7182	54	GGCAAATAGAGAAGGCCTTTACCA	1
7182	7183	57	GGGCAAATAGAGAAGGCCTTTACC	1
7183	7184	61	GGGGCAAATAGAGAAGGCCTTTAC	1
7184	225	61	AGGGGCAAATAGAGAAGGCCTTTA	1
225	226	60	TAGGGGCAAATAGAGAAGGCCTTT	1
226	227	62	CTAGGGGCAAATAGAGAAGGCCTT	1
227	228	64	CCTAGGGGCAAATAGAGAAGGCCT	1
228	229	66	CCCTAGGGGCAAATAGAGAAGGCC	1
229	7190	74	GCCCTAGGGGCAAATAGAGAAGGC	1
7190	7191	77	CGCCCTAGGGGCAAATAGAGAAGG	1
7191	7192	86	GCGCCCTAGGGGCAAATAGAGAAG	1
7192	7193	87	TGCGCCCTAGGGGCAAATAGAGAA	1
7193	7194	87	ATGCGCCCTAGGGGCAAATAGAGA	1
7194	7195	90	GATGCGCCCTAGGGGCAAATAGAG	1
7195	7196	92	GGATGCGCCCTAGGGGCAAATAGA	1
7196	237	92	TGGATGCGCCCTAGGGGCAAATAG	1
237	238	93	CTGGATGCGCCCTAGGGGCAAATA	1
238	7199	95	TCTGGATGCGCCCTAGGGGCAAAT	1
7199	7200	97	GTCTGGATGCGCCCTAGGGGCAAA	1
7200	7201	94	GGTCTGGATGCGCCCTAGGGGCAA	1
7201	242	94	AGGTCTGGATGCGCCCTAGGGGCA	1
242	7203	95	CAGGTCTGGATGCGCCCTAGGGGC	1
7203	7204	95	ACAGGTCTGGATGCGCCCTAGGGG	1
7204	7205	95	GACAGGTCTGGATGCGCCCTAGGG	1
7205	7206	91	AGACAGGTCTGGATGCGCCCTAGG	1
7206	7207	87	GAGACAGGTCTGGATGCGCCCTAG	1
7207	248	82	TGAGACAGGTCTGGATGCGCCCTA	1
248	249	81	CTGAGACAGGTCTGGATGCGCCCT	1
249	250	80	ACTGAGACAGGTCTGGATGCGCCC	1
250	251	82	CACTGAGACAGGTCTGGATGCGCC	1
251	7212	81	TCACTGAGACAGGTCTGGATGCGC	1
7212	253	82	GTCACTGAGACAGGTCTGGATGCG	1
253	254	84	TGTCACTGAGACAGGTCTGGATGC	1
254	255	81	CTGTCACTGAGACAGGTCTGGATG	1
255	7216	83	ACTGTCACTGAGACAGGTCTGGAT	1
7216	7217	89	AACTGTCACTGAGACAGGTCTGGA	1
7217	7218	91	AAACTGTCACTGAGACAGGTCTGG	1
7218	259	92	AAAACTGTCACTGAGACAGGTCTG	1
259	260	93	TAAAACTGTCACTGAGACAGGTCT	1
260	7221	91	ATAAAACTGTCACTGAGACAGGTC	1
7221	7222	89	GATAAAACTGTCACTGAGACAGGT	1
7222	7223	89	AGATAAAACTGTCACTGAGACAGG	1
7223	7224	89	AAGATAAAACTGTCACTGAGACAG	1
7224	265	88	GAAGATAAAACTGTCACTGAGACA	1
265	7226	91	AGAAGATAAAACTGTCACTGAGAC	1
7226	7227	95	AAGAAGATAAAACTGTCACTGAGA	1
7227	268	94	CAAGAAGATAAAACTGTCACTGAG	1
268	7229	101	CCAAGAAGATAAAACTGTCACTGA	1
7229	270	103	TCCAAGAAGATAAAACTGTCACTG	1
270	271	102	TTCCAAGAAGATAAAACTGTCACT	1
271	7232	103	TTTCCAAGAAGATAAAACTGTCAC	1
7232	273	96	ATTTCCAAGAAGATAAAACTGTCA	1
273	274	98	CATTTCCAAGAAGATAAAACTGTC	1
274	7235	94	ACATTTCCAAGAAGATAAAACTGT	1
7235	7236	89	AACATTTCCAAGAAGATAAAACTG	1
7236	277	91	GAACATTTCCAAGAAGATAAAACT	1
277	7238	93	AGAACATTTCCAAGAAGATAAAAC	1
7238	279	91	AAGAACATTTCCAAGAAGATAAAA	1
279	280	89	CAAGAACATTTCCAAGAAGATAAA	1
280	7241	91	CCAAGAACATTTCCAAGAAGATAA	1
7241	7242	86	GCCAAGAACATTTCCAAGAAGATA	1
7242	7243	85	AGCCAAGAACATTTCCAAGAAGAT	1
7243	7244	81	TAGCCAAGAACATTTCCAAGAAGA	1
7244	285	82	CTAGCCAAGAACATTTCCAAGAAG	1
285	7246	85	TCTAGCCAAGAACATTTCCAAGAA	1
7246	7247	81	ATCTAGCCAAGAACATTTCCAAGA	1
7247	288	85	CATCTAGCCAAGAACATTTCCAAG	1
288	289	87	CCATCTAGCCAAGAACATTTCCAA	1
289	290	87	CCCATCTAGCCAAGAACATTTCCA	1
290	291	85	TCCCATCTAGCCAAGAACATTTCC	1
291	292	84	CTCCCATCTAGCCAAGAACATTTC	1
292	293	85	CCTCCCATCTAGCCAAGAACATTT	1
293	7254	89	CCCTCCCATCTAGCCAAGAACATT	1
7254	295	91	GCCCTCCCATCTAGCCAAGAACAT	1
295	296	91	TGCCCTCCCATCTAGCCAAGAACA	1
296	297	95	CTGCCCTCCCATCTAGCCAAGAAC	1
297	298	96	CCTGCCCTCCCATCTAGCCAAGAA	1
298	7259	99	CCCTGCCCTCCCATCTAGCCAAGA	1
7259	300	105	TCCCTGCCCTCCCATCTAGCCAAG	1
300	301	105	CTCCCTGCCCTCCCATCTAGCCAA	1
301	302	105	CCTCCCTGCCCTCCCATCTAGCCA	1
302	303	108	TCCTCCCTGCCCTCCCATCTAGCC	1
303	7264	111	TTCCTCCCTGCCCTCCCATCTAGC	1
7264	7265	107	GTTCCTCCCTGCCCTCCCATCTAG	1
7265	306	107	TGTTCCTCCCTGCCCTCCCATCTA	1
306	307	108	ATGTTCCTCCCTGCCCTCCCATCT	1
307	7268	107	GATGTTCCTCCCTGCCCTCCCATC	1
7268	7269	103	GGATGTTCCTCCCTGCCCTCCCAT	1
7269	310	102	AGGATGTTCCTCCCTGCCCTCCCA	1
310	311	108	AAGGATGTTCCTCCCTGCCCTCCC	1
311	312	105	CAAGGATGTTCCTCCCTGCCCTCC	1
312	7273	109	TCAAGGATGTTCCTCCCTGCCCTC	1
7273	314	112	GTCAAGGATGTTCCTCCCTGCCCT	1
314	315	119	TGTCAAGGATGTTCCTCCCTGCCC	1
315	316	123	ATGTCAAGGATGTTCCTCCCTGCC	1
316	7277	129	AATGTCAAGGATGTTCCTCCCTGC	1
7277	318	128	GAATGTCAAGGATGTTCCTCCCTG	1
318	319	126	AGAATGTCAAGGATGTTCCTCCCT	1
319	320	127	AAGAATGTCAAGGATGTTCCTCCC	1
320	321	121	GAAGAATGTCAAGGATGTTCCTCC	1
321	322	117	TGAAGAATGTCAAGGATGTTCCTC	1
322	323	119	ATGAAGAATGTCAAGGATGTTCCT	1
323	324	118	GATGAAGAATGTCAAGGATGTTCC	1
324	325	122	AGATGAAGAATGTCAAGGATGTTC	1
325	326	121	TAGATGAAGAATGTCAAGGATGTT	1
326	7287	122	TTAGATGAAGAATGTCAAGGATGT	1
7287	7288	122	TTTAGATGAAGAATGTCAAGGATG	1
7288	7289	118	GTTTAGATGAAGAATGTCAAGGAT	1
7289	7290	117	AGTTTAGATGAAGAATGTCAAGGA	1
7290	7291	119	GAGTTTAGATGAAGAATGTCAAGG	1
7291	7292	117	GGAGTTTAGATGAAGAATGTCAAG	1
7292	7293	116	AGGAGTTTAGATGAAGAATGTCAA	1
7293	334	117	GAGGAGTTTAGATGAAGAATGTCA	1
334	335	117	AGAGGAGTTTAGATGAAGAATGTC	1
335	336	116	CAGAGGAGTTTAGATGAAGAATGT	1
336	7297	117	CCAGAGGAGTTTAGATGAAGAATG	1
7297	7298	114	GCCAGAGGAGTTTAGATGAAGAAT	1
7298	7299	112	TGCCAGAGGAGTTTAGATGAAGAA	1
7299	7300	110	TTGCCAGAGGAGTTTAGATGAAGA	1
7300	7301	108	TTTGCCAGAGGAGTTTAGATGAAG	1
7301	7302	106	ATTTGCCAGAGGAGTTTAGATGAA	1
7302	7303	106	GATTTGCCAGAGGAGTTTAGATGA	1
7303	344	106	CGATTTGCCAGAGGAGTTTAGATG	1
344	7305	105	TCGATTTGCCAGAGGAGTTTAGAT	1
7305	346	105	TTCGATTTGCCAGAGGAGTTTAGA	1
346	347	103	CTTCGATTTGCCAGAGGAGTTTAG	1
347	7308	103	TCTTCGATTTGCCAGAGGAGTTTA	1
7308	349	100	GTCTTCGATTTGCCAGAGGAGTTT	1
349	350	100	CGTCTTCGATTTGCCAGAGGAGTT	1
350	7311	96	TCGTCTTCGATTTGCCAGAGGAGT	1
7311	352	93	GTCGTCTTCGATTTGCCAGAGGAG	1
352	7313	93	CGTCGTCTTCGATTTGCCAGAGGA	1
7313	7314	98	TCGTCGTCTTCGATTTGCCAGAGG	1
7314	355	99	GTCGTCGTCTTCGATTTGCCAGAG	1
355	7316	95	CGTCGTCGTCTTCGATTTGCCAGA	1
7316	7317	100	TCGTCGTCGTCTTCGATTTGCCAG	1
7317	358	97	GTCGTCGTCGTCTTCGATTTGCCA	1
358	359	99	AGTCGTCGTCGTCTTCGATTTGCC	1
359	7320	100	CAGTCGTCGTCGTCTTCGATTTGC	1
7320	361	100	TCAGTCGTCGTCGTCTTCGATTTG	1
361	362	99	ATCAGTCGTCGTCGTCTTCGATTT	1
362	363	95	CATCAGTCGTCGTCGTCTTCGATT	1
363	7324	98	TCATCAGTCGTCGTCGTCTTCGAT	1
7324	7325	96	ATCATCAGTCGTCGTCGTCTTCGA	1
7325	366	100	GATCATCAGTCGTCGTCGTCTTCG	1
366	367	96	TGATCATCAGTCGTCGTCGTCTTC	1
367	368	93	TTGATCATCAGTCGTCGTCGTCTT	1
368	369	89	CTTGATCATCAGTCGTCGTCGTCT	1
369	370	88	CCTTGATCATCAGTCGTCGTCGTC	1
370	7331	86	CCCTTGATCATCAGTCGTCGTCGT	1
7331	7332	86	GCCCTTGATCATCAGTCGTCGTCG	1
7332	7333	87	GGCCCTTGATCATCAGTCGTCGTC	1
7333	374	89	AGGCCCTTGATCATCAGTCGTCGT	1
374	375	87	CAGGCCCTTGATCATCAGTCGTCG	1
375	376	90	TCAGGCCCTTGATCATCAGTCGTC	1
376	7337	90	CTCAGGCCCTTGATCATCAGTCGT	1
7337	378	94	GCTCAGGCCCTTGATCATCAGTCG	1
378	379	94	CGCTCAGGCCCTTGATCATCAGTC	1
379	7340	94	TCGCTCAGGCCCTTGATCATCAGT	1
7340	7341	104	TTCGCTCAGGCCCTTGATCATCAG	1
7341	382	105	ATTCGCTCAGGCCCTTGATCATCA	1
382	7343	105	GATTCGCTCAGGCCCTTGATCATC	1
7343	384	105	AGATTCGCTCAGGCCCTTGATCAT	1
384	385	113	CAGATTCGCTCAGGCCCTTGATCA	1
385	386	115	CCAGATTCGCTCAGGCCCTTGATC	1
386	387	115	TCCAGATTCGCTCAGGCCCTTGAT	1
387	7348	114	CTCCAGATTCGCTCAGGCCCTTGA	1
7348	7349	112	GCTCCAGATTCGCTCAGGCCCTTG	1
7349	390	113	AGCTCCAGATTCGCTCAGGCCCTT	1
390	391	115	AAGCTCCAGATTCGCTCAGGCCCT	1
391	392	118	GAAGCTCCAGATTCGCTCAGGCCC	1
392	7353	121	AGAAGCTCCAGATTCGCTCAGGCC	1
7353	7354	134	GAGAAGCTCCAGATTCGCTCAGGC	1
7354	7355	138	TGAGAAGCTCCAGATTCGCTCAGG	1
7355	396	148	CTGAGAAGCTCCAGATTCGCTCAG	1
396	397	154	TCTGAGAAGCTCCAGATTCGCTCA	1
397	7358	151	GTCTGAGAAGCTCCAGATTCGCTC	1
7358	399	153	AGTCTGAGAAGCTCCAGATTCGCT	1
399	400	155	CAGTCTGAGAAGCTCCAGATTCGC	1
400	401	155	CCAGTCTGAGAAGCTCCAGATTCG	1
401	402	153	ACCAGTCTGAGAAGCTCCAGATTC	1
402	7363	154	AACCAGTCTGAGAAGCTCCAGATT	1
7363	7364	152	GAACCAGTCTGAGAAGCTCCAGAT	1
7364	7365	151	AGAACCAGTCTGAGAAGCTCCAGA	1
7365	406	154	GAGAACCAGTCTGAGAAGCTCCAG	1
406	407	151	CGAGAACCAGTCTGAGAAGCTCCA	1
407	408	154	CCGAGAACCAGTCTGAGAAGCTCC	1
408	409	151	ACCGAGAACCAGTCTGAGAAGCTC	1
409	410	152	CACCGAGAACCAGTCTGAGAAGCT	1
410	7371	154	CCACCGAGAACCAGTCTGAGAAGC	1
7371	7372	147	GCCACCGAGAACCAGTCTGAGAAG	1
7372	7373	149	AGCCACCGAGAACCAGTCTGAGAA	1
7373	7374	149	AAGCCACCGAGAACCAGTCTGAGA	1
7374	415	151	CAAGCCACCGAGAACCAGTCTGAG	1
415	416	149	CCAAGCCACCGAGAACCAGTCTGA	1
416	417	146	CCCAAGCCACCGAGAACCAGTCTG	1
417	418	139	CCCCAAGCCACCGAGAACCAGTCT	1
418	7379	140	GCCCCAAGCCACCGAGAACCAGTC	1
7379	7380	142	GGCCCCAAGCCACCGAGAACCAGT	1
7380	7381	145	TGGCCCCAAGCCACCGAGAACCAG	1
7381	422	146	GTGGCCCCAAGCCACCGAGAACCA	1
422	423	146	AGTGGCCCCAAGCCACCGAGAACC	1
423	7384	146	CAGTGGCCCCAAGCCACCGAGAAC	1
7384	425	146	GCAGTGGCCCCAAGCCACCGAGAA	1
425	7386	143	CGCAGTGGCCCCAAGCCACCGAGA	1
7386	7387	149	GCGCAGTGGCCCCAAGCCACCGAG	1
7387	7388	148	TGCGCAGTGGCCCCAAGCCACCGA	1
7388	429	143	ATGCGCAGTGGCCCCAAGCCACCG	1
429	430	149	CATGCGCAGTGGCCCCAAGCCACC	1
430	7391	155	TCATGCGCAGTGGCCCCAAGCCAC	1
7391	432	158	ATCATGCGCAGTGGCCCCAAGCCA	1
432	433	151	TATCATGCGCAGTGGCCCCAAGCC	1
433	7394	152	CTATCATGCGCAGTGGCCCCAAGC	1
7394	7395	151	ACTATCATGCGCAGTGGCCCCAAG	1
7395	7396	149	TACTATCATGCGCAGTGGCCCCAA	1
7396	437	144	ATACTATCATGCGCAGTGGCCCCA	1
437	438	146	CATACTATCATGCGCAGTGGCCCC	1
438	439	146	CCATACTATCATGCGCAGTGGCCC	1
439	440	146	ACCATACTATCATGCGCAGTGGCC	1
440	7401	146	CACCATACTATCATGCGCAGTGGC	1
7401	7402	143	ACACCATACTATCATGCGCAGTGG	1
7402	7403	141	GACACCATACTATCATGCGCAGTG	1
7403	7404	141	GGACACCATACTATCATGCGCAGT	1
7404	445	140	TGGACACCATACTATCATGCGCAG	1
445	446	132	TTGGACACCATACTATCATGCGCA	1
446	447	127	TTTGGACACCATACTATCATGCGC	1
447	448	121	CTTTGGACACCATACTATCATGCG	1
448	7409	121	CCTTTGGACACCATACTATCATGC	1
7409	450	124	TCCTTTGGACACCATACTATCATG	1
450	451	123	ATCCTTTGGACACCATACTATCAT	1
451	452	130	TATCCTTTGGACACCATACTATCA	1
452	453	139	GTATCCTTTGGACACCATACTATC	1
453	7414	140	TGTATCCTTTGGACACCATACTAT	1
7414	455	139	GTGTATCCTTTGGACACCATACTA	1
455	456	137	TGTGTATCCTTTGGACACCATACT	1
456	457	138	CTGTGTATCCTTTGGACACCATAC	1
457	458	136	CCTGTGTATCCTTTGGACACCATA	1
458	7419	140	CCCTGTGTATCCTTTGGACACCAT	1
7419	460	134	GCCCTGTGTATCCTTTGGACACCA	1
460	461	133	TGCCCTGTGTATCCTTTGGACACC	1
461	462	131	ATGCCCTGTGTATCCTTTGGACAC	1
462	463	125	CATGCCCTGTGTATCCTTTGGACA	1
463	464	137	TCATGCCCTGTGTATCCTTTGGAC	1
464	7425	137	CTCATGCCCTGTGTATCCTTTGGA	1
7425	7426	145	ACTCATGCCCTGTGTATCCTTTGG	1
7426	467	142	TACTCATGCCCTGTGTATCCTTTG	1
467	468	142	TTACTCATGCCCTGTGTATCCTTT	1
468	469	143	TTTACTCATGCCCTGTGTATCCTT	1
469	470	143	CTTTACTCATGCCCTGTGTATCCT	1
470	471	142	CCTTTACTCATGCCCTGTGTATCC	1
471	7432	138	GCCTTTACTCATGCCCTGTGTATC	1
7432	7433	133	GGCCTTTACTCATGCCCTGTGTAT	1
7433	7434	132	AGGCCTTTACTCATGCCCTGTGTA	1
7434	7435	131	AAGGCCTTTACTCATGCCCTGTGT	1
7435	476	129	CAAGGCCTTTACTCATGCCCTGTG	1
476	7437	129	TCAAGGCCTTTACTCATGCCCTGT	1
7437	478	132	TTCAAGGCCTTTACTCATGCCCTG	1
478	479	126	CTTCAAGGCCTTTACTCATGCCCT	1
479	480	126	TCTTCAAGGCCTTTACTCATGCCC	1
480	7441	134	ATCTTCAAGGCCTTTACTCATGCC	1
7441	7442	124	GATCTTCAAGGCCTTTACTCATGC	1
7442	7443	118	AGATCTTCAAGGCCTTTACTCATG	1
7443	7444	112	GAGATCTTCAAGGCCTTTACTCAT	1
7444	485	112	AGAGATCTTCAAGGCCTTTACTCA	1
485	7446	111	TAGAGATCTTCAAGGCCTTTACTC	1
7446	7447	110	GTAGAGATCTTCAAGGCCTTTACT	1
7447	7448	110	GGTAGAGATCTTCAAGGCCTTTAC	1
7448	7449	110	AGGTAGAGATCTTCAAGGCCTTTA	1
7449	7450	109	GAGGTAGAGATCTTCAAGGCCTTT	1
7450	491	107	AGAGGTAGAGATCTTCAAGGCCTT	1
491	492	107	TAGAGGTAGAGATCTTCAAGGCCT	1
492	493	109	ATAGAGGTAGAGATCTTCAAGGCC	1
493	7454	112	CATAGAGGTAGAGATCTTCAAGGC	1
7454	7455	110	CCATAGAGGTAGAGATCTTCAAGG	1
7455	7456	110	GCCATAGAGGTAGAGATCTTCAAG	1
7456	497	107	TGCCATAGAGGTAGAGATCTTCAA	1
497	498	104	CTGCCATAGAGGTAGAGATCTTCA	1
498	7459	103	TCTGCCATAGAGGTAGAGATCTTC	1
7459	500	98	GTCTGCCATAGAGGTAGAGATCTT	1
500	501	97	TGTCTGCCATAGAGGTAGAGATCT	1
501	7462	93	CTGTCTGCCATAGAGGTAGAGATC	1
7462	7463	91	GCTGTCTGCCATAGAGGTAGAGAT	1
7463	7464	85	GGCTGTCTGCCATAGAGGTAGAGA	1
7464	7465	77	GGGCTGTCTGCCATAGAGGTAGAG	1
7465	7466	78	AGGGCTGTCTGCCATAGAGGTAGA	1
7466	7467	81	AAGGGCTGTCTGCCATAGAGGTAG	1
7467	7468	80	GAAGGGCTGTCTGCCATAGAGGTA	1
7468	7469	84	AGAAGGGCTGTCTGCCATAGAGGT	1
7469	7470	81	TAGAAGGGCTGTCTGCCATAGAGG	1
7470	7471	81	ATAGAAGGGCTGTCTGCCATAGAG	1
7471	7472	83	GATAGAAGGGCTGTCTGCCATAGA	1
7472	7473	83	AGATAGAAGGGCTGTCTGCCATAG	1
7473	514	83	AAGATAGAAGGGCTGTCTGCCATA	1
514	515	83	TAAGATAGAAGGGCTGTCTGCCAT	1
515	516	72	TTAAGATAGAAGGGCTGTCTGCCA	1
516	517	71	TTTAAGATAGAAGGGCTGTCTGCC	1
517	7478	65	ATTTAAGATAGAAGGGCTGTCTGC	1
7478	519	66	AATTTAAGATAGAAGGGCTGTCTG	1
519	520	66	AAATTTAAGATAGAAGGGCTGTCT	1
520	7481	66	TAAATTTAAGATAGAAGGGCTGTC	1
7481	7482	66	GTAAATTTAAGATAGAAGGGCTGT	1
7482	523	69	GGTAAATTTAAGATAGAAGGGCTG	1
523	524	70	TGGTAAATTTAAGATAGAAGGGCT	1
524	7485	74	TTGGTAAATTTAAGATAGAAGGGC	1
7485	7486	81	TTTGGTAAATTTAAGATAGAAGGG	1
7486	7487	80	CTTTGGTAAATTTAAGATAGAAGG	1
7487	528	84	TCTTTGGTAAATTTAAGATAGAAG	1
528	7489	87	TTCTTTGGTAAATTTAAGATAGAA	1
7489	7490	87	GTTCTTTGGTAAATTTAAGATAGA	1
7490	531	85	TGTTCTTTGGTAAATTTAAGATAG	1
531	532	85	TTGTTCTTTGGTAAATTTAAGATA	1
532	533	75	CTTGTTCTTTGGTAAATTTAAGAT	1
533	7494	73	CCTTGTTCTTTGGTAAATTTAAGA	1
7494	7495	74	ACCTTGTTCTTTGGTAAATTTAAG	1
7495	7496	77	GACCTTGTTCTTTGGTAAATTTAA	1
7496	537	76	GGACCTTGTTCTTTGGTAAATTTA	1
537	538	75	TGGACCTTGTTCTTTGGTAAATTT	1
538	7499	74	TTGGACCTTGTTCTTTGGTAAATT	1
7499	7500	73	GTTGGACCTTGTTCTTTGGTAAAT	1
7500	7501	72	AGTTGGACCTTGTTCTTTGGTAAA	1
7501	7502	73	GAGTTGGACCTTGTTCTTTGGTAA	1
7502	7503	75	AGAGTTGGACCTTGTTCTTTGGTA	1
7503	7504	75	GAGAGTTGGACCTTGTTCTTTGGT	1
7504	7505	75	AGAGAGTTGGACCTTGTTCTTTGG	1
7505	7506	73	AAGAGAGTTGGACCTTGTTCTTTG	1
7506	547	74	AAAGAGAGTTGGACCTTGTTCTTT	1
547	548	76	AAAAGAGAGTTGGACCTTGTTCTT	1
548	549	74	CAAAAGAGAGTTGGACCTTGTTCT	1
549	7510	74	TCAAAAGAGAGTTGGACCTTGTTC	1
7510	7511	74	GTCAAAAGAGAGTTGGACCTTGTT	1
7511	7512	75	AGTCAAAAGAGAGTTGGACCTTGT	1
7512	7513	79	GAGTCAAAAGAGAGTTGGACCTTG	1
7513	554	78	GGAGTCAAAAGAGAGTTGGACCTT	1
554	555	80	TGGAGTCAAAAGAGAGTTGGACCT	1
555	556	86	TTGGAGTCAAAAGAGAGTTGGACC	1
556	7517	91	TTTGGAGTCAAAAGAGAGTTGGAC	1
7517	7518	93	TTTTGGAGTCAAAAGAGAGTTGGA	1
7518	7519	95	ATTTTGGAGTCAAAAGAGAGTTGG	1
7519	7520	97	GATTTTGGAGTCAAAAGAGAGTTG	1
7520	561	91	GGATTTTGGAGTCAAAAGAGAGTT	1
561	7522	92	TGGATTTTGGAGTCAAAAGAGAGT	1
7522	7523	94	GTGGATTTTGGAGTCAAAAGAGAG	1
7523	7524	100	GGTGGATTTTGGAGTCAAAAGAGA	1
7524	7525	105	CGGTGGATTTTGGAGTCAAAAGAG	1
7525	7526	105	ACGGTGGATTTTGGAGTCAAAAGA	1
7526	7527	108	AACGGTGGATTTTGGAGTCAAAAG	1
7527	7528	109	TAACGGTGGATTTTGGAGTCAAAA	1
7528	7529	109	GTAACGGTGGATTTTGGAGTCAAA	1
7529	570	108	AGTAACGGTGGATTTTGGAGTCAA	1
570	571	106	CAGTAACGGTGGATTTTGGAGTCA	1
571	572	105	TCAGTAACGGTGGATTTTGGAGTC	1
572	7533	106	CTCAGTAACGGTGGATTTTGGAGT	1
7533	7534	120	TCTCAGTAACGGTGGATTTTGGAG	1
7534	7535	117	TTCTCAGTAACGGTGGATTTTGGA	1
7535	7536	114	TTTCTCAGTAACGGTGGATTTTGG	1
7536	7537	113	ATTTCTCAGTAACGGTGGATTTTG	1
7537	7538	106	GATTTCTCAGTAACGGTGGATTTT	1
7538	579	108	AGATTTCTCAGTAACGGTGGATTT	1
579	7540	112	TAGATTTCTCAGTAACGGTGGATT	1
7540	7541	111	GTAGATTTCTCAGTAACGGTGGAT	1
7541	7542	110	AGTAGATTTCTCAGTAACGGTGGA	1
7542	7543	115	AAGTAGATTTCTCAGTAACGGTGG	1
7543	584	117	CAAGTAGATTTCTCAGTAACGGTG	1
584	7545	117	TCAAGTAGATTTCTCAGTAACGGT	1
7545	586	124	CTCAAGTAGATTTCTCAGTAACGG	1
586	587	122	CCTCAAGTAGATTTCTCAGTAACG	1
587	588	121	CCCTCAAGTAGATTTCTCAGTAAC	1
588	7549	121	TCCCTCAAGTAGATTTCTCAGTAA	1
7549	590	119	GTCCCTCAAGTAGATTTCTCAGTA	1
590	7551	119	TGTCCCTCAAGTAGATTTCTCAGT	1
7551	592	121	TTGTCCCTCAAGTAGATTTCTCAG	1
592	593	124	TTTGTCCCTCAAGTAGATTTCTCA	1
593	7554	124	ATTTGTCCCTCAAGTAGATTTCTC	1
7554	595	121	GATTTGTCCCTCAAGTAGATTTCT	1
595	596	121	AGATTTGTCCCTCAAGTAGATTTC	1
596	597	121	CAGATTTGTCCCTCAAGTAGATTT	1
597	598	120	ACAGATTTGTCCCTCAAGTAGATT	1
598	7559	118	TACAGATTTGTCCCTCAAGTAGAT	1
7559	600	118	TTACAGATTTGTCCCTCAAGTAGA	1
600	601	118	CTTACAGATTTGTCCCTCAAGTAG	1
601	602	120	CCTTACAGATTTGTCCCTCAAGTA	1
602	7563	119	TCCTTACAGATTTGTCCCTCAAGT	1
7563	604	120	TTCCTTACAGATTTGTCCCTCAAG	1
604	605	116	CTTCCTTACAGATTTGTCCCTCAA	1
605	606	116	CCTTCCTTACAGATTTGTCCCTCA	1
606	7567	114	ACCTTCCTTACAGATTTGTCCCTC	1
7567	608	111	GACCTTCCTTACAGATTTGTCCCT	1
608	609	104	TGACCTTCCTTACAGATTTGTCCC	1
609	610	110	CTGACCTTCCTTACAGATTTGTCC	1
610	7571	107	ACTGACCTTCCTTACAGATTTGTC	1
7571	7572	108	GACTGACCTTCCTTACAGATTTGT	1
7572	613	108	TGACTGACCTTCCTTACAGATTTG	1
613	614	105	CTGACTGACCTTCCTTACAGATTT	1
614	7575	97	ACTGACTGACCTTCCTTACAGATT	1
7575	7576	88	GACTGACTGACCTTCCTTACAGAT	1
7576	7577	84	TGACTGACTGACCTTCCTTACAGA	1
7577	618	92	ATGACTGACTGACCTTCCTTACAG	1
618	619	89	TATGACTGACTGACCTTCCTTACA	1
619	620	87	ATATGACTGACTGACCTTCCTTAC	1
620	7581	85	CATATGACTGACTGACCTTCCTTA	1
7581	7582	85	GCATATGACTGACTGACCTTCCTT	1
7582	623	88	GGCATATGACTGACTGACCTTCCT	1
623	624	88	TGGCATATGACTGACTGACCTTCC	1
624	625	87	CTGGCATATGACTGACTGACCTTC	1
625	626	78	TCTGGCATATGACTGACTGACCTT	1
626	627	77	ATCTGGCATATGACTGACTGACCT	1
627	628	79	CATCTGGCATATGACTGACTGACC	1
628	7589	85	ACATCTGGCATATGACTGACTGAC	1
7589	7590	88	GACATCTGGCATATGACTGACTGA	1
7590	631	87	AGACATCTGGCATATGACTGACTG	1
631	632	79	CAGACATCTGGCATATGACTGACT	1
632	7593	77	ACAGACATCTGGCATATGACTGAC	1
7593	7594	77	GACAGACATCTGGCATATGACTGA	1
7594	635	74	TGACAGACATCTGGCATATGACTG	1
635	636	72	TTGACAGACATCTGGCATATGACT	1
636	7597	73	TTTGACAGACATCTGGCATATGAC	1
7597	7598	70	GTTTGACAGACATCTGGCATATGA	1
7598	639	70	TGTTTGACAGACATCTGGCATATG	1
639	7600	69	CTGTTTGACAGACATCTGGCATAT	1
7600	7601	70	ACTGTTTGACAGACATCTGGCATA	1
7601	7602	72	GACTGTTTGACAGACATCTGGCAT	1
7602	7603	73	TGACTGTTTGACAGACATCTGGCA	1
7603	7604	72	GTGACTGTTTGACAGACATCTGGC	1
7604	645	72	CGTGACTGTTTGACAGACATCTGG	1
645	646	74	CCGTGACTGTTTGACAGACATCTG	1
646	647	74	ACCGTGACTGTTTGACAGACATCT	1
647	7608	75	TACCGTGACTGTTTGACAGACATC	1
7608	7609	76	GTACCGTGACTGTTTGACAGACAT	1
7609	650	75	TGTACCGTGACTGTTTGACAGACA	1
650	7611	75	TTGTACCGTGACTGTTTGACAGAC	1
7611	7612	75	TTTGTACCGTGACTGTTTGACAGA	1
7612	653	77	TTTTGTACCGTGACTGTTTGACAG	1
653	654	79	CTTTTGTACCGTGACTGTTTGACA	1
654	655	79	CCTTTTGTACCGTGACTGTTTGAC	1
655	7616	77	TCCTTTTGTACCGTGACTGTTTGA	1
7616	7617	76	ATCCTTTTGTACCGTGACTGTTTG	1
7617	658	74	GATCCTTTTGTACCGTGACTGTTT	1
658	7619	74	CGATCCTTTTGTACCGTGACTGTT	1
7619	7620	73	GCGATCCTTTTGTACCGTGACTGT	1
7620	661	71	TGCGATCCTTTTGTACCGTGACTG	1
661	662	64	CTGCGATCCTTTTGTACCGTGACT	1
662	663	64	ACTGCGATCCTTTTGTACCGTGAC	1
663	664	63	CACTGCGATCCTTTTGTACCGTGA	1
664	665	65	CCACTGCGATCCTTTTGTACCGTG	1
665	666	66	ACCACTGCGATCCTTTTGTACCGT	1
666	667	66	CACCACTGCGATCCTTTTGTACCG	1
667	668	66	CCACCACTGCGATCCTTTTGTACC	1
668	669	69	TCCACCACTGCGATCCTTTTGTAC	1
669	670	63	CTCCACCACTGCGATCCTTTTGTA	1
670	7631	64	CCTCCACCACTGCGATCCTTTTGT	1
7631	672	67	ACCTCCACCACTGCGATCCTTTTG	1
672	673	69	AACCTCCACCACTGCGATCCTTTT	1
673	674	69	TAACCTCCACCACTGCGATCCTTT	1
674	675	66	CTAACCTCCACCACTGCGATCCTT	1
675	676	68	TCTAACCTCCACCACTGCGATCCT	1
676	677	68	ATCTAACCTCCACCACTGCGATCC	1
677	7638	68	CATCTAACCTCCACCACTGCGATC	1
7638	7639	69	GCATCTAACCTCCACCACTGCGAT	1
7639	680	66	AGCATCTAACCTCCACCACTGCGA	1
680	681	57	CAGCATCTAACCTCCACCACTGCG	1
681	7642	56	CCAGCATCTAACCTCCACCACTGC	1
7642	683	57	GCCAGCATCTAACCTCCACCACTG	1
683	684	60	TGCCAGCATCTAACCTCCACCACT	1
684	685	59	ATGCCAGCATCTAACCTCCACCAC	1
685	686	59	CATGCCAGCATCTAACCTCCACCA	1
686	687	58	CCATGCCAGCATCTAACCTCCACC	1
687	688	64	CCCATGCCAGCATCTAACCTCCAC	1
688	689	66	CCCCATGCCAGCATCTAACCTCCA	1
689	690	67	ACCCCATGCCAGCATCTAACCTCC	1
690	691	72	CACCCCATGCCAGCATCTAACCTC	1
691	692	78	TCACCCCATGCCAGCATCTAACCT	1
692	693	81	CTCACCCCATGCCAGCATCTAACC	1
693	694	83	TCTCACCCCATGCCAGCATCTAAC	1
694	7655	83	CTCTCACCCCATGCCAGCATCTAA	1
7655	7656	83	GCTCTCACCCCATGCCAGCATCTA	1
7656	697	80	GGCTCTCACCCCATGCCAGCATCT	1
697	698	82	TGGCTCTCACCCCATGCCAGCATC	1
698	699	82	CTGGCTCTCACCCCATGCCAGCAT	1
699	700	88	TCTGGCTCTCACCCCATGCCAGCA	1
700	7661	97	TTCTGGCTCTCACCCCATGCCAGC	1
7661	702	97	GTTCTGGCTCTCACCCCATGCCAG	1
702	703	102	CGTTCTGGCTCTCACCCCATGCCA	1
703	704	105	GCGTTCTGGCTCTCACCCCATGCC	1
704	7665	121	AGCGTTCTGGCTCTCACCCCATGC	1
7665	706	120	CAGCGTTCTGGCTCTCACCCCATG	1
706	707	128	CCAGCGTTCTGGCTCTCACCCCAT	1
707	708	151	CCCAGCGTTCTGGCTCTCACCCCA	1
708	709	155	ACCCAGCGTTCTGGCTCTCACCCC	1
709	710	155	CACCCAGCGTTCTGGCTCTCACCC	1
710	711	161	ACACCCAGCGTTCTGGCTCTCACC	1
711	712	194	CACACCCAGCGTTCTGGCTCTCAC	1
712	713	199	CCACACCCAGCGTTCTGGCTCTCA	1
713	714	205	TCCACACCCAGCGTTCTGGCTCTC	1
714	715	207	TTCCACACCCAGCGTTCTGGCTCT	1
715	716	211	TTTCCACACCCAGCGTTCTGGCTC	1
716	717	216	TTTTCCACACCCAGCGTTCTGGCT	1
717	7678	218	CTTTTCCACACCCAGCGTTCTGGC	1
7678	7679	230	TCTTTTCCACACCCAGCGTTCTGG	1
7679	720	233	TTCTTTTCCACACCCAGCGTTCTG	1
720	721	233	ATTCTTTTCCACACCCAGCGTTCT	1
721	7682	237	AATTCTTTTCCACACCCAGCGTTC	1
7682	7683	237	GAATTCTTTTCCACACCCAGCGTT	1
7683	7684	233	GGAATTCTTTTCCACACCCAGCGT	1
7684	725	232	GGGAATTCTTTTCCACACCCAGCG	1
725	7686	232	AGGGAATTCTTTTCCACACCCAGC	1
7686	727	232	TAGGGAATTCTTTTCCACACCCAG	1
727	728	231	CTAGGGAATTCTTTTCCACACCCA	1
728	729	232	CCTAGGGAATTCTTTTCCACACCC	1
729	730	229	ACCTAGGGAATTCTTTTCCACACC	1
730	7691	228	AACCTAGGGAATTCTTTTCCACAC	1
7691	732	229	AAACCTAGGGAATTCTTTTCCACA	1
732	733	230	AAAACCTAGGGAATTCTTTTCCAC	1
733	734	229	CAAAACCTAGGGAATTCTTTTCCA	1
734	735	226	CCAAAACCTAGGGAATTCTTTTCC	1
735	736	225	CCCAAAACCTAGGGAATTCTTTTC	1
736	737	224	TCCCAAAACCTAGGGAATTCTTTT	1
737	738	221	CTCCCAAAACCTAGGGAATTCTTT	1
738	739	221	CCTCCCAAAACCTAGGGAATTCTT	1
739	740	212	ACCTCCCAAAACCTAGGGAATTCT	1
740	7701	206	AACCTCCCAAAACCTAGGGAATTC	1
7701	7702	203	GAACCTCCCAAAACCTAGGGAATT	1
7702	743	195	AGAACCTCCCAAAACCTAGGGAAT	1
743	7704	190	CAGAACCTCCCAAAACCTAGGGAA	1
7704	7705	189	GCAGAACCTCCCAAAACCTAGGGA	1
7705	7706	186	GGCAGAACCTCCCAAAACCTAGGG	1
7706	7707	185	TGGCAGAACCTCCCAAAACCTAGG	1
7707	748	186	TTGGCAGAACCTCCCAAAACCTAG	1
748	749	183	TTTGGCAGAACCTCCCAAAACCTA	1
749	750	180	CTTTGGCAGAACCTCCCAAAACCT	1
750	751	180	TCTTTGGCAGAACCTCCCAAAACC	1
751	752	176	CTCTTTGGCAGAACCTCCCAAAAC	1
752	7713	165	CCTCTTTGGCAGAACCTCCCAAAA	1
7713	7714	165	ACCTCTTTGGCAGAACCTCCCAAA	1
7714	7715	161	AACCTCTTTGGCAGAACCTCCCAA	1
7715	756	157	AAACCTCTTTGGCAGAACCTCCCA	1
756	757	139	AAAACCTCTTTGGCAGAACCTCCC	1
757	758	136	TAAAACCTCTTTGGCAGAACCTCC	1
758	759	128	ATAAAACCTCTTTGGCAGAACCTC	1
759	760	103	AATAAAACCTCTTTGGCAGAACCT	1
760	761	97	CAATAAAACCTCTTTGGCAGAACC	1
761	7722	97	TCAATAAAACCTCTTTGGCAGAAC	1
7722	7723	92	GTCAATAAAACCTCTTTGGCAGAA	1
7723	7724	57	GGTCAATAAAACCTCTTTGGCAGA	1
7724	7725	53	TGGTCAATAAAACCTCTTTGGCAG	1
7725	766	48	ATGGTCAATAAAACCTCTTTGGCA	1
766	7727	45	AATGGTCAATAAAACCTCTTTGGC	1
7727	7728	40	AAATGGTCAATAAAACCTCTTTGG	1
7728	769	31	AAAATGGTCAATAAAACCTCTTTG	1
769	7730	29	AAAAATGGTCAATAAAACCTCTTT	1
7730	771	17	GAAAAATGGTCAATAAAACCTCTT	1
771	772	14	TGAAAAATGGTCAATAAAACCTCT	1
772	773	11	TTGAAAAATGGTCAATAAAACCTC	1
773	774	10	TTTGAAAAATGGTCAATAAAACCT	1
774	775	10	TTTTGAAAAATGGTCAATAAAACC	1
775	776	10	CTTTTGAAAAATGGTCAATAAAAC	1
776	777	10	TCTTTTGAAAAATGGTCAATAAAA	1
777	778	10	TTCTTTTGAAAAATGGTCAATAAA	1
778	779	9	TTTCTTTTGAAAAATGGTCAATAA	1
779	780	8	TTTTCTTTTGAAAAATGGTCAATA	1
780	781	8	TTTTTCTTTTGAAAAATGGTCAAT	1
781	782	8	TTTTTTCTTTTGAAAAATGGTCAA	1
782	783	8	TTTTTTTCTTTTGAAAAATGGTCA	1
783	784	8	TTTTTTTTCTTTTGAAAAATGGTC	1
784	7745	6	TTTTTTTTTCTTTTGAAAAATGGT	1
7745	7746	6	TTTTTTTTTTCTTTTGAAAAATGG	1
7746	787	6	TTTTTTTTTTTCTTTTGAAAAATG	1
787	7748	4	TTTTTTTTTTTTCTTTTGAAAAAT	1
7748	7749	4	TTTTTTTTTTTTTCTTTTGAAAAA	1
7749	7750	4	TTTTTTTTTTTTTTCTTTTGAAAA	1
7750	7751	0	TTTTTTTTTTTTTTTCTTTTGAAA	1
7751	7752	0	TTTTTTTTTTTTTTTTCTTTTGAA	1
7752	7753	0	TTTTTTTTTTTTTTTTTCTTTTGA	1
7753	794	0	TTTTTTTTTTTTTTTTTTCTTTTG	1
794	795	0	TTTTTTTTTTTTTTTTTTTCTTTT	1
795	796	0	TTTTTTTTTTTTTTTTTTTTCTTT	1
796	797	0	TTTTTTTTTTTTTTTTTTTTTCTT	1
797	798	0	TTTTTTTTTTTTTTTTTTTTTTCT	1
798	799	0	TTTTTTTTTTTTTTTTTTTTTTTC	1
799	799	0	TTTTTTTTTTTTTTTTTTTTTTTT	1
799	800	0	TTTTTTTTTTTTTTTTTTTTTTTT	1
800	801	0	CTTTTTTTTTTTTTTTTTTTTTTT	1
801	802	0	TCTTTTTTTTTTTTTTTTTTTTTT	1
802	803	0	TTCTTTTTTTTTTTTTTTTTTTTT	1
803	804	0	TTTCTTTTTTTTTTTTTTTTTTTT	1
804	805	0	TTTTCTTTTTTTTTTTTTTTTTTT	1
805	806	0	TTTTTCTTTTTTTTTTTTTTTTTT	1
806	807	0	CTTTTTCTTTTTTTTTTTTTTTTT	1
807	808	0	TCTTTTTCTTTTTTTTTTTTTTTT	1
808	809	0	TTCTTTTTCTTTTTTTTTTTTTTT	1
809	810	0	TTTCTTTTTCTTTTTTTTTTTTTT	1
810	811	0	TTTTCTTTTTCTTTTTTTTTTTTT	1
811	812	0	TTTTTCTTTTTCTTTTTTTTTTTT	1
812	813	0	TTTTTTCTTTTTCTTTTTTTTTTT	1
813	814	0	TTTTTTTCTTTTTCTTTTTTTTTT	1
814	815	0	TTTTTTTTCTTTTTCTTTTTTTTT	1
815	816	0	TTTTTTTTTCTTTTTCTTTTTTTT	1
816	817	0	CTTTTTTTTTCTTTTTCTTTTTTT	1
817	818	0	CCTTTTTTTTTCTTTTTCTTTTTT	1
818	7779	0	ACCTTTTTTTTTCTTTTTCTTTTT	1
7779	7780	11	GACCTTTTTTTTTCTTTTTCTTTT	1
7780	821	12	AGACCTTTTTTTTTCTTTTTCTTT	1
821	822	12	AAGACCTTTTTTTTTCTTTTTCTT	1
822	823	12	CAAGACCTTTTTTTTTCTTTTTCT	1
823	824	12	TCAAGACCTTTTTTTTTCTTTTTC	1
824	825	12	CTCAAGACCTTTTTTTTTCTTTTT	1
825	826	14	CCTCAAGACCTTTTTTTTTCTTTT	1
826	827	17	ACCTCAAGACCTTTTTTTTTCTTT	1
827	828	20	AACCTCAAGACCTTTTTTTTTCTT	1
828	829	20	CAACCTCAAGACCTTTTTTTTTCT	1
829	830	20	TCAACCTCAAGACCTTTTTTTTTC	1
830	831	21	ATCAACCTCAAGACCTTTTTTTTT	1
831	832	22	TATCAACCTCAAGACCTTTTTTTT	1
832	833	23	TTATCAACCTCAAGACCTTTTTTT	1
833	834	24	TTTATCAACCTCAAGACCTTTTTT	1
834	835	26	ATTTATCAACCTCAAGACCTTTTT	1
835	836	27	CATTTATCAACCTCAAGACCTTTT	1
836	837	31	CCATTTATCAACCTCAAGACCTTT	1
837	838	35	TCCATTTATCAACCTCAAGACCTT	1
838	839	35	CTCCATTTATCAACCTCAAGACCT	1
839	840	36	TCTCCATTTATCAACCTCAAGACC	1
840	7801	43	GTCTCCATTTATCAACCTCAAGAC	1
7801	7802	43	GGTCTCCATTTATCAACCTCAAGA	1
7802	843	53	AGGTCTCCATTTATCAACCTCAAG	1
843	7804	55	CAGGTCTCCATTTATCAACCTCAA	1
7804	845	61	ACAGGTCTCCATTTATCAACCTCA	1
845	846	63	GACAGGTCTCCATTTATCAACCTC	1
846	847	63	AGACAGGTCTCCATTTATCAACCT	1
847	7808	72	AAGACAGGTCTCCATTTATCAACC	1
7808	7809	91	GAAGACAGGTCTCCATTTATCAAC	1
7809	7810	92	AGAAGACAGGTCTCCATTTATCAA	1
7810	851	109	AAGAAGACAGGTCTCCATTTATCA	1
851	852	132	AAAGAAGACAGGTCTCCATTTATC	1
852	7813	136	CAAAGAAGACAGGTCTCCATTTAT	1
7813	854	139	ACAAAGAAGACAGGTCTCCATTTA	1
854	855	140	AACAAAGAAGACAGGTCTCCATTT	1
855	856	139	CAACAAAGAAGACAGGTCTCCATT	1
856	7817	142	ACAACAAAGAAGACAGGTCTCCAT	1
7817	858	145	AACAACAAAGAAGACAGGTCTCCA	1
858	859	147	CAACAACAAAGAAGACAGGTCTCC	1
859	860	148	ACAACAACAAAGAAGACAGGTCTC	1
860	7821	149	AACAACAACAAAGAAGACAGGTCT	1
7821	7822	151	GAACAACAACAAAGAAGACAGGTC	1
7822	7823	152	GGAACAACAACAAAGAAGACAGGT	1
7823	7824	152	TGGAACAACAACAAAGAAGACAGG	1
7824	865	150	CTGGAACAACAACAAAGAAGACAG	1
865	866	150	TCTGGAACAACAACAAAGAAGACA	1
866	867	150	TTCTGGAACAACAACAAAGAAGAC	1
867	7828	150	CTTCTGGAACAACAACAAAGAAGA	1
7828	7829	153	GCTTCTGGAACAACAACAAAGAAG	1
7829	7830	153	GGCTTCTGGAACAACAACAAAGAA	1
7830	7831	151	GGGCTTCTGGAACAACAACAAAGA	1
7831	7832	152	AGGGCTTCTGGAACAACAACAAAG	1
7832	7833	153	AAGGGCTTCTGGAACAACAACAAA	1
7833	7834	155	TAAGGGCTTCTGGAACAACAACAA	1
7834	875	158	ATAAGGGCTTCTGGAACAACAACA	1
875	876	157	CATAAGGGCTTCTGGAACAACAAC	1
876	877	157	TCATAAGGGCTTCTGGAACAACAA	1
877	878	155	CTCATAAGGGCTTCTGGAACAACA	1
878	7839	152	GCTCATAAGGGCTTCTGGAACAAC	1
7839	880	149	AGCTCATAAGGGCTTCTGGAACAA	1
880	881	148	TAGCTCATAAGGGCTTCTGGAACA	1
881	7842	149	ATAGCTCATAAGGGCTTCTGGAAC	1
7842	883	150	AATAGCTCATAAGGGCTTCTGGAA	1
883	7844	149	CAATAGCTCATAAGGGCTTCTGGA	1
7844	7845	148	ACAATAGCTCATAAGGGCTTCTGG	1
7845	886	148	TACAATAGCTCATAAGGGCTTCTG	1
886	887	145	CTACAATAGCTCATAAGGGCTTCT	1
887	7848	142	CCTACAATAGCTCATAAGGGCTTC	1
7848	7849	140	GCCTACAATAGCTCATAAGGGCTT	1
7849	890	137	AGCCTACAATAGCTCATAAGGGCT	1
890	7851	137	TAGCCTACAATAGCTCATAAGGGC	1
7851	7852	137	ATAGCCTACAATAGCTCATAAGGG	1
7852	7853	130	CATAGCCTACAATAGCTCATAAGG	1
7853	7854	130	GCATAGCCTACAATAGCTCATAAG	1
7854	7855	121	AGCATAGCCTACAATAGCTCATAA	1
7855	896	121	GAGCATAGCCTACAATAGCTCATA	1
896	897	114	TGAGCATAGCCTACAATAGCTCAT	1
897	898	110	CTGAGCATAGCCTACAATAGCTCA	1
898	899	108	ACTGAGCATAGCCTACAATAGCTC	1
899	900	105	TACTGAGCATAGCCTACAATAGCT	1
900	7861	88	ATACTGAGCATAGCCTACAATAGC	1
7861	7862	89	AATACTGAGCATAGCCTACAATAG	1
7862	903	72	TAATACTGAGCATAGCCTACAATA	1
903	904	47	CTAATACTGAGCATAGCCTACAAT	1
904	905	44	CCTAATACTGAGCATAGCCTACAA	1
905	906	46	TCCTAATACTGAGCATAGCCTACA	1
906	907	54	TTCCTAATACTGAGCATAGCCTAC	1
907	908	53	TTTCCTAATACTGAGCATAGCCTA	1
908	909	54	TTTTCCTAATACTGAGCATAGCCT	1
909	7870	63	GTTTTCCTAATACTGAGCATAGCC	1
7870	7871	64	GGTTTTCCTAATACTGAGCATAGC	1
7871	7872	65	GGGTTTTCCTAATACTGAGCATAG	1
7872	7873	65	GGGGTTTTCCTAATACTGAGCATA	1
7873	914	64	AGGGGTTTTCCTAATACTGAGCAT	1
914	915	64	CAGGGGTTTTCCTAATACTGAGCA	1
915	7876	65	TCAGGGGTTTTCCTAATACTGAGC	1
7876	7877	66	TTCAGGGGTTTTCCTAATACTGAG	1
7877	7878	67	ATTCAGGGGTTTTCCTAATACTGA	1
7878	919	67	TATTCAGGGGTTTTCCTAATACTG	1
919	920	67	TTATTCAGGGGTTTTCCTAATACT	1
920	7881	63	GTTATTCAGGGGTTTTCCTAATAC	1
7881	922	62	AGTTATTCAGGGGTTTTCCTAATA	1
922	923	62	TAGTTATTCAGGGGTTTTCCTAAT	1
923	924	62	CTAGTTATTCAGGGGTTTTCCTAA	1
924	925	61	TCTAGTTATTCAGGGGTTTTCCTA	1
925	926	60	TTCTAGTTATTCAGGGGTTTTCCT	1
926	927	58	CTTCTAGTTATTCAGGGGTTTTCC	1
927	928	58	TCTTCTAGTTATTCAGGGGTTTTC	1
928	929	58	ATCTTCTAGTTATTCAGGGGTTTT	1
929	7890	60	CATCTTCTAGTTATTCAGGGGTTT	1
7890	931	58	GCATCTTCTAGTTATTCAGGGGTT	1
931	7892	60	TGCATCTTCTAGTTATTCAGGGGT	1
7892	7893	60	CTGCATCTTCTAGTTATTCAGGGG	1
7893	7894	59	GCTGCATCTTCTAGTTATTCAGGG	1
7894	935	59	TGCTGCATCTTCTAGTTATTCAGG	1
935	936	62	CTGCTGCATCTTCTAGTTATTCAG	1
936	937	62	TCTGCTGCATCTTCTAGTTATTCA	1
937	938	61	TTCTGCTGCATCTTCTAGTTATTC	1
938	939	62	TTTCTGCTGCATCTTCTAGTTATT	1
939	940	62	CTTTCTGCTGCATCTTCTAGTTAT	1
940	941	61	CCTTTCTGCTGCATCTTCTAGTTA	1
941	942	61	TCCTTTCTGCTGCATCTTCTAGTT	1
942	7903	61	TTCCTTTCTGCTGCATCTTCTAGT	1
7903	944	61	ATTCCTTTCTGCTGCATCTTCTAG	1
944	945	62	CATTCCTTTCTGCTGCATCTTCTA	1
945	946	62	CCATTCCTTTCTGCTGCATCTTCT	1
946	947	64	TCCATTCCTTTCTGCTGCATCTTC	1
947	948	62	CTCCATTCCTTTCTGCTGCATCTT	1
948	949	62	CCTCCATTCCTTTCTGCTGCATCT	1
949	950	62	TCCTCCATTCCTTTCTGCTGCATC	1
950	7911	63	ATCCTCCATTCCTTTCTGCTGCAT	1
7911	7912	63	AATCCTCCATTCCTTTCTGCTGCA	1
7912	7913	64	GAATCCTCCATTCCTTTCTGCTGC	1
7913	7914	65	GGAATCCTCCATTCCTTTCTGCTG	1
7914	955	65	GGGAATCCTCCATTCCTTTCTGCT	1
955	956	69	TGGGAATCCTCCATTCCTTTCTGC	1
956	957	70	CTGGGAATCCTCCATTCCTTTCTG	1
957	958	69	TCTGGGAATCCTCCATTCCTTTCT	1
958	959	61	CTCTGGGAATCCTCCATTCCTTTC	1
959	960	57	TCTCTGGGAATCCTCCATTCCTTT	1
960	961	52	ATCTCTGGGAATCCTCCATTCCTT	1
961	962	47	AATCTCTGGGAATCCTCCATTCCT	1
962	963	43	CAATCTCTGGGAATCCTCCATTCC	1
963	7924	40	CCAATCTCTGGGAATCCTCCATTC	1
7924	965	40	GCCAATCTCTGGGAATCCTCCATT	1
965	966	42	TGCCAATCTCTGGGAATCCTCCAT	1
966	967	42	TTGCCAATCTCTGGGAATCCTCCA	1
967	968	46	TTTGCCAATCTCTGGGAATCCTCC	1
968	969	47	CTTTGCCAATCTCTGGGAATCCTC	1
969	970	46	ACTTTGCCAATCTCTGGGAATCCT	1
970	971	47	CACTTTGCCAATCTCTGGGAATCC	1
971	7932	47	ACACTTTGCCAATCTCTGGGAATC	1
7932	7933	47	GACACTTTGCCAATCTCTGGGAAT	1
7933	7934	49	TGACACTTTGCCAATCTCTGGGAA	1
7934	7935	49	TTGACACTTTGCCAATCTCTGGGA	1
7935	7936	51	GTTGACACTTTGCCAATCTCTGGG	1
7936	7937	55	AGTTGACACTTTGCCAATCTCTGG	1
7937	978	54	TAGTTGACACTTTGCCAATCTCTG	1
978	979	53	TTAGTTGACACTTTGCCAATCTCT	1
979	980	54	TTTAGTTGACACTTTGCCAATCTC	1
980	981	53	TTTTAGTTGACACTTTGCCAATCT	1
981	982	51	GTTTTAGTTGACACTTTGCCAATC	1
982	983	52	TGTTTTAGTTGACACTTTGCCAAT	1
983	7944	53	CTGTTTTAGTTGACACTTTGCCAA	1
7944	985	57	ACTGTTTTAGTTGACACTTTGCCA	1
985	986	61	CACTGTTTTAGTTGACACTTTGCC	1
986	7947	61	GCACTGTTTTAGTTGACACTTTGC	1
7947	988	58	AGCACTGTTTTAGTTGACACTTTG	1
988	989	57	CAGCACTGTTTTAGTTGACACTTT	1
989	990	57	CCAGCACTGTTTTAGTTGACACTT	1
990	991	58	CCCAGCACTGTTTTAGTTGACACT	1
991	992	59	CCCCAGCACTGTTTTAGTTGACAC	1
992	993	60	TCCCCAGCACTGTTTTAGTTGACA	1
993	7954	63	GTCCCCAGCACTGTTTTAGTTGAC	1
7954	7955	64	AGTCCCCAGCACTGTTTTAGTTGA	1
7955	996	67	CAGTCCCCAGCACTGTTTTAGTTG	1
996	997	67	ACAGTCCCCAGCACTGTTTTAGTT	1
997	998	69	CACAGTCCCCAGCACTGTTTTAGT	1
998	7959	68	CCACAGTCCCCAGCACTGTTTTAG	1
7959	1000	69	ACCACAGTCCCCAGCACTGTTTTA	1
1000	1001	70	CACCACAGTCCCCAGCACTGTTTT	1
1001	1002	71	ACACCACAGTCCCCAGCACTGTTT	1
1002	1003	70	CACACCACAGTCCCCAGCACTGTT	1
1003	7964	68	CCACACCACAGTCCCCAGCACTGT	1
7964	1005	65	GCCACACCACAGTCCCCAGCACTG	1
1005	1006	63	CGCCACACCACAGTCCCCAGCACT	1
1006	1007	63	TCGCCACACCACAGTCCCCAGCAC	1
1007	1008	58	CTCGCCACACCACAGTCCCCAGCA	1
1008	7969	58	ACTCGCCACACCACAGTCCCCAGC	1
7969	7970	62	CACTCGCCACACCACAGTCCCCAG	1
7970	1011	63	ACACTCGCCACACCACAGTCCCCA	1
1011	1012	65	CACACTCGCCACACCACAGTCCCC	1
1012	1013	65	TCACACTCGCCACACCACAGTCCC	1
1013	1014	65	CTCACACTCGCCACACCACAGTCC	1
1014	1015	68	ACTCACACTCGCCACACCACAGTC	1
1015	1016	68	CACTCACACTCGCCACACCACAGT	1
1016	1017	68	CCACTCACACTCGCCACACCACAG	1
1017	1018	66	CCCACTCACACTCGCCACACCACA	1
1018	1019	68	GCCCACTCACACTCGCCACACCAC	1
1019	1020	67	TGCCCACTCACACTCGCCACACCA	1
1020	1021	67	ATGCCCACTCACACTCGCCACACC	1
1021	1022	73	CATGCCCACTCACACTCGCCACAC	1
1022	1023	74	TCATGCCCACTCACACTCGCCACA	1
1023	7984	79	CTCATGCCCACTCACACTCGCCAC	1
7984	1025	79	ACTCATGCCCACTCACACTCGCCA	1
1025	1026	83	CACTCATGCCCACTCACACTCGCC	1
1026	1027	85	ACACTCATGCCCACTCACACTCGC	1
1027	1028	83	CACACTCATGCCCACTCACACTCG	1
1028	1029	81	CCACACTCATGCCCACTCACACTC	1
1029	1030	82	ACCACACTCATGCCCACTCACACT	1
1030	1031	85	CACCACACTCATGCCCACTCACAC	1
1031	1032	85	CCACCACACTCATGCCCACTCACA	1
1032	1033	88	GCCACCACACTCATGCCCACTCAC	1
1033	1034	87	TGCCACCACACTCATGCCCACTCA	1
1034	1035	87	TTGCCACCACACTCATGCCCACTC	1
1035	1036	84	CTTGCCACCACACTCATGCCCACT	1
1036	1037	80	TCTTGCCACCACACTCATGCCCAC	1
1037	1038	76	CTCTTGCCACCACACTCATGCCCA	1
1038	1039	75	GCTCTTGCCACCACACTCATGCCC	1
1039	1040	77	GGCTCTTGCCACCACACTCATGCC	1
1040	8001	77	TGGCTCTTGCCACCACACTCATGC	1
8001	1042	77	TTGGCTCTTGCCACCACACTCATG	1
1042	8003	78	CTTGGCTCTTGCCACCACACTCAT	1
8003	1044	81	GCTTGGCTCTTGCCACCACACTCA	1
1044	8005	82	AGCTTGGCTCTTGCCACCACACTC	1
8005	1046	79	GAGCTTGGCTCTTGCCACCACACT	1
1046	8007	78	TGAGCTTGGCTCTTGCCACCACAC	1
8007	1048	74	GTGAGCTTGGCTCTTGCCACCACA	1
1048	1049	73	AGTGAGCTTGGCTCTTGCCACCAC	1
1049	1050	73	CAGTGAGCTTGGCTCTTGCCACCA	1
1050	1051	75	CCAGTGAGCTTGGCTCTTGCCACC	1
1051	8012	78	GCCAGTGAGCTTGGCTCTTGCCAC	1
8012	1053	77	AGCCAGTGAGCTTGGCTCTTGCCA	1
1053	8014	81	GAGCCAGTGAGCTTGGCTCTTGCC	1
8014	8015	83	GGAGCCAGTGAGCTTGGCTCTTGC	1
8015	1056	79	GGGAGCCAGTGAGCTTGGCTCTTG	1
1056	1057	80	TGGGAGCCAGTGAGCTTGGCTCTT	1
1057	1058	81	TTGGGAGCCAGTGAGCTTGGCTCT	1
1058	1059	82	GTTGGGAGCCAGTGAGCTTGGCTC	1
1059	1060	83	TGTTGGGAGCCAGTGAGCTTGGCT	1
1060	8021	80	CTGTTGGGAGCCAGTGAGCTTGGC	1
8021	8022	77	ACTGTTGGGAGCCAGTGAGCTTGG	1
8022	1063	75	GACTGTTGGGAGCCAGTGAGCTTG	1
1063	1064	74	TGACTGTTGGGAGCCAGTGAGCTT	1
1064	1065	77	CTGACTGTTGGGAGCCAGTGAGCT	1
1065	8026	76	ACTGACTGTTGGGAGCCAGTGAGC	1
8026	8027	73	AACTGACTGTTGGGAGCCAGTGAG	1
8027	8028	74	GAACTGACTGTTGGGAGCCAGTGA	1
8028	8029	74	AGAACTGACTGTTGGGAGCCAGTG	1
8029	8030	75	GAGAACTGACTGTTGGGAGCCAGT	1
8030	1071	73	CGAGAACTGACTGTTGGGAGCCAG	1
1071	1072	72	TCGAGAACTGACTGTTGGGAGCCA	1
1072	1073	70	TTCGAGAACTGACTGTTGGGAGCC	1
1073	1074	70	CTTCGAGAACTGACTGTTGGGAGC	1
1074	8035	67	CCTTCGAGAACTGACTGTTGGGAG	1
8035	8036	66	ACCTTCGAGAACTGACTGTTGGGA	1
8036	8037	66	TACCTTCGAGAACTGACTGTTGGG	1
8037	1078	61	CTACCTTCGAGAACTGACTGTTGG	1
1078	1079	58	CCTACCTTCGAGAACTGACTGTTG	1
1079	8040	60	TCCTACCTTCGAGAACTGACTGTT	1
8040	8041	65	GTCCTACCTTCGAGAACTGACTGT	1
8041	1082	65	AGTCCTACCTTCGAGAACTGACTG	1
1082	1083	66	CAGTCCTACCTTCGAGAACTGACT	1
1083	1084	65	CCAGTCCTACCTTCGAGAACTGAC	1
1084	8045	63	CCCAGTCCTACCTTCGAGAACTGA	1
8045	1086	63	ACCCAGTCCTACCTTCGAGAACTG	1
1086	1087	63	TACCCAGTCCTACCTTCGAGAACT	1
1087	1088	64	TTACCCAGTCCTACCTTCGAGAAC	1
1088	1089	65	CTTACCCAGTCCTACCTTCGAGAA	1
1089	8050	65	CCTTACCCAGTCCTACCTTCGAGA	1
8050	8051	72	GCCTTACCCAGTCCTACCTTCGAG	1
8051	8052	70	GGCCTTACCCAGTCCTACCTTCGA	1
8052	8053	73	AGGCCTTACCCAGTCCTACCTTCG	1
8053	1094	73	GAGGCCTTACCCAGTCCTACCTTC	1
1094	8055	74	CGAGGCCTTACCCAGTCCTACCTT	1
8055	1096	72	GCGAGGCCTTACCCAGTCCTACCT	1
1096	1097	72	TGCGAGGCCTTACCCAGTCCTACC	1
1097	8058	71	CTGCGAGGCCTTACCCAGTCCTAC	1
8058	1099	71	ACTGCGAGGCCTTACCCAGTCCTA	1
1099	1100	73	AACTGCGAGGCCTTACCCAGTCCT	1
1100	8061	76	GAACTGCGAGGCCTTACCCAGTCC	1
8061	8062	74	GGAACTGCGAGGCCTTACCCAGTC	1
8062	8063	73	AGGAACTGCGAGGCCTTACCCAGT	1
8063	8064	70	GAGGAACTGCGAGGCCTTACCCAG	1
8064	1105	71	GGAGGAACTGCGAGGCCTTACCCA	1
1105	1106	69	TGGAGGAACTGCGAGGCCTTACCC	1
1106	1107	68	TTGGAGGAACTGCGAGGCCTTACC	1
1107	1108	70	CTTGGAGGAACTGCGAGGCCTTAC	1
1108	8069	69	CCTTGGAGGAACTGCGAGGCCTTA	1
8069	1110	68	GCCTTGGAGGAACTGCGAGGCCTT	1
1110	1111	68	CGCCTTGGAGGAACTGCGAGGCCT	1
1111	1112	67	ACGCCTTGGAGGAACTGCGAGGCC	1
1112	8073	67	TACGCCTTGGAGGAACTGCGAGGC	1
8073	8074	67	CTACGCCTTGGAGGAACTGCGAGG	1
8074	8075	68	ACTACGCCTTGGAGGAACTGCGAG	1
8075	8076	69	GACTACGCCTTGGAGGAACTGCGA	1
8076	1117	64	GGACTACGCCTTGGAGGAACTGCG	1
1117	8078	64	AGGACTACGCCTTGGAGGAACTGC	1
8078	1119	65	GAGGACTACGCCTTGGAGGAACTG	1
1119	1120	65	TGAGGACTACGCCTTGGAGGAACT	1
1120	1121	66	CTGAGGACTACGCCTTGGAGGAAC	1
1121	8082	66	CCTGAGGACTACGCCTTGGAGGAA	1
8082	8083	71	GCCTGAGGACTACGCCTTGGAGGA	1
8083	8084	72	TGCCTGAGGACTACGCCTTGGAGG	1
8084	1125	74	ATGCCTGAGGACTACGCCTTGGAG	1
1125	1126	73	CATGCCTGAGGACTACGCCTTGGA	1
1126	1127	75	CCATGCCTGAGGACTACGCCTTGG	1
1127	1128	73	CCCATGCCTGAGGACTACGCCTTG	1
1128	1129	74	CCCCATGCCTGAGGACTACGCCTT	1
1129	1130	74	TCCCCATGCCTGAGGACTACGCCT	1
1130	1131	76	CTCCCCATGCCTGAGGACTACGCC	1
1131	8092	76	GCTCCCCATGCCTGAGGACTACGC	1
8092	1133	73	GGCTCCCCATGCCTGAGGACTACG	1
1133	1134	75	AGGCTCCCCATGCCTGAGGACTAC	1
1134	8095	75	CAGGCTCCCCATGCCTGAGGACTA	1
8095	8096	75	GCAGGCTCCCCATGCCTGAGGACT	1
8096	8097	76	GGCAGGCTCCCCATGCCTGAGGAC	1
8097	8098	75	TGGCAGGCTCCCCATGCCTGAGGA	1
8098	8099	76	TTGGCAGGCTCCCCATGCCTGAGG	1
8099	1140	80	ATTGGCAGGCTCCCCATGCCTGAG	1
1140	8101	77	CATTGGCAGGCTCCCCATGCCTGA	1
8101	1142	74	ACATTGGCAGGCTCCCCATGCCTG	1
1142	1143	68	CACATTGGCAGGCTCCCCATGCCT	1
1143	1144	70	CCACATTGGCAGGCTCCCCATGCC	1
1144	1145	66	CCCACATTGGCAGGCTCCCCATGC	1
1145	1146	67	CCCCACATTGGCAGGCTCCCCATG	1
1146	1147	63	TCCCCACATTGGCAGGCTCCCCAT	1
1147	1148	61	CTCCCCACATTGGCAGGCTCCCCA	1
1148	1149	73	GCTCCCCACATTGGCAGGCTCCCC	1
1149	1150	74	GGCTCCCCACATTGGCAGGCTCCC	1
1150	1151	73	TGGCTCCCCACATTGGCAGGCTCC	1
1151	1152	74	TTGGCTCCCCACATTGGCAGGCTC	1
1152	1153	71	TTTGGCTCCCCACATTGGCAGGCT	1
1153	8114	73	TTTTGGCTCCCCACATTGGCAGGC	1
8114	8115	73	CTTTTGGCTCCCCACATTGGCAGG	1
8115	8116	71	TCTTTTGGCTCCCCACATTGGCAG	1
8116	1157	70	GTCTTTTGGCTCCCCACATTGGCA	1
1157	8118	68	CGTCTTTTGGCTCCCCACATTGGC	1
8118	8119	67	GCGTCTTTTGGCTCCCCACATTGG	1
8119	1160	67	TGCGTCTTTTGGCTCCCCACATTG	1
1160	1161	68	TTGCGTCTTTTGGCTCCCCACATT	1
1161	1162	68	TTTGCGTCTTTTGGCTCCCCACAT	1
1162	1163	70	CTTTGCGTCTTTTGGCTCCCCACA	1
1163	1164	72	CCTTTGCGTCTTTTGGCTCCCCAC	1
1164	1165	74	CCCTTTGCGTCTTTTGGCTCCCCA	1
1165	1166	80	TCCCTTTGCGTCTTTTGGCTCCCC	1
1166	1167	80	GTCCCTTTGCGTCTTTTGGCTCCC	1
1167	8128	81	AGTCCCTTTGCGTCTTTTGGCTCC	1
8128	1169	82	GAGTCCCTTTGCGTCTTTTGGCTC	1
1169	8130	83	CGAGTCCCTTTGCGTCTTTTGGCT	1
8130	8131	86	GCGAGTCCCTTTGCGTCTTTTGGC	1
8131	8132	85	AGCGAGTCCCTTTGCGTCTTTTGG	1
8132	1173	86	CAGCGAGTCCCTTTGCGTCTTTTG	1
1173	1174	89	TCAGCGAGTCCCTTTGCGTCTTTT	1
1174	1175	85	CTCAGCGAGTCCCTTTGCGTCTTT	1
1175	1176	84	CCTCAGCGAGTCCCTTTGCGTCTT	1
1176	1177	81	CCCTCAGCGAGTCCCTTTGCGTCT	1
1177	8138	81	ACCCTCAGCGAGTCCCTTTGCGTC	1
8138	8139	82	GACCCTCAGCGAGTCCCTTTGCGT	1
8139	1180	83	AGACCCTCAGCGAGTCCCTTTGCG	1
1180	1181	82	CAGACCCTCAGCGAGTCCCTTTGC	1
1181	8142	82	CCAGACCCTCAGCGAGTCCCTTTG	1
8142	1183	81	GCCAGACCCTCAGCGAGTCCCTTT	1
1183	1184	77	CGCCAGACCCTCAGCGAGTCCCTT	1
1184	1185	75	ACGCCAGACCCTCAGCGAGTCCCT	1
1185	1186	73	AACGCCAGACCCTCAGCGAGTCCC	1
1186	1187	72	CAACGCCAGACCCTCAGCGAGTCC	1
1187	1188	74	TCAACGCCAGACCCTCAGCGAGTC	1
1188	8149	72	CTCAACGCCAGACCCTCAGCGAGT	1
8149	8150	74	ACTCAACGCCAGACCCTCAGCGAG	1
8150	1191	74	AACTCAACGCCAGACCCTCAGCGA	1
1191	1192	71	CAACTCAACGCCAGACCCTCAGCG	1
1192	8153	73	CCAACTCAACGCCAGACCCTCAGC	1
8153	1194	73	TCCAACTCAACGCCAGACCCTCAG	1
1194	1195	69	CTCCAACTCAACGCCAGACCCTCA	1
1195	1196	65	CCTCCAACTCAACGCCAGACCCTC	1
1196	1197	65	ACCTCCAACTCAACGCCAGACCCT	1
1197	1198	64	CACCTCCAACTCAACGCCAGACCC	1
1198	1199	66	CCACCTCCAACTCAACGCCAGACC	1
1199	8160	68	GCCACCTCCAACTCAACGCCAGAC	1
8160	8161	68	TGCCACCTCCAACTCAACGCCAGA	1
8161	8162	73	ATGCCACCTCCAACTCAACGCCAG	1
8162	1203	75	GATGCCACCTCCAACTCAACGCCA	1
1203	1204	77	TGATGCCACCTCCAACTCAACGCC	1
1204	1205	81	CTGATGCCACCTCCAACTCAACGC	1
1205	1206	81	CCTGATGCCACCTCCAACTCAACG	1
1206	1207	82	TCCTGATGCCACCTCCAACTCAAC	1
1207	8168	82	CTCCTGATGCCACCTCCAACTCAA	1
8168	1209	82	GCTCCTGATGCCACCTCCAACTCA	1
1209	1210	81	TGCTCCTGATGCCACCTCCAACTC	1
1210	1211	84	ATGCTCCTGATGCCACCTCCAACT	1
1211	8172	85	CATGCTCCTGATGCCACCTCCAAC	1
8172	8173	93	GCATGCTCCTGATGCCACCTCCAA	1
8173	1214	95	AGCATGCTCCTGATGCCACCTCCA	1
1214	1215	96	CAGCATGCTCCTGATGCCACCTCC	1
1215	1216	94	TCAGCATGCTCCTGATGCCACCTC	1
1216	1217	91	TTCAGCATGCTCCTGATGCCACCT	1
1217	1218	96	CTTCAGCATGCTCCTGATGCCACC	1
1218	8179	99	CCTTCAGCATGCTCCTGATGCCAC	1
8179	1220	96	GCCTTCAGCATGCTCCTGATGCCA	1
1220	8181	101	AGCCTTCAGCATGCTCCTGATGCC	1
8181	8182	103	GAGCCTTCAGCATGCTCCTGATGC	1
8182	1223	105	TGAGCCTTCAGCATGCTCCTGATG	1
1223	8184	106	CTGAGCCTTCAGCATGCTCCTGAT	1
8184	8185	103	GCTGAGCCTTCAGCATGCTCCTGA	1
8185	8186	102	TGCTGAGCCTTCAGCATGCTCCTG	1
8186	1227	103	GTGCTGAGCCTTCAGCATGCTCCT	1
1227	1228	104	AGTGCTGAGCCTTCAGCATGCTCC	1
1228	8189	105	TAGTGCTGAGCCTTCAGCATGCTC	1
8189	8190	106	GTAGTGCTGAGCCTTCAGCATGCT	1
8190	8191	109	GGTAGTGCTGAGCCTTCAGCATGC	1
8191	1232	107	GGGTAGTGCTGAGCCTTCAGCATG	1
1232	8193	110	CGGGTAGTGCTGAGCCTTCAGCAT	1
8193	1234	111	GCGGGTAGTGCTGAGCCTTCAGCA	1
1234	1235	115	TGCGGGTAGTGCTGAGCCTTCAGC	1
1235	8196	115	CTGCGGGTAGTGCTGAGCCTTCAG	1
8196	1237	116	ACTGCGGGTAGTGCTGAGCCTTCA	1
1237	1238	117	TACTGCGGGTAGTGCTGAGCCTTC	1
1238	1239	118	TTACTGCGGGTAGTGCTGAGCCTT	1
1239	1240	119	CTTACTGCGGGTAGTGCTGAGCCT	1
1240	1241	120	ACTTACTGCGGGTAGTGCTGAGCC	1
1241	8202	117	AACTTACTGCGGGTAGTGCTGAGC	1
8202	1243	111	CAACTTACTGCGGGTAGTGCTGAG	1
1243	8204	112	CCAACTTACTGCGGGTAGTGCTGA	1
8204	1245	110	GCCAACTTACTGCGGGTAGTGCTG	1
1245	1246	110	AGCCAACTTACTGCGGGTAGTGCT	1
1246	8207	109	TAGCCAACTTACTGCGGGTAGTGC	1
8207	8208	108	GTAGCCAACTTACTGCGGGTAGTG	1
8208	8209	108	GGTAGCCAACTTACTGCGGGTAGT	1
8209	1250	106	GGGTAGCCAACTTACTGCGGGTAG	1
1250	8211	104	CGGGTAGCCAACTTACTGCGGGTA	1
8211	8212	103	GCGGGTAGCCAACTTACTGCGGGT	1
8212	8213	100	AGCGGGTAGCCAACTTACTGCGGG	1
8213	1254	96	AAGCGGGTAGCCAACTTACTGCGG	1
1254	1255	93	CAAGCGGGTAGCCAACTTACTGCG	1
1255	8216	94	CCAAGCGGGTAGCCAACTTACTGC	1
8216	8217	93	GCCAAGCGGGTAGCCAACTTACTG	1
8217	1258	90	GGCCAAGCGGGTAGCCAACTTACT	1
1258	8219	89	TGGCCAAGCGGGTAGCCAACTTAC	1
8219	1260	89	ATGGCCAAGCGGGTAGCCAACTTA	1
1260	1261	91	TATGGCCAAGCGGGTAGCCAACTT	1
1261	8222	94	ATATGGCCAAGCGGGTAGCCAACT	1
8222	8223	93	GATATGGCCAAGCGGGTAGCCAAC	1
8223	1264	91	AGATATGGCCAAGCGGGTAGCCAA	1
1264	1265	86	CAGATATGGCCAAGCGGGTAGCCA	1
1265	1266	86	TCAGATATGGCCAAGCGGGTAGCC	1
1266	8227	84	ATCAGATATGGCCAAGCGGGTAGC	1
8227	1268	85	AATCAGATATGGCCAAGCGGGTAG	1
1268	1269	83	CAATCAGATATGGCCAAGCGGGTA	1
1269	8230	79	TCAATCAGATATGGCCAAGCGGGT	1
8230	8231	77	CTCAATCAGATATGGCCAAGCGGG	1
8231	8232	78	GCTCAATCAGATATGGCCAAGCGG	1
8232	1273	75	GGCTCAATCAGATATGGCCAAGCG	1
1273	8234	72	TGGCTCAATCAGATATGGCCAAGC	1
8234	1275	66	CTGGCTCAATCAGATATGGCCAAG	1
1275	8236	61	CCTGGCTCAATCAGATATGGCCAA	1
8236	1277	60	GCCTGGCTCAATCAGATATGGCCA	1
1277	1278	58	CGCCTGGCTCAATCAGATATGGCC	1
1278	8239	58	TCGCCTGGCTCAATCAGATATGGC	1
8239	8240	58	ATCGCCTGGCTCAATCAGATATGG	1
8240	8241	56	GATCGCCTGGCTCAATCAGATATG	1
8241	8242	56	GGATCGCCTGGCTCAATCAGATAT	1
8242	8243	51	AGGATCGCCTGGCTCAATCAGATA	1
8243	1284	52	AAGGATCGCCTGGCTCAATCAGAT	1
1284	1285	49	CAAGGATCGCCTGGCTCAATCAGA	1
1285	8246	48	CCAAGGATCGCCTGGCTCAATCAG	1
8246	1287	45	GCCAAGGATCGCCTGGCTCAATCA	1
1287	8248	45	TGCCAAGGATCGCCTGGCTCAATC	1
8248	8249	45	ATGCCAAGGATCGCCTGGCTCAAT	1
8249	1290	45	AATGCCAAGGATCGCCTGGCTCAA	1
1290	1291	44	CAATGCCAAGGATCGCCTGGCTCA	1
1291	1292	42	ACAATGCCAAGGATCGCCTGGCTC	1
1292	1293	42	TACAATGCCAAGGATCGCCTGGCT	1
1293	8254	42	TTACAATGCCAAGGATCGCCTGGC	1
8254	8255	42	GTTACAATGCCAAGGATCGCCTGG	1
8255	8256	41	TGTTACAATGCCAAGGATCGCCTG	1
8256	1297	41	GTGTTACAATGCCAAGGATCGCCT	1
1297	1298	43	CGTGTTACAATGCCAAGGATCGCC	1
1298	8259	45	CCGTGTTACAATGCCAAGGATCGC	1
8259	1300	45	TCCGTGTTACAATGCCAAGGATCG	1
1300	8261	46	TTCCGTGTTACAATGCCAAGGATC	1
8261	8262	47	ATTCCGTGTTACAATGCCAAGGAT	1
8262	8263	47	GATTCCGTGTTACAATGCCAAGGA	1
8263	8264	50	AGATTCCGTGTTACAATGCCAAGG	1
8264	8265	50	CAGATTCCGTGTTACAATGCCAAG	1
8265	8266	48	ACAGATTCCGTGTTACAATGCCAA	1
8266	1307	46	AACAGATTCCGTGTTACAATGCCA	1
1307	1308	44	GAACAGATTCCGTGTTACAATGCC	1
1308	8269	41	AGAACAGATTCCGTGTTACAATGC	1
8269	8270	43	TAGAACAGATTCCGTGTTACAATG	1
8270	8271	44	ATAGAACAGATTCCGTGTTACAAT	1
8271	8272	43	GATAGAACAGATTCCGTGTTACAA	1
8272	1313	41	GGATAGAACAGATTCCGTGTTACA	1
1313	1314	35	CGGATAGAACAGATTCCGTGTTAC	1
1314	1315	36	TCGGATAGAACAGATTCCGTGTTA	1
1315	8276	37	ATCGGATAGAACAGATTCCGTGTT	1
8276	8277	35	AATCGGATAGAACAGATTCCGTGT	1
8277	8278	35	CAATCGGATAGAACAGATTCCGTG	1
8278	8279	35	GCAATCGGATAGAACAGATTCCGT	1
8279	1320	35	TGCAATCGGATAGAACAGATTCCG	1
1320	1321	35	GTGCAATCGGATAGAACAGATTCC	1
1321	1322	35	TGTGCAATCGGATAGAACAGATTC	1
1322	1323	37	CTGTGCAATCGGATAGAACAGATT	1
1323	1324	36	ACTGTGCAATCGGATAGAACAGAT	1
1324	8285	37	CACTGTGCAATCGGATAGAACAGA	1
8285	1326	39	TCACTGTGCAATCGGATAGAACAG	1
1326	1327	40	TTCACTGTGCAATCGGATAGAACA	1
1327	8288	45	CTTCACTGTGCAATCGGATAGAAC	1
8288	8289	49	ACTTCACTGTGCAATCGGATAGAA	1
8289	8290	49	GACTTCACTGTGCAATCGGATAGA	1
8290	8291	53	TGACTTCACTGTGCAATCGGATAG	1
8291	8292	53	GTGACTTCACTGTGCAATCGGATA	1
8292	8293	56	AGTGACTTCACTGTGCAATCGGAT	1
8293	8294	55	AAGTGACTTCACTGTGCAATCGGA	1
8294	1335	56	AAAGTGACTTCACTGTGCAATCGG	1
1335	1336	56	CAAAGTGACTTCACTGTGCAATCG	1
1336	1337	57	CCAAAGTGACTTCACTGTGCAATC	1
1337	8298	57	ACCAAAGTGACTTCACTGTGCAAT	1
8298	8299	57	TACCAAAGTGACTTCACTGTGCAA	1
8299	1340	58	ATACCAAAGTGACTTCACTGTGCA	1
1340	8301	60	CATACCAAAGTGACTTCACTGTGC	1
8301	1342	61	ACATACCAAAGTGACTTCACTGTG	1
1342	8303	61	TACATACCAAAGTGACTTCACTGT	1
8303	1344	60	TTACATACCAAAGTGACTTCACTG	1
1344	1345	59	CTTACATACCAAAGTGACTTCACT	1
1345	1346	59	ACTTACATACCAAAGTGACTTCAC	1
1346	1347	59	CACTTACATACCAAAGTGACTTCA	1
1347	8308	60	GCACTTACATACCAAAGTGACTTC	1
8308	8309	60	AGCACTTACATACCAAAGTGACTT	1
8309	1350	58	GAGCACTTACATACCAAAGTGACT	1
1350	8311	57	AGAGCACTTACATACCAAAGTGAC	1
8311	1352	57	TAGAGCACTTACATACCAAAGTGA	1
1352	8313	60	CTAGAGCACTTACATACCAAAGTG	1
8313	8314	67	ACTAGAGCACTTACATACCAAAGT	1
8314	8315	68	AACTAGAGCACTTACATACCAAAG	1
8315	8316	66	GAACTAGAGCACTTACATACCAAA	1
8316	8317	66	TGAACTAGAGCACTTACATACCAA	1
8317	1358	70	ATGAACTAGAGCACTTACATACCA	1
1358	1359	70	TATGAACTAGAGCACTTACATACC	1
1359	8320	70	TTATGAACTAGAGCACTTACATAC	1
8320	8321	71	GTTATGAACTAGAGCACTTACATA	1
8321	8322	71	GGTTATGAACTAGAGCACTTACAT	1
8322	1363	72	AGGTTATGAACTAGAGCACTTACA	1
1363	1364	74	CAGGTTATGAACTAGAGCACTTAC	1
1364	1365	77	TCAGGTTATGAACTAGAGCACTTA	1
1365	8326	75	CTCAGGTTATGAACTAGAGCACTT	1
8326	1367	71	GCTCAGGTTATGAACTAGAGCACT	1
1367	1368	71	TGCTCAGGTTATGAACTAGAGCAC	1
1368	1369	71	TTGCTCAGGTTATGAACTAGAGCA	1
1369	8330	71	ATTGCTCAGGTTATGAACTAGAGC	1
8330	8331	73	GATTGCTCAGGTTATGAACTAGAG	1
8331	8332	73	GGATTGCTCAGGTTATGAACTAGA	1
8332	8333	78	TGGATTGCTCAGGTTATGAACTAG	1
8333	8334	78	GTGGATTGCTCAGGTTATGAACTA	1
8334	1375	75	GGTGGATTGCTCAGGTTATGAACT	1
1375	1376	73	AGGTGGATTGCTCAGGTTATGAAC	1
1376	8337	70	CAGGTGGATTGCTCAGGTTATGAA	1
8337	8338	69	GCAGGTGGATTGCTCAGGTTATGA	1
8338	1379	66	AGCAGGTGGATTGCTCAGGTTATG	1
1379	1380	62	CAGCAGGTGGATTGCTCAGGTTAT	1
1380	1381	63	TCAGCAGGTGGATTGCTCAGGTTA	1
1381	8342	64	TTCAGCAGGTGGATTGCTCAGGTT	1
8342	8343	62	ATTCAGCAGGTGGATTGCTCAGGT	1
8343	8344	62	TATTCAGCAGGTGGATTGCTCAGG	1
8344	1385	60	GTATTCAGCAGGTGGATTGCTCAG	1
1385	1386	60	CGTATTCAGCAGGTGGATTGCTCA	1
1386	1387	58	CCGTATTCAGCAGGTGGATTGCTC	1
1387	1388	57	ACCGTATTCAGCAGGTGGATTGCT	1
1388	1389	57	CACCGTATTCAGCAGGTGGATTGC	1
1389	1390	57	CCACCGTATTCAGCAGGTGGATTG	1
1390	1391	57	TCCACCGTATTCAGCAGGTGGATT	1
1391	8352	58	CTCCACCGTATTCAGCAGGTGGAT	1
8352	8353	56	GCTCCACCGTATTCAGCAGGTGGA	1
8353	8354	57	TGCTCCACCGTATTCAGCAGGTGG	1
8354	8355	58	ATGCTCCACCGTATTCAGCAGGTG	1
8355	8356	60	AATGCTCCACCGTATTCAGCAGGT	1
8356	8357	63	AAATGCTCCACCGTATTCAGCAGG	1
8357	8358	69	GAAATGCTCCACCGTATTCAGCAG	1
8358	1399	69	TGAAATGCTCCACCGTATTCAGCA	1
1399	8360	68	TTGAAATGCTCCACCGTATTCAGC	1
8360	8361	68	ATTGAAATGCTCCACCGTATTCAG	1
8361	1402	67	GATTGAAATGCTCCACCGTATTCA	1
1402	8363	67	TGATTGAAATGCTCCACCGTATTC	1
8363	8364	67	GTGATTGAAATGCTCCACCGTATT	1
8364	8365	65	AGTGATTGAAATGCTCCACCGTAT	1
8365	1406	56	GAGTGATTGAAATGCTCCACCGTA	1
1406	8367	55	CGAGTGATTGAAATGCTCCACCGT	1
8367	1408	54	TCGAGTGATTGAAATGCTCCACCG	1
1408	1409	53	TTCGAGTGATTGAAATGCTCCACC	1
1409	1410	49	ATTCGAGTGATTGAAATGCTCCAC	1
1410	1411	50	TATTCGAGTGATTGAAATGCTCCA	1
1411	1412	51	ATATTCGAGTGATTGAAATGCTCC	1
1412	1413	51	TATATTCGAGTGATTGAAATGCTC	1
1413	1414	50	TTATATTCGAGTGATTGAAATGCT	1
1414	8375	50	ATTATATTCGAGTGATTGAAATGC	1
8375	8376	49	GATTATATTCGAGTGATTGAAATG	1
8376	8377	47	GGATTATATTCGAGTGATTGAAAT	1
8377	1418	47	TGGATTATATTCGAGTGATTGAAA	1
1418	1419	47	CTGGATTATATTCGAGTGATTGAA	1
1419	8380	48	CCTGGATTATATTCGAGTGATTGA	1
8380	1421	48	ACCTGGATTATATTCGAGTGATTG	1
1421	1422	46	TACCTGGATTATATTCGAGTGATT	1
1422	8383	43	TTACCTGGATTATATTCGAGTGAT	1
8383	8384	43	TTTACCTGGATTATATTCGAGTGA	1
8384	1425	40	GTTTACCTGGATTATATTCGAGTG	1
1425	8386	40	CGTTTACCTGGATTATATTCGAGT	1
8386	1427	43	TCGTTTACCTGGATTATATTCGAG	1
1427	8388	43	CTCGTTTACCTGGATTATATTCGA	1
8388	8389	42	GCTCGTTTACCTGGATTATATTCG	1
8389	8390	42	GGCTCGTTTACCTGGATTATATTC	1
8390	1431	44	GGGCTCGTTTACCTGGATTATATT	1
1431	1432	43	TGGGCTCGTTTACCTGGATTATAT	1
1432	1433	40	CTGGGCTCGTTTACCTGGATTATA	1
1433	8394	41	TCTGGGCTCGTTTACCTGGATTAT	1
8394	1435	41	ATCTGGGCTCGTTTACCTGGATTA	1
1435	1436	40	CATCTGGGCTCGTTTACCTGGATT	1
1436	8397	41	ACATCTGGGCTCGTTTACCTGGAT	1
8397	8398	41	AACATCTGGGCTCGTTTACCTGGA	1
8398	8399	41	AAACATCTGGGCTCGTTTACCTGG	1
8399	8400	41	GAAACATCTGGGCTCGTTTACCTG	1
8400	8401	42	GGAAACATCTGGGCTCGTTTACCT	1
8401	1442	43	GGGAAACATCTGGGCTCGTTTACC	1
1442	1443	42	TGGGAAACATCTGGGCTCGTTTAC	1
1443	1444	43	CTGGGAAACATCTGGGCTCGTTTA	1
1444	8405	43	ACTGGGAAACATCTGGGCTCGTTT	1
8405	8406	43	GACTGGGAAACATCTGGGCTCGTT	1
8406	8407	41	GGACTGGGAAACATCTGGGCTCGT	1
8407	1448	42	AGGACTGGGAAACATCTGGGCTCG	1
1448	1449	37	CAGGACTGGGAAACATCTGGGCTC	1
1449	1450	31	CCAGGACTGGGAAACATCTGGGCT	1
1450	8411	31	TCCAGGACTGGGAAACATCTGGGC	1
8411	8412	33	ATCCAGGACTGGGAAACATCTGGG	1
8412	8413	35	CATCCAGGACTGGGAAACATCTGG	1
8413	1454	37	TCATCCAGGACTGGGAAACATCTG	1
1454	1455	37	CTCATCCAGGACTGGGAAACATCT	1
1455	8416	37	CCTCATCCAGGACTGGGAAACATC	1
8416	8417	39	GCCTCATCCAGGACTGGGAAACAT	1
8417	1458	41	AGCCTCATCCAGGACTGGGAAACA	1
1458	8419	40	CAGCCTCATCCAGGACTGGGAAAC	1
8419	8420	37	GCAGCCTCATCCAGGACTGGGAAA	1
8420	1461	39	AGCAGCCTCATCCAGGACTGGGAA	1
1461	8422	43	CAGCAGCCTCATCCAGGACTGGGA	1
8422	8423	46	GCAGCAGCCTCATCCAGGACTGGG	1
8423	8424	49	CGCAGCAGCCTCATCCAGGACTGG	1
8424	1465	47	GCGCAGCAGCCTCATCCAGGACTG	1
1465	8426	46	AGCGCAGCAGCCTCATCCAGGACT	1
8426	8427	47	GAGCGCAGCAGCCTCATCCAGGAC	1
8427	8428	48	AGAGCGCAGCAGCCTCATCCAGGA	1
8428	1469	52	CAGAGCGCAGCAGCCTCATCCAGG	1
1469	1470	55	CCAGAGCGCAGCAGCCTCATCCAG	1
1470	1471	55	TCCAGAGCGCAGCAGCCTCATCCA	1
1471	1472	55	CTCCAGAGCGCAGCAGCCTCATCC	1
1472	1473	56	CCTCCAGAGCGCAGCAGCCTCATC	1
1473	1474	57	ACCTCCAGAGCGCAGCAGCCTCAT	1
1474	1475	61	CACCTCCAGAGCGCAGCAGCCTCA	1
1475	8436	61	GCACCTCCAGAGCGCAGCAGCCTC	1
8436	1477	62	GGCACCTCCAGAGCGCAGCAGCCT	1
1477	1478	64	TGGCACCTCCAGAGCGCAGCAGCC	1
1478	8439	62	CTGGCACCTCCAGAGCGCAGCAGC	1
8439	8440	64	TCTGGCACCTCCAGAGCGCAGCAG	1
8440	8441	64	ATCTGGCACCTCCAGAGCGCAGCA	1
8441	8442	65	GATCTGGCACCTCCAGAGCGCAGC	1
8442	8443	65	AGATCTGGCACCTCCAGAGCGCAG	1
8443	8444	67	AAGATCTGGCACCTCCAGAGCGCA	1
8444	8445	69	GAAGATCTGGCACCTCCAGAGCGC	1
8445	1486	68	AGAAGATCTGGCACCTCCAGAGCG	1
1486	8447	72	TAGAAGATCTGGCACCTCCAGAGC	1
8447	1488	75	TTAGAAGATCTGGCACCTCCAGAG	1
1488	8449	76	CTTAGAAGATCTGGCACCTCCAGA	1
8449	1490	76	TCTTAGAAGATCTGGCACCTCCAG	1
1490	1491	76	TTCTTAGAAGATCTGGCACCTCCA	1
1491	1492	78	ATTCTTAGAAGATCTGGCACCTCC	1
1492	8453	76	GATTCTTAGAAGATCTGGCACCTC	1
8453	1494	76	GGATTCTTAGAAGATCTGGCACCT	1
1494	1495	75	AGGATTCTTAGAAGATCTGGCACC	1
1495	8456	75	AAGGATTCTTAGAAGATCTGGCAC	1
8456	8457	75	AAAGGATTCTTAGAAGATCTGGCA	1
8457	8458	78	GAAAGGATTCTTAGAAGATCTGGC	1
8458	1499	77	TGAAAGGATTCTTAGAAGATCTGG	1
1499	1500	76	CTGAAAGGATTCTTAGAAGATCTG	1
1500	1501	76	CCTGAAAGGATTCTTAGAAGATCT	1
1501	1502	77	ACCTGAAAGGATTCTTAGAAGATC	1
1502	1503	75	TACCTGAAAGGATTCTTAGAAGAT	1
1503	8464	74	CTACCTGAAAGGATTCTTAGAAGA	1
8464	8465	73	ACTACCTGAAAGGATTCTTAGAAG	1
8465	8466	74	GACTACCTGAAAGGATTCTTAGAA	1
8466	8467	78	TGACTACCTGAAAGGATTCTTAGA	1
8467	1508	79	ATGACTACCTGAAAGGATTCTTAG	1
1508	1509	77	TATGACTACCTGAAAGGATTCTTA	1
1509	1510	76	CTATGACTACCTGAAAGGATTCTT	1
1510	1511	75	ACTATGACTACCTGAAAGGATTCT	1
1511	8472	75	AACTATGACTACCTGAAAGGATTC	1
8472	8473	71	GAACTATGACTACCTGAAAGGATT	1
8473	8474	66	AGAACTATGACTACCTGAAAGGAT	1
8474	8475	64	GAGAACTATGACTACCTGAAAGGA	1
8475	8476	60	TGAGAACTATGACTACCTGAAAGG	1
8476	8477	63	ATGAGAACTATGACTACCTGAAAG	1
8477	8478	63	AATGAGAACTATGACTACCTGAAA	1
8478	8479	66	TAATGAGAACTATGACTACCTGAA	1
8479	8480	66	TTAATGAGAACTATGACTACCTGA	1
8480	1521	64	ATTAATGAGAACTATGACTACCTG	1
1521	1522	64	TATTAATGAGAACTATGACTACCT	1
1522	1523	64	TTATTAATGAGAACTATGACTACC	1
1523	1524	65	ATTATTAATGAGAACTATGACTAC	1
1524	1525	64	CATTATTAATGAGAACTATGACTA	1
1525	1526	65	CCATTATTAATGAGAACTATGACT	1
1526	8487	63	GCCATTATTAATGAGAACTATGAC	1
8487	8488	61	TGCCATTATTAATGAGAACTATGA	1
8488	8489	62	ATGCCATTATTAATGAGAACTATG	1
8489	8490	59	GATGCCATTATTAATGAGAACTAT	1
8490	1531	58	TGATGCCATTATTAATGAGAACTA	1
1531	1532	57	CTGATGCCATTATTAATGAGAACT	1
1532	8493	57	TCTGATGCCATTATTAATGAGAAC	1
8493	1534	58	TTCTGATGCCATTATTAATGAGAA	1
1534	8495	58	CTTCTGATGCCATTATTAATGAGA	1
8495	8496	63	GCTTCTGATGCCATTATTAATGAG	1
8496	8497	61	AGCTTCTGATGCCATTATTAATGA	1
8497	1538	61	TAGCTTCTGATGCCATTATTAATG	1
1538	1539	58	CTAGCTTCTGATGCCATTATTAAT	1
1539	8500	54	CCTAGCTTCTGATGCCATTATTAA	1
8500	1541	53	ACCTAGCTTCTGATGCCATTATTA	1
1541	1542	53	CACCTAGCTTCTGATGCCATTATT	1
1542	8503	52	TCACCTAGCTTCTGATGCCATTAT	1
8503	1544	53	GTCACCTAGCTTCTGATGCCATTA	1
1544	1545	56	CGTCACCTAGCTTCTGATGCCATT	1
1545	1546	56	TCGTCACCTAGCTTCTGATGCCAT	1
1546	1547	56	TTCGTCACCTAGCTTCTGATGCCA	1
1547	1548	58	ATTCGTCACCTAGCTTCTGATGCC	1
1548	8509	59	CATTCGTCACCTAGCTTCTGATGC	1
8509	8510	57	TCATTCGTCACCTAGCTTCTGATG	1
8510	8511	62	GTCATTCGTCACCTAGCTTCTGAT	1
8511	8512	64	AGTCATTCGTCACCTAGCTTCTGA	1
8512	1553	66	TAGTCATTCGTCACCTAGCTTCTG	1
1553	1554	67	CTAGTCATTCGTCACCTAGCTTCT	1
1554	1555	67	ACTAGTCATTCGTCACCTAGCTTC	1
1555	1556	66	AACTAGTCATTCGTCACCTAGCTT	1
1556	1557	65	AAACTAGTCATTCGTCACCTAGCT	1
1557	8518	65	CAAACTAGTCATTCGTCACCTAGC	1
8518	1559	62	ACAAACTAGTCATTCGTCACCTAG	1
1559	1560	61	CACAAACTAGTCATTCGTCACCTA	1
1560	1561	60	CCACAAACTAGTCATTCGTCACCT	1
1561	1562	60	GCCACAAACTAGTCATTCGTCACC	1
1562	1563	67	TGCCACAAACTAGTCATTCGTCAC	1
1563	1564	70	CTGCCACAAACTAGTCATTCGTCA	1
1564	1565	69	GCTGCCACAAACTAGTCATTCGTC	1
1565	1566	70	CGCTGCCACAAACTAGTCATTCGT	1
1566	1567	66	CCGCTGCCACAAACTAGTCATTCG	1
1567	1568	66	ACCGCTGCCACAAACTAGTCATTC	1
1568	8529	65	AACCGCTGCCACAAACTAGTCATT	1
8529	8530	65	GAACCGCTGCCACAAACTAGTCAT	1
8530	1571	61	GGAACCGCTGCCACAAACTAGTCA	1
1571	1572	60	TGGAACCGCTGCCACAAACTAGTC	1
1572	8533	56	CTGGAACCGCTGCCACAAACTAGT	1
8533	1574	56	ACTGGAACCGCTGCCACAAACTAG	1
1574	1575	55	CACTGGAACCGCTGCCACAAACTA	1
1575	1576	58	TCACTGGAACCGCTGCCACAAACT	1
1576	8537	61	GTCACTGGAACCGCTGCCACAAAC	1
8537	8538	59	GGTCACTGGAACCGCTGCCACAAA	1
8538	1579	60	TGGTCACTGGAACCGCTGCCACAA	1
1579	1580	60	CTGGTCACTGGAACCGCTGCCACA	1
1580	8541	61	GCTGGTCACTGGAACCGCTGCCAC	1
8541	1582	61	AGCTGGTCACTGGAACCGCTGCCA	1
1582	1583	69	AAGCTGGTCACTGGAACCGCTGCC	1
1583	8544	68	AAAGCTGGTCACTGGAACCGCTGC	1
8544	1585	67	TAAAGCTGGTCACTGGAACCGCTG	1
1585	1586	69	TTAAAGCTGGTCACTGGAACCGCT	1
1586	8547	72	TTTAAAGCTGGTCACTGGAACCGC	1
8547	1588	68	ATTTAAAGCTGGTCACTGGAACCG	1
1588	1589	71	TATTTAAAGCTGGTCACTGGAACC	1
1589	8550	71	TTATTTAAAGCTGGTCACTGGAAC	1
8550	8551	68	TTTATTTAAAGCTGGTCACTGGAA	1
8551	8552	70	ATTTATTTAAAGCTGGTCACTGGA	1
8552	1593	71	TATTTATTTAAAGCTGGTCACTGG	1
1593	1594	71	CTATTTATTTAAAGCTGGTCACTG	1
1594	1595	71	TCTATTTATTTAAAGCTGGTCACT	1
1595	1596	67	CTCTATTTATTTAAAGCTGGTCAC	1
1596	1597	65	CCTCTATTTATTTAAAGCTGGTCA	1
1597	8558	65	CCCTCTATTTATTTAAAGCTGGTC	1
8558	8559	65	GCCCTCTATTTATTTAAAGCTGGT	1
8559	8560	60	GGCCCTCTATTTATTTAAAGCTGG	1
8560	8561	60	AGGCCCTCTATTTATTTAAAGCTG	1
8561	8562	60	GAGGCCCTCTATTTATTTAAAGCT	1
8562	8563	59	GGAGGCCCTCTATTTATTTAAAGC	1
8563	8564	59	TGGAGGCCCTCTATTTATTTAAAG	1
8564	1605	60	TTGGAGGCCCTCTATTTATTTAAA	1
1605	8566	60	CTTGGAGGCCCTCTATTTATTTAA	1
8566	1607	60	ACTTGGAGGCCCTCTATTTATTTA	1
1607	8568	61	CACTTGGAGGCCCTCTATTTATTT	1
8568	8569	60	GCACTTGGAGGCCCTCTATTTATT	1
8569	8570	63	AGCACTTGGAGGCCCTCTATTTAT	1
8570	1611	63	AAGCACTTGGAGGCCCTCTATTTA	1
1611	1612	63	TAAGCACTTGGAGGCCCTCTATTT	1
1612	8573	63	ATAAGCACTTGGAGGCCCTCTATT	1
8573	1614	64	AATAAGCACTTGGAGGCCCTCTAT	1
1614	1615	58	CAATAAGCACTTGGAGGCCCTCTA	1
1615	1616	56	CCAATAAGCACTTGGAGGCCCTCT	1
1616	1617	56	TCCAATAAGCACTTGGAGGCCCTC	1
1617	1618	55	ATCCAATAAGCACTTGGAGGCCCT	1
1618	1619	62	AATCCAATAAGCACTTGGAGGCCC	1
1619	8580	63	GAATCCAATAAGCACTTGGAGGCC	1
8580	8581	62	GGAATCCAATAAGCACTTGGAGGC	1
8581	8582	63	TGGAATCCAATAAGCACTTGGAGG	1
8582	1623	64	ATGGAATCCAATAAGCACTTGGAG	1
1623	8584	65	CATGGAATCCAATAAGCACTTGGA	1
8584	1625	65	ACATGGAATCCAATAAGCACTTGG	1
1625	1626	65	CACATGGAATCCAATAAGCACTTG	1
1626	1627	65	ACACATGGAATCCAATAAGCACTT	1
1627	1628	62	CACACATGGAATCCAATAAGCACT	1
1628	8589	62	GCACACATGGAATCCAATAAGCAC	1
8589	8590	61	AGCACACATGGAATCCAATAAGCA	1
8590	8591	61	GAGCACACATGGAATCCAATAAGC	1
8591	1632	61	CGAGCACACATGGAATCCAATAAG	1
1632	1633	61	TCGAGCACACATGGAATCCAATAA	1
1633	8594	60	TTCGAGCACACATGGAATCCAATA	1
8594	8595	52	GTTCGAGCACACATGGAATCCAAT	1
8595	1636	52	AGTTCGAGCACACATGGAATCCAA	1
1636	1637	52	CAGTTCGAGCACACATGGAATCCA	1
1637	1638	53	GCAGTTCGAGCACACATGGAATCC	1
1638	8599	51	AGCAGTTCGAGCACACATGGAATC	1
8599	8600	50	AAGCAGTTCGAGCACACATGGAAT	1
8600	1641	54	AAAGCAGTTCGAGCACACATGGAA	1
1641	8602	56	CAAAGCAGTTCGAGCACACATGGA	1
8602	8603	55	CCAAAGCAGTTCGAGCACACATGG	1
8603	8604	56	GCCAAAGCAGTTCGAGCACACATG	1
8604	8605	54	GGCCAAAGCAGTTCGAGCACACAT	1
8605	8606	54	AGGCCAAAGCAGTTCGAGCACACA	1
8606	8607	54	GAGGCCAAAGCAGTTCGAGCACAC	1
8607	1648	54	TGAGGCCAAAGCAGTTCGAGCACA	1
1648	1649	57	ATGAGGCCAAAGCAGTTCGAGCAC	1
1649	1650	56	CATGAGGCCAAAGCAGTTCGAGCA	1
1650	8611	62	TCATGAGGCCAAAGCAGTTCGAGC	1
8611	8612	63	TTCATGAGGCCAAAGCAGTTCGAG	1
8612	8613	62	ATTCATGAGGCCAAAGCAGTTCGA	1
8613	8614	64	GATTCATGAGGCCAAAGCAGTTCG	1
8614	1655	60	GGATTCATGAGGCCAAAGCAGTTC	1
1655	8616	62	TGGATTCATGAGGCCAAAGCAGTT	1
8616	8617	62	GTGGATTCATGAGGCCAAAGCAGT	1
8617	8618	60	AGTGGATTCATGAGGCCAAAGCAG	1
8618	1659	60	GAGTGGATTCATGAGGCCAAAGCA	1
1659	8620	60	TGAGTGGATTCATGAGGCCAAAGC	1
8620	8621	61	CTGAGTGGATTCATGAGGCCAAAG	1
8621	8622	55	GCTGAGTGGATTCATGAGGCCAAA	1
8622	1663	55	TGCTGAGTGGATTCATGAGGCCAA	1
1663	1664	54	CTGCTGAGTGGATTCATGAGGCCA	1
1664	8625	54	CCTGCTGAGTGGATTCATGAGGCC	1
8625	8626	52	GCCTGCTGAGTGGATTCATGAGGC	1
8626	8627	52	TGCCTGCTGAGTGGATTCATGAGG	1
8627	8628	53	GTGCCTGCTGAGTGGATTCATGAG	1
8628	8629	47	TGTGCCTGCTGAGTGGATTCATGA	1
8629	1670	43	GTGTGCCTGCTGAGTGGATTCATG	1
1670	1671	39	TGTGTGCCTGCTGAGTGGATTCAT	1
1671	1672	39	TTGTGTGCCTGCTGAGTGGATTCA	1
1672	1673	38	TTTGTGTGCCTGCTGAGTGGATTC	1
1673	8634	37	CTTTGTGTGCCTGCTGAGTGGATT	1
8634	8635	36	GCTTTGTGTGCCTGCTGAGTGGAT	1
8635	8636	36	AGCTTTGTGTGCCTGCTGAGTGGA	1
8636	8637	37	AAGCTTTGTGTGCCTGCTGAGTGG	1
8637	8638	40	GAAGCTTTGTGTGCCTGCTGAGTG	1
8638	8639	40	AGAAGCTTTGTGTGCCTGCTGAGT	1
8639	8640	42	CAGAAGCTTTGTGTGCCTGCTGAG	1
8640	1681	42	ACAGAAGCTTTGTGTGCCTGCTGA	1
1681	1682	44	CACAGAAGCTTTGTGTGCCTGCTG	1
1682	1683	44	ACACAGAAGCTTTGTGTGCCTGCT	1
1683	8644	44	CACACAGAAGCTTTGTGTGCCTGC	1
8644	1685	44	TCACACAGAAGCTTTGTGTGCCTG	1
1685	1686	44	CTCACACAGAAGCTTTGTGTGCCT	1
1686	1687	44	CCTCACACAGAAGCTTTGTGTGCC	1
1687	8648	44	TCCTCACACAGAAGCTTTGTGTGC	1
8648	8649	44	TTCCTCACACAGAAGCTTTGTGTG	1
8649	8650	42	GTTCCTCACACAGAAGCTTTGTGT	1
8650	8651	42	CGTTCCTCACACAGAAGCTTTGTG	1
8651	8652	45	GCGTTCCTCACACAGAAGCTTTGT	1
8652	8653	42	GGCGTTCCTCACACAGAAGCTTTG	1
8653	8654	41	AGGCGTTCCTCACACAGAAGCTTT	1
8654	8655	42	GAGGCGTTCCTCACACAGAAGCTT	1
8655	1696	41	GGAGGCGTTCCTCACACAGAAGCT	1
1696	8657	41	AGGAGGCGTTCCTCACACAGAAGC	1
8657	8658	41	AAGGAGGCGTTCCTCACACAGAAG	1
8658	1699	42	TAAGGAGGCGTTCCTCACACAGAA	1
1699	8660	41	CTAAGGAGGCGTTCCTCACACAGA	1
8660	8661	38	GCTAAGGAGGCGTTCCTCACACAG	1
8661	8662	38	GGCTAAGGAGGCGTTCCTCACACA	1
8662	8663	33	GGGCTAAGGAGGCGTTCCTCACAC	1
8663	1704	32	TGGGCTAAGGAGGCGTTCCTCACA	1
1704	1705	38	TTGGGCTAAGGAGGCGTTCCTCAC	1
1705	1706	37	CTTGGGCTAAGGAGGCGTTCCTCA	1
1706	8667	43	TCTTGGGCTAAGGAGGCGTTCCTC	1
8667	1708	39	GTCTTGGGCTAAGGAGGCGTTCCT	1
1708	8669	39	AGTCTTGGGCTAAGGAGGCGTTCC	1
8669	1710	41	GAGTCTTGGGCTAAGGAGGCGTTC	1
1710	1711	40	TGAGTCTTGGGCTAAGGAGGCGTT	1
1711	1712	40	CTGAGTCTTGGGCTAAGGAGGCGT	1
1712	1713	38	CCTGAGTCTTGGGCTAAGGAGGCG	1
1713	1714	41	CCCTGAGTCTTGGGCTAAGGAGGC	1
1714	8675	42	CCCCTGAGTCTTGGGCTAAGGAGG	1
8675	8676	45	ACCCCTGAGTCTTGGGCTAAGGAG	1
8676	8677	47	GACCCCTGAGTCTTGGGCTAAGGA	1
8677	8678	48	AGACCCCTGAGTCTTGGGCTAAGG	1
8678	8679	48	GAGACCCCTGAGTCTTGGGCTAAG	1
8679	1720	47	AGAGACCCCTGAGTCTTGGGCTAA	1
1720	1721	46	CAGAGACCCCTGAGTCTTGGGCTA	1
1721	8682	46	TCAGAGACCCCTGAGTCTTGGGCT	1
8682	8683	47	GTCAGAGACCCCTGAGTCTTGGGC	1
8683	8684	49	TGTCAGAGACCCCTGAGTCTTGGG	1
8684	8685	54	CTGTCAGAGACCCCTGAGTCTTGG	1
8685	1726	55	ACTGTCAGAGACCCCTGAGTCTTG	1
1726	1727	54	AACTGTCAGAGACCCCTGAGTCTT	1
1727	1728	55	CAACTGTCAGAGACCCCTGAGTCT	1
1728	8689	54	CCAACTGTCAGAGACCCCTGAGTC	1
8689	8690	50	GCCAACTGTCAGAGACCCCTGAGT	1
8690	1731	52	TGCCAACTGTCAGAGACCCCTGAG	1
1731	8692	50	CTGCCAACTGTCAGAGACCCCTGA	1
8692	1733	50	ACTGCCAACTGTCAGAGACCCCTG	1
1733	1734	49	CACTGCCAACTGTCAGAGACCCCT	1
1734	1735	50	GCACTGCCAACTGTCAGAGACCCC	1
1735	1736	49	GGCACTGCCAACTGTCAGAGACCC	1
1736	1737	49	AGGCACTGCCAACTGTCAGAGACC	1
1737	1738	49	AAGGCACTGCCAACTGTCAGAGAC	1
1738	8699	48	CAAGGCACTGCCAACTGTCAGAGA	1
8699	8700	48	ACAAGGCACTGCCAACTGTCAGAG	1
8700	8701	48	GACAAGGCACTGCCAACTGTCAGA	1
8701	1742	48	TGACAAGGCACTGCCAACTGTCAG	1
1742	1743	49	CTGACAAGGCACTGCCAACTGTCA	1
1743	1744	46	GCTGACAAGGCACTGCCAACTGTC	1
1744	1745	46	TGCTGACAAGGCACTGCCAACTGT	1
1745	8706	45	CTGCTGACAAGGCACTGCCAACTG	1
8706	1747	44	GCTGCTGACAAGGCACTGCCAACT	1
1747	8708	44	AGCTGCTGACAAGGCACTGCCAAC	1
8708	8709	46	GAGCTGCTGACAAGGCACTGCCAA	1
8709	1750	46	AGAGCTGCTGACAAGGCACTGCCA	1
1750	1751	45	GAGAGCTGCTGACAAGGCACTGCC	1
1751	8712	48	CGAGAGCTGCTGACAAGGCACTGC	1
8712	1753	48	TCGAGAGCTGCTGACAAGGCACTG	1
1753	1754	49	TTCGAGAGCTGCTGACAAGGCACT	1
1754	8715	48	GTTCGAGAGCTGCTGACAAGGCAC	1
8715	1756	50	TGTTCGAGAGCTGCTGACAAGGCA	1
1756	8717	45	CTGTTCGAGAGCTGCTGACAAGGC	1
8717	8718	44	GCTGTTCGAGAGCTGCTGACAAGG	1
8718	8719	40	GGCTGTTCGAGAGCTGCTGACAAG	1
8719	8720	40	AGGCTGTTCGAGAGCTGCTGACAA	1
8720	8721	40	AAGGCTGTTCGAGAGCTGCTGACA	1
8721	8722	37	GAAGGCTGTTCGAGAGCTGCTGAC	1
8722	8723	37	AGAAGGCTGTTCGAGAGCTGCTGA	1
8723	1764	37	GAGAAGGCTGTTCGAGAGCTGCTG	1
1764	8725	37	TGAGAAGGCTGTTCGAGAGCTGCT	1
8725	8726	39	GTGAGAAGGCTGTTCGAGAGCTGC	1
8726	8727	37	CGTGAGAAGGCTGTTCGAGAGCTG	1
8727	1768	35	GCGTGAGAAGGCTGTTCGAGAGCT	1
1768	8729	32	TGCGTGAGAAGGCTGTTCGAGAGC	1
8729	1770	33	ATGCGTGAGAAGGCTGTTCGAGAG	1
1770	8731	35	CATGCGTGAGAAGGCTGTTCGAGA	1
8731	8732	35	GCATGCGTGAGAAGGCTGTTCGAG	1
8732	8733	35	GGCATGCGTGAGAAGGCTGTTCGA	1
8733	1774	35	GGGCATGCGTGAGAAGGCTGTTCG	1
1774	1775	35	CGGGCATGCGTGAGAAGGCTGTTC	1
1775	1776	34	TCGGGCATGCGTGAGAAGGCTGTT	1
1776	8737	28	CTCGGGCATGCGTGAGAAGGCTGT	1
8737	1778	27	ACTCGGGCATGCGTGAGAAGGCTG	1
1778	1779	29	AACTCGGGCATGCGTGAGAAGGCT	1
1779	8740	35	CAACTCGGGCATGCGTGAGAAGGC	1
8740	8741	36	ACAACTCGGGCATGCGTGAGAAGG	1
8741	8742	37	GACAACTCGGGCATGCGTGAGAAG	1
8742	8743	35	TGACAACTCGGGCATGCGTGAGAA	1
8743	8744	35	TTGACAACTCGGGCATGCGTGAGA	1
8744	1785	39	ATTGACAACTCGGGCATGCGTGAG	1
1785	8746	38	CATTGACAACTCGGGCATGCGTGA	1
8746	1787	38	ACATTGACAACTCGGGCATGCGTG	1
1787	8748	38	CACATTGACAACTCGGGCATGCGT	1
8748	1789	40	ACACATTGACAACTCGGGCATGCG	1
1789	1790	45	TACACATTGACAACTCGGGCATGC	1
1790	1791	45	CTACACATTGACAACTCGGGCATG	1
1791	1792	46	CCTACACATTGACAACTCGGGCAT	1
1792	1793	48	TCCTACACATTGACAACTCGGGCA	1
1793	8754	50	TTCCTACACATTGACAACTCGGGC	1
8754	8755	58	CTTCCTACACATTGACAACTCGGG	1
8755	8756	63	TCTTCCTACACATTGACAACTCGG	1
8756	1797	67	GTCTTCCTACACATTGACAACTCG	1
1797	1798	69	TGTCTTCCTACACATTGACAACTC	1
1798	1799	69	TTGTCTTCCTACACATTGACAACT	1
1799	1800	78	TTTGTCTTCCTACACATTGACAAC	1
1800	1801	76	CTTTGTCTTCCTACACATTGACAA	1
1801	1802	80	TCTTTGTCTTCCTACACATTGACA	1
1802	1803	82	ATCTTTGTCTTCCTACACATTGAC	1
1803	1804	78	CATCTTTGTCTTCCTACACATTGA	1
1804	8765	78	CCATCTTTGTCTTCCTACACATTG	1
8765	8766	78	GCCATCTTTGTCTTCCTACACATT	1
8766	8767	78	GGCCATCTTTGTCTTCCTACACAT	1
8767	1808	77	GGGCCATCTTTGTCTTCCTACACA	1
1808	8769	78	TGGGCCATCTTTGTCTTCCTACAC	1
8769	1810	78	GTGGGCCATCTTTGTCTTCCTACA	1
1810	8771	83	AGTGGGCCATCTTTGTCTTCCTAC	1
8771	8772	83	GAGTGGGCCATCTTTGTCTTCCTA	1
8772	8773	86	GGAGTGGGCCATCTTTGTCTTCCT	1
8773	1814	89	GGGAGTGGGCCATCTTTGTCTTCC	1
1814	1815	89	TGGGAGTGGGCCATCTTTGTCTTC	1
1815	1816	91	CTGGGAGTGGGCCATCTTTGTCTT	1
1816	1817	91	TCTGGGAGTGGGCCATCTTTGTCT	1
1817	1818	86	CTCTGGGAGTGGGCCATCTTTGTC	1
1818	8779	86	ACTCTGGGAGTGGGCCATCTTTGT	1
8779	8780	85	GACTCTGGGAGTGGGCCATCTTTG	1
8780	8781	85	GGACTCTGGGAGTGGGCCATCTTT	1
8781	1822	85	AGGACTCTGGGAGTGGGCCATCTT	1
1822	8783	87	AAGGACTCTGGGAGTGGGCCATCT	1
8783	1824	88	GAAGGACTCTGGGAGTGGGCCATC	1
1824	8785	88	TGAAGGACTCTGGGAGTGGGCCAT	1
8785	1826	89	GTGAAGGACTCTGGGAGTGGGCCA	1
1826	1827	98	AGTGAAGGACTCTGGGAGTGGGCC	1
1827	8788	105	AAGTGAAGGACTCTGGGAGTGGGC	1
8788	8789	107	AAAGTGAAGGACTCTGGGAGTGGG	1
8789	8790	106	GAAAGTGAAGGACTCTGGGAGTGG	1
8790	1831	104	GGAAAGTGAAGGACTCTGGGAGTG	1
1831	8792	97	TGGAAAGTGAAGGACTCTGGGAGT	1
8792	8793	98	CTGGAAAGTGAAGGACTCTGGGAG	1
8793	8794	97	ACTGGAAAGTGAAGGACTCTGGGA	1
8794	8795	99	AACTGGAAAGTGAAGGACTCTGGG	1
8795	1836	102	CAACTGGAAAGTGAAGGACTCTGG	1
1836	8797	99	CCAACTGGAAAGTGAAGGACTCTG	1
8797	8798	99	GCCAACTGGAAAGTGAAGGACTCT	1
8798	1839	96	GGCCAACTGGAAAGTGAAGGACTC	1
1839	1840	96	TGGCCAACTGGAAAGTGAAGGACT	1
1840	8801	94	CTGGCCAACTGGAAAGTGAAGGAC	1
8801	8802	91	GCTGGCCAACTGGAAAGTGAAGGA	1
8802	8803	95	TGCTGGCCAACTGGAAAGTGAAGG	1
8803	8804	96	ATGCTGGCCAACTGGAAAGTGAAG	1
8804	8805	94	TATGCTGGCCAACTGGAAAGTGAA	1
8805	8806	88	TTATGCTGGCCAACTGGAAAGTGA	1
8806	8807	79	GTTATGCTGGCCAACTGGAAAGTG	1
8807	8808	73	AGTTATGCTGGCCAACTGGAAAGT	1
8808	1849	72	CAGTTATGCTGGCCAACTGGAAAG	1
1849	8810	72	CCAGTTATGCTGGCCAACTGGAAA	1
8810	8811	71	GCCAGTTATGCTGGCCAACTGGAA	1
8811	8812	67	GGCCAGTTATGCTGGCCAACTGGA	1
8812	8813	67	AGGCCAGTTATGCTGGCCAACTGG	1
8813	1854	64	CAGGCCAGTTATGCTGGCCAACTG	1
1854	1855	64	ACAGGCCAGTTATGCTGGCCAACT	1
1855	1856	64	TACAGGCCAGTTATGCTGGCCAAC	1
1856	8817	62	CTACAGGCCAGTTATGCTGGCCAA	1
8817	1858	60	GCTACAGGCCAGTTATGCTGGCCA	1
1858	8819	61	TGCTACAGGCCAGTTATGCTGGCC	1
8819	8820	62	GTGCTACAGGCCAGTTATGCTGGC	1
8820	8821	64	TGTGCTACAGGCCAGTTATGCTGG	1
8821	8822	63	GTGTGCTACAGGCCAGTTATGCTG	1
8822	1863	59	GGTGTGCTACAGGCCAGTTATGCT	1
1863	8824	59	AGGTGTGCTACAGGCCAGTTATGC	1
8824	8825	59	AAGGTGTGCTACAGGCCAGTTATG	1
8825	8826	57	GAAGGTGTGCTACAGGCCAGTTAT	1
8826	8827	56	TGAAGGTGTGCTACAGGCCAGTTA	1
8827	1868	54	GTGAAGGTGTGCTACAGGCCAGTT	1
1868	8829	55	TGTGAAGGTGTGCTACAGGCCAGT	1
8829	8830	54	GTGTGAAGGTGTGCTACAGGCCAG	1
8830	1871	54	AGTGTGAAGGTGTGCTACAGGCCA	1
1871	1872	60	CAGTGTGAAGGTGTGCTACAGGCC	1
1872	8833	61	ACAGTGTGAAGGTGTGCTACAGGC	1
8833	8834	60	AACAGTGTGAAGGTGTGCTACAGG	1
8834	8835	58	GAACAGTGTGAAGGTGTGCTACAG	1
8835	1876	59	AGAACAGTGTGAAGGTGTGCTACA	1
1876	1877	58	CAGAACAGTGTGAAGGTGTGCTAC	1
1877	1878	55	TCAGAACAGTGTGAAGGTGTGCTA	1
1878	1879	56	CTCAGAACAGTGTGAAGGTGTGCT	1
1879	1880	53	TCTCAGAACAGTGTGAAGGTGTGC	1
1880	1881	51	CTCTCAGAACAGTGTGAAGGTGTG	1
1881	8842	53	TCTCTCAGAACAGTGTGAAGGTGT	1
8842	1883	54	ATCTCTCAGAACAGTGTGAAGGTG	1
1883	8844	56	CATCTCTCAGAACAGTGTGAAGGT	1
8844	1885	57	CCATCTCTCAGAACAGTGTGAAGG	1
1885	8846	57	CCCATCTCTCAGAACAGTGTGAAG	1
8846	8847	55	ACCCATCTCTCAGAACAGTGTGAA	1
8847	8848	55	TACCCATCTCTCAGAACAGTGTGA	1
8848	1889	56	ATACCCATCTCTCAGAACAGTGTG	1
1889	1890	56	TATACCCATCTCTCAGAACAGTGT	1
1890	1891	56	CTATACCCATCTCTCAGAACAGTG	1
1891	8852	56	ACTATACCCATCTCTCAGAACAGT	1
8852	1893	56	AACTATACCCATCTCTCAGAACAG	1
1893	1894	58	TAACTATACCCATCTCTCAGAACA	1
1894	1895	60	TTAACTATACCCATCTCTCAGAAC	1
1895	1896	59	CTTAACTATACCCATCTCTCAGAA	1
1896	1897	61	TCTTAACTATACCCATCTCTCAGA	1
1897	8858	61	CTCTTAACTATACCCATCTCTCAG	1
8858	1899	67	GCTCTTAACTATACCCATCTCTCA	1
1899	8860	69	TGCTCTTAACTATACCCATCTCTC	1
8860	1901	67	GTGCTCTTAACTATACCCATCTCT	1
1901	1902	66	CGTGCTCTTAACTATACCCATCTC	1
1902	1903	65	ACGTGCTCTTAACTATACCCATCT	1
1903	1904	65	TACGTGCTCTTAACTATACCCATC	1
1904	8865	66	CTACGTGCTCTTAACTATACCCAT	1
8865	1906	68	GCTACGTGCTCTTAACTATACCCA	1
1906	1907	72	TGCTACGTGCTCTTAACTATACCC	1
1907	1908	72	GTGCTACGTGCTCTTAACTATACC	1
1908	8869	72	AGTGCTACGTGCTCTTAACTATAC	1
8869	8870	75	AAGTGCTACGTGCTCTTAACTATA	1
8870	8871	76	GAAGTGCTACGTGCTCTTAACTAT	1
8871	8872	79	GGAAGTGCTACGTGCTCTTAACTA	1
8872	1913	76	GGGAAGTGCTACGTGCTCTTAACT	1
1913	8874	79	TGGGAAGTGCTACGTGCTCTTAAC	1
8874	1915	78	TTGGGAAGTGCTACGTGCTCTTAA	1
1915	1916	79	TTTGGGAAGTGCTACGTGCTCTTA	1
1916	1917	77	CTTTGGGAAGTGCTACGTGCTCTT	1
1917	1918	77	CCTTTGGGAAGTGCTACGTGCTCT	1
1918	1919	77	ACCTTTGGGAAGTGCTACGTGCTC	1
1919	1920	79	CACCTTTGGGAAGTGCTACGTGCT	1
1920	8881	79	GCACCTTTGGGAAGTGCTACGTGC	1
8881	1922	79	GGCACCTTTGGGAAGTGCTACGTG	1
1922	1923	80	TGGCACCTTTGGGAAGTGCTACGT	1
1923	1924	73	CTGGCACCTTTGGGAAGTGCTACG	1
1924	8885	72	GCTGGCACCTTTGGGAAGTGCTAC	1
8885	8886	72	AGCTGGCACCTTTGGGAAGTGCTA	1
8886	1927	72	GAGCTGGCACCTTTGGGAAGTGCT	1
1927	1928	73	TGAGCTGGCACCTTTGGGAAGTGC	1
1928	1929	73	CTGAGCTGGCACCTTTGGGAAGTG	1
1929	8890	72	CCTGAGCTGGCACCTTTGGGAAGT	1
8890	1931	65	GCCTGAGCTGGCACCTTTGGGAAG	1
1931	1932	64	CGCCTGAGCTGGCACCTTTGGGAA	1
1932	8893	66	CCGCCTGAGCTGGCACCTTTGGGA	1
8893	8894	65	ACCGCCTGAGCTGGCACCTTTGGG	1
8894	1935	60	TACCGCCTGAGCTGGCACCTTTGG	1
1935	1936	61	CTACCGCCTGAGCTGGCACCTTTG	1
1936	8897	60	ACTACCGCCTGAGCTGGCACCTTT	1
8897	8898	58	GACTACCGCCTGAGCTGGCACCTT	1
8898	1939	59	GGACTACCGCCTGAGCTGGCACCT	1
1939	1940	60	TGGACTACCGCCTGAGCTGGCACC	1
1940	1941	60	TTGGACTACCGCCTGAGCTGGCAC	1
1941	1942	65	TTTGGACTACCGCCTGAGCTGGCA	1
1942	1943	67	CTTTGGACTACCGCCTGAGCTGGC	1
1943	8904	68	CCTTTGGACTACCGCCTGAGCTGG	1
8904	1945	68	TCCTTTGGACTACCGCCTGAGCTG	1
1945	8906	68	ATCCTTTGGACTACCGCCTGAGCT	1
8906	8907	65	GATCCTTTGGACTACCGCCTGAGC	1
8907	1948	66	AGATCCTTTGGACTACCGCCTGAG	1
1948	8909	64	CAGATCCTTTGGACTACCGCCTGA	1
8909	1950	66	GCAGATCCTTTGGACTACCGCCTG	1
1950	1951	61	TGCAGATCCTTTGGACTACCGCCT	1
1951	1952	62	CTGCAGATCCTTTGGACTACCGCC	1
1952	8913	63	ACTGCAGATCCTTTGGACTACCGC	1
8913	1954	67	AACTGCAGATCCTTTGGACTACCG	1
1954	1955	68	TAACTGCAGATCCTTTGGACTACC	1
1955	1956	69	ATAACTGCAGATCCTTTGGACTAC	1
1956	8917	68	CATAACTGCAGATCCTTTGGACTA	1
8917	1958	65	GCATAACTGCAGATCCTTTGGACT	1
1958	8919	61	AGCATAACTGCAGATCCTTTGGAC	1
8919	8920	61	AAGCATAACTGCAGATCCTTTGGA	1
8920	8921	64	GAAGCATAACTGCAGATCCTTTGG	1
8921	1962	63	CGAAGCATAACTGCAGATCCTTTG	1
1962	1963	59	TCGAAGCATAACTGCAGATCCTTT	1
1963	1964	55	CTCGAAGCATAACTGCAGATCCTT	1
1964	1965	55	CCTCGAAGCATAACTGCAGATCCT	1
1965	1966	52	ACCTCGAAGCATAACTGCAGATCC	1
1966	8927	52	AACCTCGAAGCATAACTGCAGATC	1
8927	8928	51	GAACCTCGAAGCATAACTGCAGAT	1
8928	8929	53	AGAACCTCGAAGCATAACTGCAGA	1
8929	1970	54	TAGAACCTCGAAGCATAACTGCAG	1
1970	1971	55	TTAGAACCTCGAAGCATAACTGCA	1
1971	8932	53	ATTAGAACCTCGAAGCATAACTGC	1
8932	1973	53	TATTAGAACCTCGAAGCATAACTG	1
1973	1974	52	CTATTAGAACCTCGAAGCATAACT	1
1974	8935	52	GCTATTAGAACCTCGAAGCATAAC	1
8935	1976	53	AGCTATTAGAACCTCGAAGCATAA	1
1976	1977	53	CAGCTATTAGAACCTCGAAGCATA	1
1977	8938	53	TCAGCTATTAGAACCTCGAAGCAT	1
8938	1979	54	ATCAGCTATTAGAACCTCGAAGCA	1
1979	8940	56	AATCAGCTATTAGAACCTCGAAGC	1
8940	1981	57	CAATCAGCTATTAGAACCTCGAAG	1
1981	1982	58	TCAATCAGCTATTAGAACCTCGAA	1
1982	8943	58	CTCAATCAGCTATTAGAACCTCGA	1
8943	1984	61	GCTCAATCAGCTATTAGAACCTCG	1
1984	8945	66	AGCTCAATCAGCTATTAGAACCTC	1
8945	1986	68	GAGCTCAATCAGCTATTAGAACCT	1
1986	1987	77	TGAGCTCAATCAGCTATTAGAACC	1
1987	8948	80	ATGAGCTCAATCAGCTATTAGAAC	1
8948	8949	79	TATGAGCTCAATCAGCTATTAGAA	1
8949	8950	81	TTATGAGCTCAATCAGCTATTAGA	1
8950	1991	82	ATTATGAGCTCAATCAGCTATTAG	1
1991	1992	81	CATTATGAGCTCAATCAGCTATTA	1
1992	8953	79	ACATTATGAGCTCAATCAGCTATT	1
8953	8954	76	GACATTATGAGCTCAATCAGCTAT	1
8954	1995	76	AGACATTATGAGCTCAATCAGCTA	1
1995	1996	80	CAGACATTATGAGCTCAATCAGCT	1
1996	8957	81	ACAGACATTATGAGCTCAATCAGC	1
8957	1998	79	GACAGACATTATGAGCTCAATCAG	1
1998	1999	79	TGACAGACATTATGAGCTCAATCA	1
1999	8960	78	GTGACAGACATTATGAGCTCAATC	1
8960	2001	80	AGTGACAGACATTATGAGCTCAAT	1
2001	8962	78	CAGTGACAGACATTATGAGCTCAA	1
8962	2003	75	ACAGTGACAGACATTATGAGCTCA	1
2003	2004	77	TACAGTGACAGACATTATGAGCTC	1
2004	2005	76	CTACAGTGACAGACATTATGAGCT	1
2005	2006	74	TCTACAGTGACAGACATTATGAGC	1
2006	8967	74	CTCTACAGTGACAGACATTATGAG	1
8967	8968	75	ACTCTACAGTGACAGACATTATGA	1
8968	8969	78	AACTCTACAGTGACAGACATTATG	1
8969	8970	79	AAACTCTACAGTGACAGACATTAT	1
8970	2011	78	AAAACTCTACAGTGACAGACATTA	1
2011	2012	79	TAAAACTCTACAGTGACAGACATT	1
2012	2013	76	CTAAAACTCTACAGTGACAGACAT	1
2013	2014	72	TCTAAAACTCTACAGTGACAGACA	1
2014	2015	72	TTCTAAAACTCTACAGTGACAGAC	1
2015	8976	74	CTTCTAAAACTCTACAGTGACAGA	1
8976	8977	75	TCTTCTAAAACTCTACAGTGACAG	1
8977	2018	76	ATCTTCTAAAACTCTACAGTGACA	1
2018	8979	77	CATCTTCTAAAACTCTACAGTGAC	1
8979	8980	77	TCATCTTCTAAAACTCTACAGTGA	1
8980	2021	76	TTCATCTTCTAAAACTCTACAGTG	1
2021	2022	74	TTTCATCTTCTAAAACTCTACAGT	1
2022	8983	75	CTTTCATCTTCTAAAACTCTACAG	1
8983	2024	74	GCTTTCATCTTCTAAAACTCTACA	1
2024	2025	79	TGCTTTCATCTTCTAAAACTCTAC	1
2025	2026	80	TTGCTTTCATCTTCTAAAACTCTA	1
2026	2027	84	TTTGCTTTCATCTTCTAAAACTCT	1
2027	2028	83	GTTTGCTTTCATCTTCTAAAACTC	1
2028	2029	84	TGTTTGCTTTCATCTTCTAAAACT	1
2029	8990	84	ATGTTTGCTTTCATCTTCTAAAAC	1
8990	8991	83	GATGTTTGCTTTCATCTTCTAAAA	1
8991	8992	81	AGATGTTTGCTTTCATCTTCTAAA	1
8992	2033	78	AAGATGTTTGCTTTCATCTTCTAA	1
2033	2034	79	CAAGATGTTTGCTTTCATCTTCTA	1
2034	2035	79	TCAAGATGTTTGCTTTCATCTTCT	1
2035	2036	75	TTCAAGATGTTTGCTTTCATCTTC	1
2036	2037	71	CTTCAAGATGTTTGCTTTCATCTT	1
2037	2038	69	ACTTCAAGATGTTTGCTTTCATCT	1
2038	2039	62	CACTTCAAGATGTTTGCTTTCATC	1
2039	9000	58	CCACTTCAAGATGTTTGCTTTCAT	1
9000	2041	59	ACCACTTCAAGATGTTTGCTTTCA	1
2041	9002	57	GACCACTTCAAGATGTTTGCTTTC	1
9002	9003	54	AGACCACTTCAAGATGTTTGCTTT	1
9003	9004	54	GAGACCACTTCAAGATGTTTGCTT	1
9004	2045	54	GGAGACCACTTCAAGATGTTTGCT	1
2045	2046	53	CGGAGACCACTTCAAGATGTTTGC	1
2046	2047	51	CCGGAGACCACTTCAAGATGTTTG	1
2047	2048	45	CCCGGAGACCACTTCAAGATGTTT	1
2048	2049	45	TCCCGGAGACCACTTCAAGATGTT	1
2049	9010	45	CTCCCGGAGACCACTTCAAGATGT	1
9010	9011	46	ACTCCCGGAGACCACTTCAAGATG	1
9011	9012	47	GACTCCCGGAGACCACTTCAAGAT	1
9012	9013	43	AGACTCCCGGAGACCACTTCAAGA	1
9013	9014	45	AAGACTCCCGGAGACCACTTCAAG	1
9014	9015	43	AAAGACTCCCGGAGACCACTTCAA	1
9015	2056	41	AAAAGACTCCCGGAGACCACTTCA	1
2056	9017	41	AAAAAGACTCCCGGAGACCACTTC	1
9017	9018	40	GAAAAAGACTCCCGGAGACCACTT	1
9018	2059	40	AGAAAAAGACTCCCGGAGACCACT	1
2059	9020	41	AAGAAAAAGACTCCCGGAGACCAC	1
9020	9021	38	GAAGAAAAAGACTCCCGGAGACCA	1
9021	2062	42	GGAAGAAAAAGACTCCCGGAGACC	1
2062	9023	46	AGGAAGAAAAAGACTCCCGGAGAC	1
9023	9024	45	GAGGAAGAAAAAGACTCCCGGAGA	1
9024	9025	51	AGAGGAAGAAAAAGACTCCCGGAG	1
9025	9026	56	TAGAGGAAGAAAAAGACTCCCGGA	1
9026	9027	62	GTAGAGGAAGAAAAAGACTCCCGG	1
9027	2068	62	GGTAGAGGAAGAAAAAGACTCCCG	1
2068	2069	62	TGGTAGAGGAAGAAAAAGACTCCC	1
2069	2070	62	ATGGTAGAGGAAGAAAAAGACTCC	1
2070	9031	62	TATGGTAGAGGAAGAAAAAGACTC	1
9031	2072	62	GTATGGTAGAGGAAGAAAAAGACT	1
2072	2073	64	TGTATGGTAGAGGAAGAAAAAGAC	1
2073	9034	63	CTGTATGGTAGAGGAAGAAAAAGA	1
9034	9035	65	GCTGTATGGTAGAGGAAGAAAAAG	1
9035	2076	65	GGCTGTATGGTAGAGGAAGAAAAA	1
2076	9037	60	CGGCTGTATGGTAGAGGAAGAAAA	1
9037	9038	60	GCGGCTGTATGGTAGAGGAAGAAA	1
9038	2079	57	TGCGGCTGTATGGTAGAGGAAGAA	1
2079	9040	57	CTGCGGCTGTATGGTAGAGGAAGA	1
9040	9041	55	GCTGCGGCTGTATGGTAGAGGAAG	1
9041	9042	55	GGCTGCGGCTGTATGGTAGAGGAA	1
9042	9043	56	GGGCTGCGGCTGTATGGTAGAGGA	1
9043	9044	56	AGGGCTGCGGCTGTATGGTAGAGG	1
9044	9045	60	GAGGGCTGCGGCTGTATGGTAGAG	1
9045	9046	58	GGAGGGCTGCGGCTGTATGGTAGA	1
9046	2087	57	TGGAGGGCTGCGGCTGTATGGTAG	1
2087	2088	57	CTGGAGGGCTGCGGCTGTATGGTA	1
2088	9049	56	CCTGGAGGGCTGCGGCTGTATGGT	1
9049	9050	57	ACCTGGAGGGCTGCGGCTGTATGG	1
9050	2091	57	TACCTGGAGGGCTGCGGCTGTATG	1
2091	2092	57	TTACCTGGAGGGCTGCGGCTGTAT	1
2092	2093	56	CTTACCTGGAGGGCTGCGGCTGTA	1
2093	9054	56	TCTTACCTGGAGGGCTGCGGCTGT	1
9054	2095	57	TTCTTACCTGGAGGGCTGCGGCTG	1
2095	2096	59	CTTCTTACCTGGAGGGCTGCGGCT	1
2096	9057	59	CCTTCTTACCTGGAGGGCTGCGGC	1
9057	9058	59	TCCTTCTTACCTGGAGGGCTGCGG	1
9058	2099	59	TTCCTTCTTACCTGGAGGGCTGCG	1
2099	9060	58	CTTCCTTCTTACCTGGAGGGCTGC	1
9060	2101	57	TCTTCCTTCTTACCTGGAGGGCTG	1
2101	2102	58	CTCTTCCTTCTTACCTGGAGGGCT	1
2102	9063	58	CCTCTTCCTTCTTACCTGGAGGGC	1
9063	2104	55	CCCTCTTCCTTCTTACCTGGAGGG	1
2104	9065	54	CCCCTCTTCCTTCTTACCTGGAGG	1
9065	2106	55	TCCCCTCTTCCTTCTTACCTGGAG	1
2106	9067	58	CTCCCCTCTTCCTTCTTACCTGGA	1
9067	9068	58	GCTCCCCTCTTCCTTCTTACCTGG	1
9068	2109	58	TGCTCCCCTCTTCCTTCTTACCTG	1
2109	2110	57	CTGCTCCCCTCTTCCTTCTTACCT	1
2110	2111	60	CCTGCTCCCCTCTTCCTTCTTACC	1
2111	9072	58	GCCTGCTCCCCTCTTCCTTCTTAC	1
9072	2113	56	TGCCTGCTCCCCTCTTCCTTCTTA	1
2113	2114	53	ATGCCTGCTCCCCTCTTCCTTCTT	1
2114	2115	47	TATGCCTGCTCCCCTCTTCCTTCT	1
2115	2116	48	ATATGCCTGCTCCCCTCTTCCTTC	1
2116	2117	40	AATATGCCTGCTCCCCTCTTCCTT	1
2117	2118	34	AAATATGCCTGCTCCCCTCTTCCT	1
2118	2119	36	TAAATATGCCTGCTCCCCTCTTCC	1
2119	9080	33	ATAAATATGCCTGCTCCCCTCTTC	1
9080	2121	31	GATAAATATGCCTGCTCCCCTCTT	1
2121	2122	31	TGATAAATATGCCTGCTCCCCTCT	1
2122	9083	33	GTGATAAATATGCCTGCTCCCCTC	1
9083	2124	35	GGTGATAAATATGCCTGCTCCCCT	1
2124	2125	36	GGGTGATAAATATGCCTGCTCCCC	1
2125	2126	37	AGGGTGATAAATATGCCTGCTCCC	1
2126	2127	40	GAGGGTGATAAATATGCCTGCTCC	1
2127	2128	40	TGAGGGTGATAAATATGCCTGCTC	1
2128	2129	41	CTGAGGGTGATAAATATGCCTGCT	1
2129	9090	42	CCTGAGGGTGATAAATATGCCTGC	1
9090	2131	43	TCCTGAGGGTGATAAATATGCCTG	1
2131	2132	45	CTCCTGAGGGTGATAAATATGCCT	1
2132	2133	44	ACTCCTGAGGGTGATAAATATGCC	1
2133	9094	47	TACTCCTGAGGGTGATAAATATGC	1
9094	9095	47	ATACTCCTGAGGGTGATAAATATG	1
9095	9096	47	AATACTCCTGAGGGTGATAAATAT	1
9096	9097	44	GAATACTCCTGAGGGTGATAAATA	1
9097	2138	44	AGAATACTCCTGAGGGTGATAAAT	1
2138	2139	44	CAGAATACTCCTGAGGGTGATAAA	1
2139	2140	44	TCAGAATACTCCTGAGGGTGATAA	1
2140	2141	42	TTCAGAATACTCCTGAGGGTGATA	1
2141	9102	45	TTTCAGAATACTCCTGAGGGTGAT	1
9102	9103	45	ATTTCAGAATACTCCTGAGGGTGA	1
9103	9104	45	CATTTCAGAATACTCCTGAGGGTG	1
9104	9105	45	GCATTTCAGAATACTCCTGAGGGT	1
9105	9106	46	AGCATTTCAGAATACTCCTGAGGG	1
9106	9107	44	AAGCATTTCAGAATACTCCTGAGG	1
9107	9108	42	GAAGCATTTCAGAATACTCCTGAG	1
9108	9109	43	AGAAGCATTTCAGAATACTCCTGA	1
9109	9110	43	AAGAAGCATTTCAGAATACTCCTG	1
9110	2151	43	GAAGAAGCATTTCAGAATACTCCT	1
2151	2152	43	TGAAGAAGCATTTCAGAATACTCC	1
2152	2153	46	ATGAAGAAGCATTTCAGAATACTC	1
2153	9114	46	TATGAAGAAGCATTTCAGAATACT	1
9114	9115	45	GTATGAAGAAGCATTTCAGAATAC	1
9115	9116	45	TGTATGAAGAAGCATTTCAGAATA	1
9116	2157	45	ATGTATGAAGAAGCATTTCAGAAT	1
2157	9118	43	CATGTATGAAGAAGCATTTCAGAA	1
9118	9119	39	GCATGTATGAAGAAGCATTTCAGA	1
9119	2160	39	AGCATGTATGAAGAAGCATTTCAG	1
2160	2161	39	CAGCATGTATGAAGAAGCATTTCA	1
2161	2162	39	TCAGCATGTATGAAGAAGCATTTC	1
2162	2163	36	CTCAGCATGTATGAAGAAGCATTT	1
2163	2164	36	TCTCAGCATGTATGAAGAAGCATT	1
2164	9125	35	CTCTCAGCATGTATGAAGAAGCAT	1
9125	9126	35	GCTCTCAGCATGTATGAAGAAGCA	1
9126	9127	36	GGCTCTCAGCATGTATGAAGAAGC	1
9127	9128	36	GGGCTCTCAGCATGTATGAAGAAG	1
9128	2169	37	AGGGCTCTCAGCATGTATGAAGAA	1
2169	2170	35	CAGGGCTCTCAGCATGTATGAAGA	1
2170	2171	35	CCAGGGCTCTCAGCATGTATGAAG	1
2171	9132	35	TCCAGGGCTCTCAGCATGTATGAA	1
9132	9133	36	TTCCAGGGCTCTCAGCATGTATGA	1
9133	2174	38	TTTCCAGGGCTCTCAGCATGTATG	1
2174	2175	35	ATTTCCAGGGCTCTCAGCATGTAT	1
2175	2176	34	CATTTCCAGGGCTCTCAGCATGTA	1
2176	9137	33	CCATTTCCAGGGCTCTCAGCATGT	1
9137	2178	32	TCCATTTCCAGGGCTCTCAGCATG	1
2178	2179	29	CTCCATTTCCAGGGCTCTCAGCAT	1
2179	2180	29	CCTCCATTTCCAGGGCTCTCAGCA	1
2180	9141	27	GCCTCCATTTCCAGGGCTCTCAGC	1
9141	2182	26	CGCCTCCATTTCCAGGGCTCTCAG	1
2182	2183	25	CCGCCTCCATTTCCAGGGCTCTCA	1
2183	2184	24	ACCGCCTCCATTTCCAGGGCTCTC	1
2184	2185	24	AACCGCCTCCATTTCCAGGGCTCT	1
2185	2186	23	CAACCGCCTCCATTTCCAGGGCTC	1
2186	9147	23	CCAACCGCCTCCATTTCCAGGGCT	1
9147	9148	30	GCCAACCGCCTCCATTTCCAGGGC	1
9148	9149	33	CGCCAACCGCCTCCATTTCCAGGG	1
9149	9150	33	CCGCCAACCGCCTCCATTTCCAGG	1
9150	2191	38	TCCGCCAACCGCCTCCATTTCCAG	1
2191	2192	38	TTCCGCCAACCGCCTCCATTTCCA	1
2192	2193	39	CTTCCGCCAACCGCCTCCATTTCC	1
2193	2194	36	GCTTCCGCCAACCGCCTCCATTTC	1
2194	2195	36	TGCTTCCGCCAACCGCCTCCATTT	1
2195	2196	37	TTGCTTCCGCCAACCGCCTCCATT	1
2196	9157	37	TTTGCTTCCGCCAACCGCCTCCAT	1
9157	2198	37	ATTTGCTTCCGCCAACCGCCTCCA	1
2198	2199	41	TATTTGCTTCCGCCAACCGCCTCC	1
2199	9160	41	GTATTTGCTTCCGCCAACCGCCTC	1
9160	2201	41	GGTATTTGCTTCCGCCAACCGCCT	1
2201	2202	43	TGGTATTTGCTTCCGCCAACCGCC	1
2202	9163	44	TTGGTATTTGCTTCCGCCAACCGC	1
9163	2204	44	TTTGGTATTTGCTTCCGCCAACCG	1
2204	2205	41	CTTTGGTATTTGCTTCCGCCAACC	1
2205	9166	44	TCTTTGGTATTTGCTTCCGCCAAC	1
9166	2207	44	ATCTTTGGTATTTGCTTCCGCCAA	1
2207	2208	44	CATCTTTGGTATTTGCTTCCGCCA	1
2208	2209	45	CCATCTTTGGTATTTGCTTCCGCC	1
2209	9170	46	TCCATCTTTGGTATTTGCTTCCGC	1
9170	2211	47	ATCCATCTTTGGTATTTGCTTCCG	1
2211	2212	47	TATCCATCTTTGGTATTTGCTTCC	1
2212	9173	49	CTATCCATCTTTGGTATTTGCTTC	1
9173	2214	50	GCTATCCATCTTTGGTATTTGCTT	1
2214	2215	51	TGCTATCCATCTTTGGTATTTGCT	1
2215	2216	52	TTGCTATCCATCTTTGGTATTTGC	1
2216	2217	53	CTTGCTATCCATCTTTGGTATTTG	1
2217	2218	53	ACTTGCTATCCATCTTTGGTATTT	1
2218	2219	54	CACTTGCTATCCATCTTTGGTATT	1
2219	9180	55	ACACTTGCTATCCATCTTTGGTAT	1
9180	9181	56	AACACTTGCTATCCATCTTTGGTA	1
9181	9182	58	GAACACTTGCTATCCATCTTTGGT	1
9182	9183	54	CGAACACTTGCTATCCATCTTTGG	1
9183	2224	56	ACGAACACTTGCTATCCATCTTTG	1
2224	2225	55	AACGAACACTTGCTATCCATCTTT	1
2225	9186	53	AAACGAACACTTGCTATCCATCTT	1
9186	9187	53	GAAACGAACACTTGCTATCCATCT	1
9187	2228	52	GGAAACGAACACTTGCTATCCATC	1
2228	2229	54	TGGAAACGAACACTTGCTATCCAT	1
2229	2230	54	TTGGAAACGAACACTTGCTATCCA	1
2230	2231	54	ATTGGAAACGAACACTTGCTATCC	1
2231	9192	56	GATTGGAAACGAACACTTGCTATC	1
9192	9193	57	AGATTGGAAACGAACACTTGCTAT	1
9193	2234	59	TAGATTGGAAACGAACACTTGCTA	1
2234	2235	61	CTAGATTGGAAACGAACACTTGCT	1
2235	9196	60	GCTAGATTGGAAACGAACACTTGC	1
9196	2237	60	AGCTAGATTGGAAACGAACACTTG	1
2237	2238	60	CAGCTAGATTGGAAACGAACACTT	1
2238	2239	60	CCAGCTAGATTGGAAACGAACACT	1
2239	2240	54	CCCAGCTAGATTGGAAACGAACAC	1
2240	2241	53	TCCCAGCTAGATTGGAAACGAACA	1
2241	9202	54	CTCCCAGCTAGATTGGAAACGAAC	1
9202	9203	52	GCTCCCAGCTAGATTGGAAACGAA	1
9203	9204	51	TGCTCCCAGCTAGATTGGAAACGA	1
9204	2245	50	TTGCTCCCAGCTAGATTGGAAACG	1
2245	9206	49	TTTGCTCCCAGCTAGATTGGAAAC	1
9206	9207	48	GTTTGCTCCCAGCTAGATTGGAAA	1
9207	9208	48	TGTTTGCTCCCAGCTAGATTGGAA	1
9208	9209	50	ATGTTTGCTCCCAGCTAGATTGGA	1
9209	9210	50	AATGTTTGCTCCCAGCTAGATTGG	1
9210	2251	48	CAATGTTTGCTCCCAGCTAGATTG	1
2251	9212	49	TCAATGTTTGCTCCCAGCTAGATT	1
9212	9213	49	ATCAATGTTTGCTCCCAGCTAGAT	1
9213	9214	48	AATCAATGTTTGCTCCCAGCTAGA	1
9214	2255	46	AAATCAATGTTTGCTCCCAGCTAG	1
2255	2256	46	CAAATCAATGTTTGCTCCCAGCTA	1
2256	2257	46	ACAAATCAATGTTTGCTCCCAGCT	1
2257	9218	45	AACAAATCAATGTTTGCTCCCAGC	1
9218	9219	46	AAACAAATCAATGTTTGCTCCCAG	1
9219	2260	45	GAAACAAATCAATGTTTGCTCCCA	1
2260	2261	51	AGAAACAAATCAATGTTTGCTCCC	1
2261	2262	51	CAGAAACAAATCAATGTTTGCTCC	1
2262	9223	50	GCAGAAACAAATCAATGTTTGCTC	1
9223	9224	50	AGCAGAAACAAATCAATGTTTGCT	1
9224	9225	49	GAGCAGAAACAAATCAATGTTTGC	1
9225	2266	48	AGAGCAGAAACAAATCAATGTTTG	1
2266	2267	49	CAGAGCAGAAACAAATCAATGTTT	1
2267	2268	47	TCAGAGCAGAAACAAATCAATGTT	1
2268	9229	46	CTCAGAGCAGAAACAAATCAATGT	1
9229	2270	46	TCTCAGAGCAGAAACAAATCAATG	1
2270	9231	45	CTCTCAGAGCAGAAACAAATCAAT	1
9231	9232	45	GCTCTCAGAGCAGAAACAAATCAA	1
9232	2273	43	AGCTCTCAGAGCAGAAACAAATCA	1
2273	9234	42	CAGCTCTCAGAGCAGAAACAAATC	1
9234	9235	41	GCAGCTCTCAGAGCAGAAACAAAT	1
9235	9236	40	GGCAGCTCTCAGAGCAGAAACAAA	1
9236	9237	41	TGGCAGCTCTCAGAGCAGAAACAA	1
9237	2278	41	GTGGCAGCTCTCAGAGCAGAAACA	1
2278	9239	41	TGTGGCAGCTCTCAGAGCAGAAAC	1
9239	9240	39	GTGTGGCAGCTCTCAGAGCAGAAA	1
9240	2281	35	GGTGTGGCAGCTCTCAGAGCAGAA	1
2281	2282	35	CGGTGTGGCAGCTCTCAGAGCAGA	1
2282	9243	37	CCGGTGTGGCAGCTCTCAGAGCAG	1
9243	2284	35	ACCGGTGTGGCAGCTCTCAGAGCA	1
2284	9245	34	AACCGGTGTGGCAGCTCTCAGAGC	1
9245	9246	31	AAACCGGTGTGGCAGCTCTCAGAG	1
9246	9247	28	AAAACCGGTGTGGCAGCTCTCAGA	1
9247	9248	27	GAAAACCGGTGTGGCAGCTCTCAG	1
9248	2289	27	GGAAAACCGGTGTGGCAGCTCTCA	1
2289	2290	26	TGGAAAACCGGTGTGGCAGCTCTC	1
2290	2291	26	CTGGAAAACCGGTGTGGCAGCTCT	1
2291	9252	26	GCTGGAAAACCGGTGTGGCAGCTC	1
9252	2293	26	GGCTGGAAAACCGGTGTGGCAGCT	1
2293	9254	25	TGGCTGGAAAACCGGTGTGGCAGC	1
9254	9255	27	TTGGCTGGAAAACCGGTGTGGCAG	1
9255	2296	27	GTTGGCTGGAAAACCGGTGTGGCA	1
2296	9257	28	TGTTGGCTGGAAAACCGGTGTGGC	1
9257	2298	29	CTGTTGGCTGGAAAACCGGTGTGG	1
2298	2299	31	CCTGTTGGCTGGAAAACCGGTGTG	1
2299	9260	31	CCCTGTTGGCTGGAAAACCGGTGT	1
9260	2301	30	GCCCTGTTGGCTGGAAAACCGGTG	1
2301	9262	31	TGCCCTGTTGGCTGGAAAACCGGT	1
9262	9263	37	TTGCCCTGTTGGCTGGAAAACCGG	1
9263	2304	38	TTTGCCCTGTTGGCTGGAAAACCG	1
2304	2305	39	ATTTGCCCTGTTGGCTGGAAAACC	1
2305	9266	38	TATTTGCCCTGTTGGCTGGAAAAC	1
9266	2307	39	ATATTTGCCCTGTTGGCTGGAAAA	1
2307	9268	38	CATATTTGCCCTGTTGGCTGGAAA	1
9268	2309	38	GCATATTTGCCCTGTTGGCTGGAA	1
2309	9270	33	CGCATATTTGCCCTGTTGGCTGGA	1
9270	9271	29	GCGCATATTTGCCCTGTTGGCTGG	1
9271	2312	26	TGCGCATATTTGCCCTGTTGGCTG	1
2312	2313	26	TTGCGCATATTTGCCCTGTTGGCT	1
2313	9274	27	ATTGCGCATATTTGCCCTGTTGGC	1
9274	9275	27	GATTGCGCATATTTGCCCTGTTGG	1
9275	9276	28	CGATTGCGCATATTTGCCCTGTTG	1
9276	9277	27	GCGATTGCGCATATTTGCCCTGTT	1
9277	9278	27	AGCGATTGCGCATATTTGCCCTGT	1
9278	2319	27	GAGCGATTGCGCATATTTGCCCTG	1
2319	2320	27	TGAGCGATTGCGCATATTTGCCCT	1
2320	2321	28	ATGAGCGATTGCGCATATTTGCCC	1
2321	2322	32	GATGAGCGATTGCGCATATTTGCC	1
2322	9283	32	CGATGAGCGATTGCGCATATTTGC	1
9283	2324	32	ACGATGAGCGATTGCGCATATTTG	1
2324	2325	33	CACGATGAGCGATTGCGCATATTT	1
2325	2326	33	CCACGATGAGCGATTGCGCATATT	1
2326	9287	33	TCCACGATGAGCGATTGCGCATAT	1
9287	2328	35	ATCCACGATGAGCGATTGCGCATA	1
2328	2329	37	CATCCACGATGAGCGATTGCGCAT	1
2329	2330	38	TCATCCACGATGAGCGATTGCGCA	1
2330	2331	41	TTCATCCACGATGAGCGATTGCGC	1
2331	2332	41	CTTCATCCACGATGAGCGATTGCG	1
2332	9293	39	CCTTCATCCACGATGAGCGATTGC	1
9293	2334	39	TCCTTCATCCACGATGAGCGATTG	1
2334	2335	37	CTCCTTCATCCACGATGAGCGATT	1
2335	9296	39	ACTCCTTCATCCACGATGAGCGAT	1
9296	9297	40	GACTCCTTCATCCACGATGAGCGA	1
9297	2338	41	TGACTCCTTCATCCACGATGAGCG	1
2338	9299	41	CTGACTCCTTCATCCACGATGAGC	1
9299	9300	42	GCTGACTCCTTCATCCACGATGAG	1
9300	9301	43	GGCTGACTCCTTCATCCACGATGA	1
9301	2342	43	AGGCTGACTCCTTCATCCACGATG	1
2342	2343	45	CAGGCTGACTCCTTCATCCACGAT	1
2343	9304	50	CCAGGCTGACTCCTTCATCCACGA	1
9304	2345	55	TCCAGGCTGACTCCTTCATCCACG	1
2345	9306	58	CTCCAGGCTGACTCCTTCATCCAC	1
9306	2347	59	GCTCCAGGCTGACTCCTTCATCCA	1
2347	2348	64	AGCTCCAGGCTGACTCCTTCATCC	1
2348	2349	64	CAGCTCCAGGCTGACTCCTTCATC	1
2349	9310	64	TCAGCTCCAGGCTGACTCCTTCAT	1
9310	2351	65	ATCAGCTCCAGGCTGACTCCTTCA	1
2351	9312	66	CATCAGCTCCAGGCTGACTCCTTC	1
9312	9313	66	GCATCAGCTCCAGGCTGACTCCTT	1
9313	2354	66	GGCATCAGCTCCAGGCTGACTCCT	1
2354	2355	64	TGGCATCAGCTCCAGGCTGACTCC	1
2355	2356	62	TTGGCATCAGCTCCAGGCTGACTC	1
2356	9317	61	ATTGGCATCAGCTCCAGGCTGACT	1
9317	2358	61	GATTGGCATCAGCTCCAGGCTGAC	1
2358	2359	59	CGATTGGCATCAGCTCCAGGCTGA	1
2359	9320	59	CCGATTGGCATCAGCTCCAGGCTG	1
9320	9321	60	GCCGATTGGCATCAGCTCCAGGCT	1
9321	9322	62	GGCCGATTGGCATCAGCTCCAGGC	1
9322	9323	63	TGGCCGATTGGCATCAGCTCCAGG	1
9323	9324	64	TTGGCCGATTGGCATCAGCTCCAG	1
9324	2365	62	GTTGGCCGATTGGCATCAGCTCCA	1
2365	2366	62	AGTTGGCCGATTGGCATCAGCTCC	1
2366	9327	62	CAGTTGGCCGATTGGCATCAGCTC	1
9327	2368	62	GCAGTTGGCCGATTGGCATCAGCT	1
2368	9329	62	TGCAGTTGGCCGATTGGCATCAGC	1
9329	2370	63	ATGCAGTTGGCCGATTGGCATCAG	1
2370	2371	62	CATGCAGTTGGCCGATTGGCATCA	1
2371	2372	62	CCATGCAGTTGGCCGATTGGCATC	1
2372	2373	62	ACCATGCAGTTGGCCGATTGGCAT	1
2373	2374	61	CACCATGCAGTTGGCCGATTGGCA	1
2374	9335	58	TCACCATGCAGTTGGCCGATTGGC	1
9335	9336	58	CTCACCATGCAGTTGGCCGATTGG	1
9336	2377	57	GCTCACCATGCAGTTGGCCGATTG	1
2377	2378	58	TGCTCACCATGCAGTTGGCCGATT	1
2378	9339	58	CTGCTCACCATGCAGTTGGCCGAT	1
9339	9340	57	GCTGCTCACCATGCAGTTGGCCGA	1
9340	2381	57	AGCTGCTCACCATGCAGTTGGCCG	1
2381	9342	57	GAGCTGCTCACCATGCAGTTGGCC	1
9342	9343	54	GGAGCTGCTCACCATGCAGTTGGC	1
9343	9344	53	GGGAGCTGCTCACCATGCAGTTGG	1
9344	2385	53	CGGGAGCTGCTCACCATGCAGTTG	1
2385	2386	52	CCGGGAGCTGCTCACCATGCAGTT	1
2386	9347	54	TCCGGGAGCTGCTCACCATGCAGT	1
9347	9348	52	GTCCGGGAGCTGCTCACCATGCAG	1
9348	2389	51	AGTCCGGGAGCTGCTCACCATGCA	1
2389	9350	50	CAGTCCGGGAGCTGCTCACCATGC	1
9350	9351	50	TCAGTCCGGGAGCTGCTCACCATG	1
9351	9352	49	GTCAGTCCGGGAGCTGCTCACCAT	1
9352	2393	49	AGTCAGTCCGGGAGCTGCTCACCA	1
2393	2394	49	CAGTCAGTCCGGGAGCTGCTCACC	1
2394	9355	52	CCAGTCAGTCCGGGAGCTGCTCAC	1
9355	2396	47	GCCAGTCAGTCCGGGAGCTGCTCA	1
2396	2397	45	AGCCAGTCAGTCCGGGAGCTGCTC	1
2397	9358	43	AAGCCAGTCAGTCCGGGAGCTGCT	1
9358	9359	41	GAAGCCAGTCAGTCCGGGAGCTGC	1
9359	9360	38	GGAAGCCAGTCAGTCCGGGAGCTG	1
9360	2401	35	GGGAAGCCAGTCAGTCCGGGAGCT	1
2401	9362	37	TGGGAAGCCAGTCAGTCCGGGAGC	1
9362	9363	37	GTGGGAAGCCAGTCAGTCCGGGAG	1
9363	9364	36	GGTGGGAAGCCAGTCAGTCCGGGA	1
9364	9365	38	TGGTGGGAAGCCAGTCAGTCCGGG	1
9365	9366	40	TTGGTGGGAAGCCAGTCAGTCCGG	1
9366	2407	38	GTTGGTGGGAAGCCAGTCAGTCCG	1
2407	2408	38	AGTTGGTGGGAAGCCAGTCAGTCC	1
2408	2409	39	CAGTTGGTGGGAAGCCAGTCAGTC	1
2409	2410	39	TCAGTTGGTGGGAAGCCAGTCAGT	1
2410	2411	39	CTCAGTTGGTGGGAAGCCAGTCAG	1
2411	2412	39	TCTCAGTTGGTGGGAAGCCAGTCA	1
2412	2413	38	GTCTCAGTTGGTGGGAAGCCAGTC	1
2413	2414	39	TGTCTCAGTTGGTGGGAAGCCAGT	1
2414	2415	39	CTGTCTCAGTTGGTGGGAAGCCAG	1
2415	2416	39	TCTGTCTCAGTTGGTGGGAAGCCA	1
2416	2417	39	TTCTGTCTCAGTTGGTGGGAAGCC	1
2417	9378	38	CTTCTGTCTCAGTTGGTGGGAAGC	1
9378	9379	38	TCTTCTGTCTCAGTTGGTGGGAAG	1
9379	2420	38	TTCTTCTGTCTCAGTTGGTGGGAA	1
2420	9381	38	CTTCTTCTGTCTCAGTTGGTGGGA	1
9381	2422	38	CCTTCTTCTGTCTCAGTTGGTGGG	1
2422	9383	37	CCCTTCTTCTGTCTCAGTTGGTGG	1
9383	2424	36	GCCCTTCTTCTGTCTCAGTTGGTG	1
2424	9385	35	TGCCCTTCTTCTGTCTCAGTTGGT	1
9385	2426	35	TTGCCCTTCTTCTGTCTCAGTTGG	1
2426	2427	36	CTTGCCCTTCTTCTGTCTCAGTTG	1
2427	9388	36	CCTTGCCCTTCTTCTGTCTCAGTT	1
9388	9389	36	GCCTTGCCCTTCTTCTGTCTCAGT	1
9389	2430	35	CGCCTTGCCCTTCTTCTGTCTCAG	1
2430	2431	37	TCGCCTTGCCCTTCTTCTGTCTCA	1
2431	2432	34	ATCGCCTTGCCCTTCTTCTGTCTC	1
2432	2433	31	CATCGCCTTGCCCTTCTTCTGTCT	1
2433	9394	32	TCATCGCCTTGCCCTTCTTCTGTC	1
9394	9395	33	ATCATCGCCTTGCCCTTCTTCTGT	1
9395	2436	33	GATCATCGCCTTGCCCTTCTTCTG	1
2436	2437	33	TGATCATCGCCTTGCCCTTCTTCT	1
2437	9398	33	GTGATCATCGCCTTGCCCTTCTTC	1
9398	9399	31	GGTGATCATCGCCTTGCCCTTCTT	1
9399	2440	31	AGGTGATCATCGCCTTGCCCTTCT	1
2440	2441	32	CAGGTGATCATCGCCTTGCCCTTC	1
2441	9402	31	TCAGGTGATCATCGCCTTGCCCTT	1
9402	2443	31	GTCAGGTGATCATCGCCTTGCCCT	1
2443	2444	31	AGTCAGGTGATCATCGCCTTGCCC	1
2444	9405	33	CAGTCAGGTGATCATCGCCTTGCC	1
9405	9406	32	GCAGTCAGGTGATCATCGCCTTGC	1
9406	2447	30	AGCAGTCAGGTGATCATCGCCTTG	1
2447	2448	29	CAGCAGTCAGGTGATCATCGCCTT	1
2448	2449	29	ACAGCAGTCAGGTGATCATCGCCT	1
2449	2450	28	CACAGCAGTCAGGTGATCATCGCC	1
2450	9411	27	GCACAGCAGTCAGGTGATCATCGC	1
9411	2452	28	GGCACAGCAGTCAGGTGATCATCG	1
2452	2453	28	TGGCACAGCAGTCAGGTGATCATC	1
2453	2454	28	CTGGCACAGCAGTCAGGTGATCAT	1
2454	2455	28	TCTGGCACAGCAGTCAGGTGATCA	1
2455	2456	28	GTCTGGCACAGCAGTCAGGTGATC	1
2456	9417	25	TGTCTGGCACAGCAGTCAGGTGAT	1
9417	9418	24	TTGTCTGGCACAGCAGTCAGGTGA	1
9418	2459	23	GTTGTCTGGCACAGCAGTCAGGTG	1
2459	9420	23	TGTTGTCTGGCACAGCAGTCAGGT	1
9420	2461	25	CTGTTGTCTGGCACAGCAGTCAGG	1
2461	9422	25	CCTGTTGTCTGGCACAGCAGTCAG	1
9422	9423	27	GCCTGTTGTCTGGCACAGCAGTCA	1
9423	9424	28	GGCCTGTTGTCTGGCACAGCAGTC	1
9424	9425	29	AGGCCTGTTGTCTGGCACAGCAGT	1
9425	9426	29	GAGGCCTGTTGTCTGGCACAGCAG	1
9426	9427	30	TGAGGCCTGTTGTCTGGCACAGCA	1
9427	9428	30	GTGAGGCCTGTTGTCTGGCACAGC	1
9428	2469	31	AGTGAGGCCTGTTGTCTGGCACAG	1
2469	2470	31	TAGTGAGGCCTGTTGTCTGGCACA	1
2470	9431	34	TTAGTGAGGCCTGTTGTCTGGCAC	1
9431	9432	34	ATTAGTGAGGCCTGTTGTCTGGCA	1
9432	9433	37	GATTAGTGAGGCCTGTTGTCTGGC	1
9433	9434	36	GGATTAGTGAGGCCTGTTGTCTGG	1
9434	2475	36	AGGATTAGTGAGGCCTGTTGTCTG	1
2475	2476	36	TAGGATTAGTGAGGCCTGTTGTCT	1
2476	9437	36	GTAGGATTAGTGAGGCCTGTTGTC	1
9437	9438	36	AGTAGGATTAGTGAGGCCTGTTGT	1
9438	9439	35	CAGTAGGATTAGTGAGGCCTGTTG	1
9439	9440	36	GCAGTAGGATTAGTGAGGCCTGTT	1
9440	9441	36	GGCAGTAGGATTAGTGAGGCCTGT	1
9441	2482	37	GGGCAGTAGGATTAGTGAGGCCTG	1
2482	2483	35	CGGGCAGTAGGATTAGTGAGGCCT	1
2483	2484	37	ACGGGCAGTAGGATTAGTGAGGCC	1
2484	9445	37	CACGGGCAGTAGGATTAGTGAGGC	1
9445	9446	38	TCACGGGCAGTAGGATTAGTGAGG	1
9446	2487	39	CTCACGGGCAGTAGGATTAGTGAG	1
2487	9448	40	CCTCACGGGCAGTAGGATTAGTGA	1
9448	2489	47	ACCTCACGGGCAGTAGGATTAGTG	1
2489	2490	48	TACCTCACGGGCAGTAGGATTAGT	1
2490	9451	47	CTACCTCACGGGCAGTAGGATTAG	1
9451	9452	47	GCTACCTCACGGGCAGTAGGATTA	1
9452	2493	47	AGCTACCTCACGGGCAGTAGGATT	1
2493	9454	47	CAGCTACCTCACGGGCAGTAGGAT	1
9454	9455	47	TCAGCTACCTCACGGGCAGTAGGA	1
9455	2496	47	TTCAGCTACCTCACGGGCAGTAGG	1
2496	2497	44	CTTCAGCTACCTCACGGGCAGTAG	1
2497	9458	43	TCTTCAGCTACCTCACGGGCAGTA	1
9458	9459	40	GTCTTCAGCTACCTCACGGGCAGT	1
9459	2500	45	TGTCTTCAGCTACCTCACGGGCAG	1
2500	9461	45	CTGTCTTCAGCTACCTCACGGGCA	1
9461	9462	44	GCTGTCTTCAGCTACCTCACGGGC	1
9462	9463	44	GGCTGTCTTCAGCTACCTCACGGG	1
9463	9464	45	AGGCTGTCTTCAGCTACCTCACGG	1
9464	2505	45	GAGGCTGTCTTCAGCTACCTCACG	1
2505	2506	43	AGAGGCTGTCTTCAGCTACCTCAC	1
2506	2507	48	TAGAGGCTGTCTTCAGCTACCTCA	1
2507	2508	49	GTAGAGGCTGTCTTCAGCTACCTC	1
2508	2509	49	CGTAGAGGCTGTCTTCAGCTACCT	1
2509	2510	47	CCGTAGAGGCTGTCTTCAGCTACC	1
2510	2511	46	CCCGTAGAGGCTGTCTTCAGCTAC	1
2511	9472	46	TCCCGTAGAGGCTGTCTTCAGCTA	1
9472	2513	46	GTCCCGTAGAGGCTGTCTTCAGCT	1
2513	9474	49	AGTCCCGTAGAGGCTGTCTTCAGC	1
9474	9475	49	CAGTCCCGTAGAGGCTGTCTTCAG	1
9475	2516	49	ACAGTCCCGTAGAGGCTGTCTTCA	1
2516	9477	49	GACAGTCCCGTAGAGGCTGTCTTC	1
9477	9478	48	AGACAGTCCCGTAGAGGCTGTCTT	1
9478	2519	46	GAGACAGTCCCGTAGAGGCTGTCT	1
2519	2520	46	AGAGACAGTCCCGTAGAGGCTGTC	1
2520	9481	47	CAGAGACAGTCCCGTAGAGGCTGT	1
9481	2522	48	GCAGAGACAGTCCCGTAGAGGCTG	1
2522	2523	45	CGCAGAGACAGTCCCGTAGAGGCT	1
2523	2524	45	CCGCAGAGACAGTCCCGTAGAGGC	1
2524	9485	45	CCCGCAGAGACAGTCCCGTAGAGG	1
9485	9486	45	ACCCGCAGAGACAGTCCCGTAGAG	1
9486	9487	46	AACCCGCAGAGACAGTCCCGTAGA	1
9487	2528	46	TAACCCGCAGAGACAGTCCCGTAG	1
2528	2529	46	TTAACCCGCAGAGACAGTCCCGTA	1
2529	2530	46	CTTAACCCGCAGAGACAGTCCCGT	1
2530	2531	46	CCTTAACCCGCAGAGACAGTCCCG	1
2531	2532	45	TCCTTAACCCGCAGAGACAGTCCC	1
2532	2533	47	CTCCTTAACCCGCAGAGACAGTCC	1
2533	9494	49	TCTCCTTAACCCGCAGAGACAGTC	1
9494	9495	50	GTCTCCTTAACCCGCAGAGACAGT	1
9495	9496	52	AGTCTCCTTAACCCGCAGAGACAG	1
9496	9497	53	AAGTCTCCTTAACCCGCAGAGACA	1
9497	9498	53	GAAGTCTCCTTAACCCGCAGAGAC	1
9498	9499	56	GGAAGTCTCCTTAACCCGCAGAGA	1
9499	9500	65	AGGAAGTCTCCTTAACCCGCAGAG	1
9500	9501	63	GAGGAAGTCTCCTTAACCCGCAGA	1
9501	9502	69	AGAGGAAGTCTCCTTAACCCGCAG	1
9502	9503	72	AAGAGGAAGTCTCCTTAACCCGCA	1
9503	9504	77	GAAGAGGAAGTCTCCTTAACCCGC	1
9504	2545	77	TGAAGAGGAAGTCTCCTTAACCCG	1
2545	2546	82	TTGAAGAGGAAGTCTCCTTAACCC	1
2546	9507	86	ATTGAAGAGGAAGTCTCCTTAACC	1
9507	9508	95	GATTGAAGAGGAAGTCTCCTTAAC	1
9508	2549	94	AGATTGAAGAGGAAGTCTCCTTAA	1
2549	2550	94	CAGATTGAAGAGGAAGTCTCCTTA	1
2550	2551	94	TCAGATTGAAGAGGAAGTCTCCTT	1
2551	2552	88	CTCAGATTGAAGAGGAAGTCTCCT	1
2552	2553	90	CCTCAGATTGAAGAGGAAGTCTCC	1
2553	2554	90	ACCTCAGATTGAAGAGGAAGTCTC	1
2554	2555	87	CACCTCAGATTGAAGAGGAAGTCT	1
2555	2556	86	GCACCTCAGATTGAAGAGGAAGTC	1
2556	9517	91	TGCACCTCAGATTGAAGAGGAAGT	1
9517	9518	91	CTGCACCTCAGATTGAAGAGGAAG	1
9518	2559	88	GCTGCACCTCAGATTGAAGAGGAA	1
2559	9520	88	CGCTGCACCTCAGATTGAAGAGGA	1
9520	9521	88	CCGCTGCACCTCAGATTGAAGAGG	1
9521	9522	90	ACCGCTGCACCTCAGATTGAAGAG	1
9522	9523	90	TACCGCTGCACCTCAGATTGAAGA	1
9523	2564	90	ATACCGCTGCACCTCAGATTGAAG	1
2564	9525	88	CATACCGCTGCACCTCAGATTGAA	1
9525	2566	85	ACATACCGCTGCACCTCAGATTGA	1
2566	2567	83	CACATACCGCTGCACCTCAGATTG	1
2567	9528	83	TCACATACCGCTGCACCTCAGATT	1
9528	9529	79	GTCACATACCGCTGCACCTCAGAT	1
9529	2570	79	TGTCACATACCGCTGCACCTCAGA	1
2570	9531	79	CTGTCACATACCGCTGCACCTCAG	1
9531	9532	79	GCTGTCACATACCGCTGCACCTCA	1
9532	2573	79	GGCTGTCACATACCGCTGCACCTC	1
2573	2574	79	TGGCTGTCACATACCGCTGCACCT	1
2574	2575	79	CTGGCTGTCACATACCGCTGCACC	1
2575	2576	82	GCTGGCTGTCACATACCGCTGCAC	1
2576	2577	82	CGCTGGCTGTCACATACCGCTGCA	1
2577	2578	82	CCGCTGGCTGTCACATACCGCTGC	1
2578	2579	84	CCCGCTGGCTGTCACATACCGCTG	1
2579	2580	86	TCCCGCTGGCTGTCACATACCGCT	1
2580	9541	84	TTCCCGCTGGCTGTCACATACCGC	1
9541	2582	83	TTTCCCGCTGGCTGTCACATACCG	1
2582	2583	82	TTTTCCCGCTGGCTGTCACATACC	1
2583	2584	83	TTTTTCCCGCTGGCTGTCACATAC	1
2584	9545	84	CTTTTTCCCGCTGGCTGTCACATA	1
9545	9546	83	GCTTTTTCCCGCTGGCTGTCACAT	1
9546	9547	81	AGCTTTTTCCCGCTGGCTGTCACA	1
9547	9548	79	GAGCTTTTTCCCGCTGGCTGTCAC	1
9548	2589	77	AGAGCTTTTTCCCGCTGGCTGTCA	1
2589	9550	76	AAGAGCTTTTTCCCGCTGGCTGTC	1
9550	9551	73	GAAGAGCTTTTTCCCGCTGGCTGT	1
9551	2592	61	AGAAGAGCTTTTTCCCGCTGGCTG	1
2592	9553	61	TAGAAGAGCTTTTTCCCGCTGGCT	1
9553	9554	55	GTAGAAGAGCTTTTTCCCGCTGGC	1
9554	9555	53	CGTAGAAGAGCTTTTTCCCGCTGG	1
9555	2596	50	GCGTAGAAGAGCTTTTTCCCGCTG	1
2596	9557	49	AGCGTAGAAGAGCTTTTTCCCGCT	1
9557	9558	45	GAGCGTAGAAGAGCTTTTTCCCGC	1
9558	2599	44	GGAGCGTAGAAGAGCTTTTTCCCG	1
2599	2600	39	TGGAGCGTAGAAGAGCTTTTTCCC	1
2600	2601	43	CTGGAGCGTAGAAGAGCTTTTTCC	1
2601	2602	43	TCTGGAGCGTAGAAGAGCTTTTTC	1
2602	2603	42	CTCTGGAGCGTAGAAGAGCTTTTT	1
2603	9564	42	ACTCTGGAGCGTAGAAGAGCTTTT	1
9564	9565	39	GACTCTGGAGCGTAGAAGAGCTTT	1
9565	2606	39	AGACTCTGGAGCGTAGAAGAGCTT	1
2606	2607	40	CAGACTCTGGAGCGTAGAAGAGCT	1
2607	9568	42	TCAGACTCTGGAGCGTAGAAGAGC	1
9568	9569	39	TTCAGACTCTGGAGCGTAGAAGAG	1
9569	9570	39	ATTCAGACTCTGGAGCGTAGAAGA	1
9570	9571	40	CATTCAGACTCTGGAGCGTAGAAG	1
9571	9572	39	ACATTCAGACTCTGGAGCGTAGAA	1
9572	9573	38	TACATTCAGACTCTGGAGCGTAGA	1
9573	9574	35	ATACATTCAGACTCTGGAGCGTAG	1
9574	9575	35	AATACATTCAGACTCTGGAGCGTA	1
9575	9576	34	GAATACATTCAGACTCTGGAGCGT	1
9576	9577	34	CGAATACATTCAGACTCTGGAGCG	1
9577	9578	34	GCGAATACATTCAGACTCTGGAGC	1
9578	2619	35	AGCGAATACATTCAGACTCTGGAG	1
2619	2620	35	CAGCGAATACATTCAGACTCTGGA	1
2620	2621	36	CCAGCGAATACATTCAGACTCTGG	1
2621	9582	36	CCCAGCGAATACATTCAGACTCTG	1
9582	2623	34	GCCCAGCGAATACATTCAGACTCT	1
2623	9584	34	AGCCCAGCGAATACATTCAGACTC	1
9584	2625	34	GAGCCCAGCGAATACATTCAGACT	1
2625	9586	35	TGAGCCCAGCGAATACATTCAGAC	1
9586	9587	35	ATGAGCCCAGCGAATACATTCAGA	1
9587	9588	30	GATGAGCCCAGCGAATACATTCAG	1
9588	2629	30	GGATGAGCCCAGCGAATACATTCA	1
2629	2630	31	TGGATGAGCCCAGCGAATACATTC	1
2630	9591	29	CTGGATGAGCCCAGCGAATACATT	1
9591	9592	27	GCTGGATGAGCCCAGCGAATACAT	1
9592	2633	28	AGCTGGATGAGCCCAGCGAATACA	1
2633	2634	29	CAGCTGGATGAGCCCAGCGAATAC	1
2634	9595	29	CCAGCTGGATGAGCCCAGCGAATA	1
9595	9596	28	GCCAGCTGGATGAGCCCAGCGAAT	1
9596	2637	30	GGCCAGCTGGATGAGCCCAGCGAA	1
2637	9598	30	CGGCCAGCTGGATGAGCCCAGCGA	1
9598	9599	30	ACGGCCAGCTGGATGAGCCCAGCG	1
9599	9600	31	GACGGCCAGCTGGATGAGCCCAGC	1
9600	2641	33	TGACGGCCAGCTGGATGAGCCCAG	1
2641	2642	33	TTGACGGCCAGCTGGATGAGCCCA	1
2642	2643	34	CTTGACGGCCAGCTGGATGAGCCC	1
2643	2644	37	GCTTGACGGCCAGCTGGATGAGCC	1
2644	9605	38	AGCTTGACGGCCAGCTGGATGAGC	1
9605	9606	38	GAGCTTGACGGCCAGCTGGATGAG	1
9606	9607	41	GGAGCTTGACGGCCAGCTGGATGA	1
9607	9608	41	AGGAGCTTGACGGCCAGCTGGATG	1
9608	9609	41	AAGGAGCTTGACGGCCAGCTGGAT	1
9609	9610	39	GAAGGAGCTTGACGGCCAGCTGGA	1
9610	2651	37	TGAAGGAGCTTGACGGCCAGCTGG	1
2651	2652	37	CTGAAGGAGCTTGACGGCCAGCTG	1
2652	2653	34	CCTGAAGGAGCTTGACGGCCAGCT	1
2653	9614	34	ACCTGAAGGAGCTTGACGGCCAGC	1
9614	2655	36	CACCTGAAGGAGCTTGACGGCCAG	1
2655	2656	39	CCACCTGAAGGAGCTTGACGGCCA	1
2656	9617	42	GCCACCTGAAGGAGCTTGACGGCC	1
9617	9618	44	GGCCACCTGAAGGAGCTTGACGGC	1
9618	9619	43	GGGCCACCTGAAGGAGCTTGACGG	1
9619	2660	42	GGGGCCACCTGAAGGAGCTTGACG	1
2660	9621	40	TGGGGCCACCTGAAGGAGCTTGAC	1
9621	9622	41	ATGGGGCCACCTGAAGGAGCTTGA	1
9622	2663	40	TATGGGGCCACCTGAAGGAGCTTG	1
2663	2664	41	CTATGGGGCCACCTGAAGGAGCTT	1
2664	2665	41	CCTATGGGGCCACCTGAAGGAGCT	1
2665	9626	43	CCCTATGGGGCCACCTGAAGGAGC	1
9626	9627	50	GCCCTATGGGGCCACCTGAAGGAG	1
9627	9628	52	AGCCCTATGGGGCCACCTGAAGGA	1
9628	9629	52	AAGCCCTATGGGGCCACCTGAAGG	1
9629	9630	51	GAAGCCCTATGGGGCCACCTGAAG	1
9630	9631	51	TGAAGCCCTATGGGGCCACCTGAA	1
9631	9632	53	GTGAAGCCCTATGGGGCCACCTGA	1
9632	2673	52	TGTGAAGCCCTATGGGGCCACCTG	1
2673	2674	52	ATGTGAAGCCCTATGGGGCCACCT	1
2674	2675	54	TATGTGAAGCCCTATGGGGCCACC	1
2675	9636	55	TTATGTGAAGCCCTATGGGGCCAC	1
9636	2677	58	ATTATGTGAAGCCCTATGGGGCCA	1
2677	2678	56	CATTATGTGAAGCCCTATGGGGCC	1
2678	9639	56	ACATTATGTGAAGCCCTATGGGGC	1
9639	9640	58	GACATTATGTGAAGCCCTATGGGG	1
9640	9641	58	GGACATTATGTGAAGCCCTATGGG	1
9641	9642	63	TGGACATTATGTGAAGCCCTATGG	1
9642	2683	63	ATGGACATTATGTGAAGCCCTATG	1
2683	9644	65	CATGGACATTATGTGAAGCCCTAT	1
9644	9645	65	ACATGGACATTATGTGAAGCCCTA	1
9645	2686	66	GACATGGACATTATGTGAAGCCCT	1
2686	2687	68	TGACATGGACATTATGTGAAGCCC	1
2687	2688	69	CTGACATGGACATTATGTGAAGCC	1
2688	9649	67	CCTGACATGGACATTATGTGAAGC	1
9649	9650	69	GCCTGACATGGACATTATGTGAAG	1
9650	9651	70	AGCCTGACATGGACATTATGTGAA	1
9651	9652	70	GAGCCTGACATGGACATTATGTGA	1
9652	2693	68	GGAGCCTGACATGGACATTATGTG	1
2693	2694	68	TGGAGCCTGACATGGACATTATGT	1
2694	2695	69	CTGGAGCCTGACATGGACATTATG	1
2695	2696	64	ACTGGAGCCTGACATGGACATTAT	1
2696	9657	63	CACTGGAGCCTGACATGGACATTA	1
9657	9658	64	GCACTGGAGCCTGACATGGACATT	1
9658	9659	63	AGCACTGGAGCCTGACATGGACAT	1
9659	9660	65	AAGCACTGGAGCCTGACATGGACA	1
9660	9661	76	GAAGCACTGGAGCCTGACATGGAC	1
9661	9662	78	TGAAGCACTGGAGCCTGACATGGA	1
9662	9663	80	GTGAAGCACTGGAGCCTGACATGG	1
9663	2704	79	TGTGAAGCACTGGAGCCTGACATG	1
2704	9665	81	TTGTGAAGCACTGGAGCCTGACAT	1
9665	2706	80	ATTGTGAAGCACTGGAGCCTGACA	1
2706	2707	77	AATTGTGAAGCACTGGAGCCTGAC	1
2707	2708	75	CAATTGTGAAGCACTGGAGCCTGA	1
2708	2709	74	CCAATTGTGAAGCACTGGAGCCTG	1
2709	2710	71	ACCAATTGTGAAGCACTGGAGCCT	1
2710	2711	71	TACCAATTGTGAAGCACTGGAGCC	1
2711	9672	72	CTACCAATTGTGAAGCACTGGAGC	1
9672	9673	75	ACTACCAATTGTGAAGCACTGGAG	1
9673	9674	75	AACTACCAATTGTGAAGCACTGGA	1
9674	9675	77	GAACTACCAATTGTGAAGCACTGG	1
9675	2716	77	GGAACTACCAATTGTGAAGCACTG	1
2716	2717	77	TGGAACTACCAATTGTGAAGCACT	1
2717	2718	82	CTGGAACTACCAATTGTGAAGCAC	1
2718	2719	75	CCTGGAACTACCAATTGTGAAGCA	1
2719	9680	74	TCCTGGAACTACCAATTGTGAAGC	1
9680	9681	73	TTCCTGGAACTACCAATTGTGAAG	1
9681	9682	73	TTTCCTGGAACTACCAATTGTGAA	1
9682	9683	70	ATTTCCTGGAACTACCAATTGTGA	1
9683	9684	69	GATTTCCTGGAACTACCAATTGTG	1
9684	9685	69	AGATTTCCTGGAACTACCAATTGT	1
9685	9686	69	GAGATTTCCTGGAACTACCAATTG	1
9686	2727	69	GGAGATTTCCTGGAACTACCAATT	1
2727	2728	68	TGGAGATTTCCTGGAACTACCAAT	1
2728	2729	68	CTGGAGATTTCCTGGAACTACCAA	1
2729	2730	67	CCTGGAGATTTCCTGGAACTACCA	1
2730	2731	71	ACCTGGAGATTTCCTGGAACTACC	1
2731	2732	71	CACCTGGAGATTTCCTGGAACTAC	1
2732	2733	72	TCACCTGGAGATTTCCTGGAACTA	1
2733	2734	66	CTCACCTGGAGATTTCCTGGAACT	1
2734	9695	68	ACTCACCTGGAGATTTCCTGGAAC	1
9695	9696	66	GACTCACCTGGAGATTTCCTGGAA	1
9696	9697	62	GGACTCACCTGGAGATTTCCTGGA	1
9697	9698	59	AGGACTCACCTGGAGATTTCCTGG	1
9698	2739	60	AAGGACTCACCTGGAGATTTCCTG	1
2739	2740	61	TAAGGACTCACCTGGAGATTTCCT	1
2740	2741	63	TTAAGGACTCACCTGGAGATTTCC	1
2741	9702	63	GTTAAGGACTCACCTGGAGATTTC	1
9702	9703	63	GGTTAAGGACTCACCTGGAGATTT	1
9703	2744	64	GGGTTAAGGACTCACCTGGAGATT	1
2744	9705	63	TGGGTTAAGGACTCACCTGGAGAT	1
9705	9706	63	TTGGGTTAAGGACTCACCTGGAGA	1
9706	9707	63	ATTGGGTTAAGGACTCACCTGGAG	1
9707	9708	63	GATTGGGTTAAGGACTCACCTGGA	1
9708	2749	64	AGATTGGGTTAAGGACTCACCTGG	1
2749	9710	64	CAGATTGGGTTAAGGACTCACCTG	1
9710	2751	63	GCAGATTGGGTTAAGGACTCACCT	1
2751	2752	59	TGCAGATTGGGTTAAGGACTCACC	1
2752	2753	54	ATGCAGATTGGGTTAAGGACTCAC	1
2753	2754	52	TATGCAGATTGGGTTAAGGACTCA	1
2754	2755	50	TTATGCAGATTGGGTTAAGGACTC	1
2755	9716	52	ATTATGCAGATTGGGTTAAGGACT	1
9716	9717	52	GATTATGCAGATTGGGTTAAGGAC	1
9717	9718	50	TGATTATGCAGATTGGGTTAAGGA	1
9718	9719	52	ATGATTATGCAGATTGGGTTAAGG	1
9719	2760	51	CATGATTATGCAGATTGGGTTAAG	1
2760	2761	51	TCATGATTATGCAGATTGGGTTAA	1
2761	2762	50	TTCATGATTATGCAGATTGGGTTA	1
2762	2763	49	ATTCATGATTATGCAGATTGGGTT	1
2763	9724	48	CATTCATGATTATGCAGATTGGGT	1
9724	9725	46	TCATTCATGATTATGCAGATTGGG	1
9725	9726	46	GTCATTCATGATTATGCAGATTGG	1
9726	2767	43	AGTCATTCATGATTATGCAGATTG	1
2767	2768	40	CAGTCATTCATGATTATGCAGATT	1
2768	9729	40	TCAGTCATTCATGATTATGCAGAT	1
9729	9730	39	TTCAGTCATTCATGATTATGCAGA	1
9730	9731	41	TTTCAGTCATTCATGATTATGCAG	1
9731	9732	42	GTTTCAGTCATTCATGATTATGCA	1
9732	9733	41	GGTTTCAGTCATTCATGATTATGC	1
9733	9734	40	GGGTTTCAGTCATTCATGATTATG	1
9734	9735	40	GGGGTTTCAGTCATTCATGATTAT	1
9735	2776	41	TGGGGTTTCAGTCATTCATGATTA	1
2776	2777	39	CTGGGGTTTCAGTCATTCATGATT	1
2777	2778	42	CCTGGGGTTTCAGTCATTCATGAT	1
2778	9739	41	CCCTGGGGTTTCAGTCATTCATGA	1
9739	9740	41	ACCCTGGGGTTTCAGTCATTCATG	1
9740	2781	41	AACCCTGGGGTTTCAGTCATTCAT	1
2781	2782	40	CAACCCTGGGGTTTCAGTCATTCA	1
2782	2783	38	CCAACCCTGGGGTTTCAGTCATTC	1
2783	2784	39	CCCAACCCTGGGGTTTCAGTCATT	1
2784	2785	38	CCCCAACCCTGGGGTTTCAGTCAT	1
2785	2786	40	TCCCCAACCCTGGGGTTTCAGTCA	1
2786	2787	40	GTCCCCAACCCTGGGGTTTCAGTC	1
2787	9748	40	TGTCCCCAACCCTGGGGTTTCAGT	1
9748	9749	41	TTGTCCCCAACCCTGGGGTTTCAG	1
9749	2790	41	ATTGTCCCCAACCCTGGGGTTTCA	1
2790	2791	40	CATTGTCCCCAACCCTGGGGTTTC	1
2791	2792	40	TCATTGTCCCCAACCCTGGGGTTT	1
2792	2793	39	CTCATTGTCCCCAACCCTGGGGTT	1
2793	9754	38	TCTCATTGTCCCCAACCCTGGGGT	1
9754	9755	37	CTCTCATTGTCCCCAACCCTGGGG	1
9755	9756	38	CCTCTCATTGTCCCCAACCCTGGG	1
9756	9757	38	TCCTCTCATTGTCCCCAACCCTGG	1
9757	2798	40	GTCCTCTCATTGTCCCCAACCCTG	1
2798	2799	40	TGTCCTCTCATTGTCCCCAACCCT	1
2799	2800	40	GTGTCCTCTCATTGTCCCCAACCC	1
2800	2801	42	TGTGTCCTCTCATTGTCCCCAACC	1
2801	9762	53	CTGTGTCCTCTCATTGTCCCCAAC	1
9762	9763	54	GCTGTGTCCTCTCATTGTCCCCAA	1
9763	2804	55	AGCTGTGTCCTCTCATTGTCCCCA	1
2804	2805	56	GAGCTGTGTCCTCTCATTGTCCCC	1
2805	2806	61	TGAGCTGTGTCCTCTCATTGTCCC	1
2806	9767	61	ATGAGCTGTGTCCTCTCATTGTCC	1
9767	9768	59	GATGAGCTGTGTCCTCTCATTGTC	1
9768	9769	57	AGATGAGCTGTGTCCTCTCATTGT	1
9769	9770	58	TAGATGAGCTGTGTCCTCTCATTG	1
9770	2811	60	GTAGATGAGCTGTGTCCTCTCATT	1
2811	9772	61	TGTAGATGAGCTGTGTCCTCTCAT	1
9772	2813	63	ATGTAGATGAGCTGTGTCCTCTCA	1
2813	2814	63	CATGTAGATGAGCTGTGTCCTCTC	1
2814	2815	64	CCATGTAGATGAGCTGTGTCCTCT	1
2815	9776	66	TCCATGTAGATGAGCTGTGTCCTC	1
9776	2817	65	GTCCATGTAGATGAGCTGTGTCCT	1
2817	2818	66	TGTCCATGTAGATGAGCTGTGTCC	1
2818	2819	65	CTGTCCATGTAGATGAGCTGTGTC	1
2819	2820	67	ACTGTCCATGTAGATGAGCTGTGT	1
2820	9781	66	CACTGTCCATGTAGATGAGCTGTG	1
9781	9782	65	GCACTGTCCATGTAGATGAGCTGT	1
9782	2823	64	AGCACTGTCCATGTAGATGAGCTG	1
2823	2824	62	TAGCACTGTCCATGTAGATGAGCT	1
2824	9785	63	ATAGCACTGTCCATGTAGATGAGC	1
9785	9786	73	CATAGCACTGTCCATGTAGATGAG	1
9786	9787	74	ACATAGCACTGTCCATGTAGATGA	1
9787	9788	74	AACATAGCACTGTCCATGTAGATG	1
9788	9789	74	AAACATAGCACTGTCCATGTAGAT	1
9789	9790	72	AAAACATAGCACTGTCCATGTAGA	1
9790	2831	72	TAAAACATAGCACTGTCCATGTAG	1
2831	9792	72	TTAAAACATAGCACTGTCCATGTA	1
9792	9793	72	ATTAAAACATAGCACTGTCCATGT	1
9793	9794	73	AATTAAAACATAGCACTGTCCATG	1
9794	2835	74	AAATTAAAACATAGCACTGTCCAT	1
2835	2836	73	CAAATTAAAACATAGCACTGTCCA	1
2836	2837	74	TCAAATTAAAACATAGCACTGTCC	1
2837	9798	72	CTCAAATTAAAACATAGCACTGTC	1
9798	9799	69	GCTCAAATTAAAACATAGCACTGT	1
9799	9800	69	AGCTCAAATTAAAACATAGCACTG	1
9800	2841	69	GAGCTCAAATTAAAACATAGCACT	1
2841	2842	70	AGAGCTCAAATTAAAACATAGCAC	1
2842	2843	71	TAGAGCTCAAATTAAAACATAGCA	1
2843	9804	68	CTAGAGCTCAAATTAAAACATAGC	1
9804	2845	70	TCTAGAGCTCAAATTAAAACATAG	1
2845	2846	71	CTCTAGAGCTCAAATTAAAACATA	1
2846	9807	72	CCTCTAGAGCTCAAATTAAAACAT	1
9807	2848	70	ACCTCTAGAGCTCAAATTAAAACA	1
2848	9809	71	CACCTCTAGAGCTCAAATTAAAAC	1
9809	9810	68	ACACCTCTAGAGCTCAAATTAAAA	1
9810	9811	67	GACACCTCTAGAGCTCAAATTAAA	1
9811	2852	66	AGACACCTCTAGAGCTCAAATTAA	1
2852	2853	62	CAGACACCTCTAGAGCTCAAATTA	1
2853	2854	50	CCAGACACCTCTAGAGCTCAAATT	1
2854	9815	48	ACCAGACACCTCTAGAGCTCAAAT	1
9815	9816	48	TACCAGACACCTCTAGAGCTCAAA	1
9816	2857	46	ATACCAGACACCTCTAGAGCTCAA	1
2857	2858	43	TATACCAGACACCTCTAGAGCTCA	1
2858	9819	43	TTATACCAGACACCTCTAGAGCTC	1
9819	2860	44	GTTATACCAGACACCTCTAGAGCT	1
2860	9821	47	AGTTATACCAGACACCTCTAGAGC	1
9821	9822	47	CAGTTATACCAGACACCTCTAGAG	1
9822	9823	46	GCAGTTATACCAGACACCTCTAGA	1
9823	2864	44	TGCAGTTATACCAGACACCTCTAG	1
2864	2865	44	CTGCAGTTATACCAGACACCTCTA	1
2865	2866	47	TCTGCAGTTATACCAGACACCTCT	1
2866	9827	49	ATCTGCAGTTATACCAGACACCTC	1
9827	2868	47	GATCTGCAGTTATACCAGACACCT	1
2868	2869	48	AGATCTGCAGTTATACCAGACACC	1
2869	9830	47	AAGATCTGCAGTTATACCAGACAC	1
9830	2871	48	GAAGATCTGCAGTTATACCAGACA	1
2871	9832	53	TGAAGATCTGCAGTTATACCAGAC	1
9832	9833	53	ATGAAGATCTGCAGTTATACCAGA	1
9833	9834	53	GATGAAGATCTGCAGTTATACCAG	1
9834	2875	53	GGATGAAGATCTGCAGTTATACCA	1
2875	2876	52	TGGATGAAGATCTGCAGTTATACC	1
2876	9837	51	CTGGATGAAGATCTGCAGTTATAC	1
9837	9838	43	GCTGGATGAAGATCTGCAGTTATA	1
9838	9839	44	AGCTGGATGAAGATCTGCAGTTAT	1
9839	9840	46	AAGCTGGATGAAGATCTGCAGTTA	1
9840	9841	46	GAAGCTGGATGAAGATCTGCAGTT	1
9841	9842	45	GGAAGCTGGATGAAGATCTGCAGT	1
9842	9843	44	AGGAAGCTGGATGAAGATCTGCAG	1
9843	2884	46	GAGGAAGCTGGATGAAGATCTGCA	1
2884	9845	45	AGAGGAAGCTGGATGAAGATCTGC	1
9845	2886	43	CAGAGGAAGCTGGATGAAGATCTG	1
2886	2887	44	ACAGAGGAAGCTGGATGAAGATCT	1
2887	9848	47	GACAGAGGAAGCTGGATGAAGATC	1
9848	9849	47	AGACAGAGGAAGCTGGATGAAGAT	1
9849	9850	48	AAGACAGAGGAAGCTGGATGAAGA	1
9850	9851	49	TAAGACAGAGGAAGCTGGATGAAG	1
9851	2892	49	TTAAGACAGAGGAAGCTGGATGAA	1
2892	9853	52	CTTAAGACAGAGGAAGCTGGATGA	1
9853	9854	52	GCTTAAGACAGAGGAAGCTGGATG	1
9854	2895	51	GGCTTAAGACAGAGGAAGCTGGAT	1
2895	9856	52	CGGCTTAAGACAGAGGAAGCTGGA	1
9856	2897	52	TCGGCTTAAGACAGAGGAAGCTGG	1
2897	2898	51	CTCGGCTTAAGACAGAGGAAGCTG	1
2898	2899	49	ACTCGGCTTAAGACAGAGGAAGCT	1
2899	9860	50	AACTCGGCTTAAGACAGAGGAAGC	1
9860	9861	48	AAACTCGGCTTAAGACAGAGGAAG	1
9861	9862	48	AAAACTCGGCTTAAGACAGAGGAA	1
9862	9863	48	AAAAACTCGGCTTAAGACAGAGGA	1
9863	9864	49	GAAAAACTCGGCTTAAGACAGAGG	1
9864	9865	51	GGAAAAACTCGGCTTAAGACAGAG	1
9865	9866	51	TGGAAAAACTCGGCTTAAGACAGA	1
9866	2907	54	TTGGAAAAACTCGGCTTAAGACAG	1
2907	2908	54	TTTGGAAAAACTCGGCTTAAGACA	1
2908	2909	54	ATTTGGAAAAACTCGGCTTAAGAC	1
2909	9870	54	CATTTGGAAAAACTCGGCTTAAGA	1
9870	2911	53	TCATTTGGAAAAACTCGGCTTAAG	1
2911	9872	51	TTCATTTGGAAAAACTCGGCTTAA	1
9872	9873	50	GTTCATTTGGAAAAACTCGGCTTA	1
9873	2914	50	AGTTCATTTGGAAAAACTCGGCTT	1
2914	2915	50	AAGTTCATTTGGAAAAACTCGGCT	1
2915	9876	53	AAAGTTCATTTGGAAAAACTCGGC	1
9876	9877	52	CAAAGTTCATTTGGAAAAACTCGG	1
9877	2918	50	TCAAAGTTCATTTGGAAAAACTCG	1
2918	2919	48	TTCAAAGTTCATTTGGAAAAACTC	1
2919	2920	47	ATTCAAAGTTCATTTGGAAAAACT	1
2920	2921	49	CATTCAAAGTTCATTTGGAAAAAC	1
2921	2922	51	CCATTCAAAGTTCATTTGGAAAAA	1
2922	2923	50	CCCATTCAAAGTTCATTTGGAAAA	1
2923	2924	42	CCCCATTCAAAGTTCATTTGGAAA	1
2924	9885	43	TCCCCATTCAAAGTTCATTTGGAA	1
9885	9886	43	ATCCCCATTCAAAGTTCATTTGGA	1
9886	9887	43	AATCCCCATTCAAAGTTCATTTGG	1
9887	2928	43	GAATCCCCATTCAAAGTTCATTTG	1
2928	2929	44	TGAATCCCCATTCAAAGTTCATTT	1
2929	2930	46	CTGAATCCCCATTCAAAGTTCATT	1
2930	9891	44	TCTGAATCCCCATTCAAAGTTCAT	1
9891	2932	43	ATCTGAATCCCCATTCAAAGTTCA	1
2932	2933	43	TATCTGAATCCCCATTCAAAGTTC	1
2933	2934	43	CTATCTGAATCCCCATTCAAAGTT	1
2934	2935	43	TCTATCTGAATCCCCATTCAAAGT	1
2935	2936	41	CTCTATCTGAATCCCCATTCAAAG	1
2936	9897	41	TCTCTATCTGAATCCCCATTCAAA	1
9897	9898	41	ATCTCTATCTGAATCCCCATTCAA	1
9898	2939	40	AATCTCTATCTGAATCCCCATTCA	1
2939	2940	38	AAATCTCTATCTGAATCCCCATTC	1
2940	2941	37	TAAATCTCTATCTGAATCCCCATT	1
2941	9902	39	TTAAATCTCTATCTGAATCCCCAT	1
9902	2943	42	GTTAAATCTCTATCTGAATCCCCA	1
2943	2944	45	TGTTAAATCTCTATCTGAATCCCC	1
2944	2945	46	CTGTTAAATCTCTATCTGAATCCC	1
2945	2946	47	GCTGTTAAATCTCTATCTGAATCC	1
2946	2947	47	AGCTGTTAAATCTCTATCTGAATC	1
2947	9908	48	TAGCTGTTAAATCTCTATCTGAAT	1
9908	9909	52	GTAGCTGTTAAATCTCTATCTGAA	1
9909	2950	53	AGTAGCTGTTAAATCTCTATCTGA	1
2950	2951	56	CAGTAGCTGTTAAATCTCTATCTG	1
2951	2952	55	CCAGTAGCTGTTAAATCTCTATCT	1
2952	2953	55	TCCAGTAGCTGTTAAATCTCTATC	1
2953	9914	54	ATCCAGTAGCTGTTAAATCTCTAT	1
9914	2955	54	AATCCAGTAGCTGTTAAATCTCTA	1
2955	2956	53	CAATCCAGTAGCTGTTAAATCTCT	1
2956	2957	52	CCAATCCAGTAGCTGTTAAATCTC	1
2957	2958	51	CCCAATCCAGTAGCTGTTAAATCT	1
2958	2959	62	GCCCAATCCAGTAGCTGTTAAATC	1
2959	2960	61	TGCCCAATCCAGTAGCTGTTAAAT	1
2960	2961	60	CTGCCCAATCCAGTAGCTGTTAAA	1
2961	2962	60	CCTGCCCAATCCAGTAGCTGTTAA	1
2962	2963	59	TCCTGCCCAATCCAGTAGCTGTTA	1
2963	9924	59	TTCCTGCCCAATCCAGTAGCTGTT	1
9924	9925	59	ATTCCTGCCCAATCCAGTAGCTGT	1
9925	9926	56	GATTCCTGCCCAATCCAGTAGCTG	1
9926	2967	57	GGATTCCTGCCCAATCCAGTAGCT	1
2967	9928	57	TGGATTCCTGCCCAATCCAGTAGC	1
9928	9929	58	ATGGATTCCTGCCCAATCCAGTAG	1
9929	9930	57	TATGGATTCCTGCCCAATCCAGTA	1
9930	9931	60	ATATGGATTCCTGCCCAATCCAGT	1
9931	9932	63	AATATGGATTCCTGCCCAATCCAG	1
9932	9933	62	GAATATGGATTCCTGCCCAATCCA	1
9933	2974	63	GGAATATGGATTCCTGCCCAATCC	1
2974	9935	65	TGGAATATGGATTCCTGCCCAATC	1
9935	9936	67	ATGGAATATGGATTCCTGCCCAAT	1
9936	2977	67	TATGGAATATGGATTCCTGCCCAA	1
2977	2978	68	CTATGGAATATGGATTCCTGCCCA	1
2978	2979	76	TCTATGGAATATGGATTCCTGCCC	1
2979	2980	82	TTCTATGGAATATGGATTCCTGCC	1
2980	9941	80	ATTCTATGGAATATGGATTCCTGC	1
9941	2982	77	GATTCTATGGAATATGGATTCCTG	1
2982	2983	72	CGATTCTATGGAATATGGATTCCT	1
2983	2984	73	CCGATTCTATGGAATATGGATTCC	1
2984	2985	73	GCCGATTCTATGGAATATGGATTC	1
2985	2986	73	TGCCGATTCTATGGAATATGGATT	1
2986	9947	72	TTGCCGATTCTATGGAATATGGAT	1
9947	9948	72	GTTGCCGATTCTATGGAATATGGA	1
9948	9949	72	GGTTGCCGATTCTATGGAATATGG	1
9949	2990	71	AGGTTGCCGATTCTATGGAATATG	1
2990	2991	71	CAGGTTGCCGATTCTATGGAATAT	1
2991	2992	71	TCAGGTTGCCGATTCTATGGAATA	1
2992	2993	71	ATCAGGTTGCCGATTCTATGGAAT	1
2993	9954	66	CATCAGGTTGCCGATTCTATGGAA	1
9954	9955	60	TCATCAGGTTGCCGATTCTATGGA	1
9955	9956	59	ATCATCAGGTTGCCGATTCTATGG	1
9956	9957	62	AATCATCAGGTTGCCGATTCTATG	1
9957	9958	61	AAATCATCAGGTTGCCGATTCTAT	1
9958	9959	62	AAAATCATCAGGTTGCCGATTCTA	1
9959	9960	67	GAAAATCATCAGGTTGCCGATTCT	1
9960	3001	62	GGAAAATCATCAGGTTGCCGATTC	1
3001	3002	61	TGGAAAATCATCAGGTTGCCGATT	1
3002	9963	59	CTGGAAAATCATCAGGTTGCCGAT	1
9963	9964	59	ACTGGAAAATCATCAGGTTGCCGA	1
9964	3005	60	AACTGGAAAATCATCAGGTTGCCG	1
3005	3006	60	GAACTGGAAAATCATCAGGTTGCC	1
3006	9967	59	TGAACTGGAAAATCATCAGGTTGC	1
9967	3008	60	ATGAACTGGAAAATCATCAGGTTG	1
3008	3009	59	CATGAACTGGAAAATCATCAGGTT	1
3009	3010	59	CCATGAACTGGAAAATCATCAGGT	1
3010	9971	59	CCCATGAACTGGAAAATCATCAGG	1
9971	3012	59	TCCCATGAACTGGAAAATCATCAG	1
3012	3013	60	CTCCCATGAACTGGAAAATCATCA	1
3013	9974	60	GCTCCCATGAACTGGAAAATCATC	1
9974	9975	61	GGCTCCCATGAACTGGAAAATCAT	1
9975	3016	61	TGGCTCCCATGAACTGGAAAATCA	1
3016	3017	62	ATGGCTCCCATGAACTGGAAAATC	1
3017	9978	62	CATGGCTCCCATGAACTGGAAAAT	1
9978	9979	60	GCATGGCTCCCATGAACTGGAAAA	1
9979	3020	62	TGCATGGCTCCCATGAACTGGAAA	1
3020	9981	63	CTGCATGGCTCCCATGAACTGGAA	1
9981	9982	61	ACTGCATGGCTCCCATGAACTGGA	1
9982	3023	61	AACTGCATGGCTCCCATGAACTGG	1
3023	3024	56	CAACTGCATGGCTCCCATGAACTG	1
3024	3025	56	ACAACTGCATGGCTCCCATGAACT	1
3025	9986	56	AACAACTGCATGGCTCCCATGAAC	1
9986	9987	54	GAACAACTGCATGGCTCCCATGAA	1
9987	9988	51	AGAACAACTGCATGGCTCCCATGA	1
9988	9989	49	GAGAACAACTGCATGGCTCCCATG	1
9989	3030	47	GGAGAACAACTGCATGGCTCCCAT	1
3030	3031	43	TGGAGAACAACTGCATGGCTCCCA	1
3031	3032	37	GTGGAGAACAACTGCATGGCTCCC	1
3032	3033	37	AGTGGAGAACAACTGCATGGCTCC	1
3033	3034	37	TAGTGGAGAACAACTGCATGGCTC	1
3034	3035	37	ATAGTGGAGAACAACTGCATGGCT	1
3035	9996	39	AATAGTGGAGAACAACTGCATGGC	1
9996	3037	39	TAATAGTGGAGAACAACTGCATGG	1
3037	9998	41	CTAATAGTGGAGAACAACTGCATG	1
9998	3039	42	GCTAATAGTGGAGAACAACTGCAT	1
3039	3040	42	TGCTAATAGTGGAGAACAACTGCA	1
3040	3041	48	TTGCTAATAGTGGAGAACAACTGC	1
3041	3042	50	CTTGCTAATAGTGGAGAACAACTG	1
3042	3043	51	TCTTGCTAATAGTGGAGAACAACT	1
3043	10004	52	CTCTTGCTAATAGTGGAGAACAAC	1
10004	10005	53	ACTCTTGCTAATAGTGGAGAACAA	1
10005	10006	53	GACTCTTGCTAATAGTGGAGAACA	1
10006	10007	53	GGACTCTTGCTAATAGTGGAGAAC	1
10007	3048	54	TGGACTCTTGCTAATAGTGGAGAA	1
3048	10009	51	CTGGACTCTTGCTAATAGTGGAGA	1
10009	10010	51	ACTGGACTCTTGCTAATAGTGGAG	1
10010	10011	51	AACTGGACTCTTGCTAATAGTGGA	1
10011	3052	48	CAACTGGACTCTTGCTAATAGTGG	1
3052	3053	50	CCAACTGGACTCTTGCTAATAGTG	1
3053	10014	51	CCCAACTGGACTCTTGCTAATAGT	1
10014	10015	50	TCCCAACTGGACTCTTGCTAATAG	1
10015	10016	53	GTCCCAACTGGACTCTTGCTAATA	1
10016	10017	55	GGTCCCAACTGGACTCTTGCTAAT	1
10017	10018	56	GGGTCCCAACTGGACTCTTGCTAA	1
10018	3059	54	GGGGTCCCAACTGGACTCTTGCTA	1
3059	3060	53	TGGGGTCCCAACTGGACTCTTGCT	1
3060	10021	57	TTGGGGTCCCAACTGGACTCTTGC	1
10021	10022	59	GTTGGGGTCCCAACTGGACTCTTG	1
10022	3063	60	GGTTGGGGTCCCAACTGGACTCTT	1
3063	3064	61	TGGTTGGGGTCCCAACTGGACTCT	1
3064	10025	60	TTGGTTGGGGTCCCAACTGGACTC	1
10025	10026	60	GTTGGTTGGGGTCCCAACTGGACT	1
10026	10027	60	GGTTGGTTGGGGTCCCAACTGGAC	1
10027	10028	61	GGGTTGGTTGGGGTCCCAACTGGA	1
10028	10029	61	CGGGTTGGTTGGGGTCCCAACTGG	1
10029	3070	60	TCGGGTTGGTTGGGGTCCCAACTG	1
3070	3071	61	TTCGGGTTGGTTGGGGTCCCAACT	1
3071	10032	62	TTTCGGGTTGGTTGGGGTCCCAAC	1
10032	3073	61	ATTTCGGGTTGGTTGGGGTCCCAA	1
3073	3074	61	CATTTCGGGTTGGTTGGGGTCCCA	1
3074	3075	61	TCATTTCGGGTTGGTTGGGGTCCC	1
3075	3076	60	TTCATTTCGGGTTGGTTGGGGTCC	1
3076	3077	60	GTTCATTTCGGGTTGGTTGGGGTC	1
3077	10038	58	CGTTCATTTCGGGTTGGTTGGGGT	1
10038	10039	58	ACGTTCATTTCGGGTTGGTTGGGG	1
10039	10040	59	GACGTTCATTTCGGGTTGGTTGGG	1
10040	10041	59	GGACGTTCATTTCGGGTTGGTTGG	1
10041	3082	57	GGGACGTTCATTTCGGGTTGGTTG	1
3082	10043	57	TGGGACGTTCATTTCGGGTTGGTT	1
10043	10044	55	ATGGGACGTTCATTTCGGGTTGGT	1
10044	10045	55	CATGGGACGTTCATTTCGGGTTGG	1
10045	3086	56	TCATGGGACGTTCATTTCGGGTTG	1
3086	10047	55	TTCATGGGACGTTCATTTCGGGTT	1
10047	10048	54	ATTCATGGGACGTTCATTTCGGGT	1
10048	10049	57	TATTCATGGGACGTTCATTTCGGG	1
10049	3090	55	CTATTCATGGGACGTTCATTTCGG	1
3090	3091	54	CCTATTCATGGGACGTTCATTTCG	1
3091	10052	53	CCCTATTCATGGGACGTTCATTTC	1
10052	10053	48	GCCCTATTCATGGGACGTTCATTT	1
10053	3094	46	GGCCCTATTCATGGGACGTTCATT	1
3094	10055	45	TGGCCCTATTCATGGGACGTTCAT	1
10055	3096	45	ATGGCCCTATTCATGGGACGTTCA	1
3096	3097	44	CATGGCCCTATTCATGGGACGTTC	1
3097	10058	44	ACATGGCCCTATTCATGGGACGTT	1
10058	10059	44	GACATGGCCCTATTCATGGGACGT	1
10059	3100	44	GGACATGGCCCTATTCATGGGACG	1
3100	10061	43	TGGACATGGCCCTATTCATGGGAC	1
10061	10062	42	ATGGACATGGCCCTATTCATGGGA	1
10062	10063	41	GATGGACATGGCCCTATTCATGGG	1
10063	10064	40	TGATGGACATGGCCCTATTCATGG	1
10064	3105	40	TTGATGGACATGGCCCTATTCATG	1
3105	3106	37	CTTGATGGACATGGCCCTATTCAT	1
3106	3107	37	TCTTGATGGACATGGCCCTATTCA	1
3107	10068	34	CTCTTGATGGACATGGCCCTATTC	1
10068	10069	33	GCTCTTGATGGACATGGCCCTATT	1
10069	10070	31	AGCTCTTGATGGACATGGCCCTAT	1
10070	10071	31	AAGCTCTTGATGGACATGGCCCTA	1
10071	3112	32	GAAGCTCTTGATGGACATGGCCCT	1
3112	10073	35	GGAAGCTCTTGATGGACATGGCCC	1
10073	10074	33	GGGAAGCTCTTGATGGACATGGCC	1
10074	10075	33	GGGGAAGCTCTTGATGGACATGGC	1
10075	10076	34	AGGGGAAGCTCTTGATGGACATGG	1
10076	3117	35	AAGGGGAAGCTCTTGATGGACATG	1
3117	10078	35	CAAGGGGAAGCTCTTGATGGACAT	1
10078	10079	35	GCAAGGGGAAGCTCTTGATGGACA	1
10079	10080	35	GGCAAGGGGAAGCTCTTGATGGAC	1
10080	10081	34	TGGCAAGGGGAAGCTCTTGATGGA	1
10081	10082	35	ATGGCAAGGGGAAGCTCTTGATGG	1
10082	10083	35	TATGGCAAGGGGAAGCTCTTGATG	1
10083	3124	34	ATATGGCAAGGGGAAGCTCTTGAT	1
3124	10085	33	CATATGGCAAGGGGAAGCTCTTGA	1
10085	3126	33	ACATATGGCAAGGGGAAGCTCTTG	1
3126	3127	32	TACATATGGCAAGGGGAAGCTCTT	1
3127	3128	32	TTACATATGGCAAGGGGAAGCTCT	1
3128	3129	32	ATTACATATGGCAAGGGGAAGCTC	1
3129	3130	32	CATTACATATGGCAAGGGGAAGCT	1
3130	10091	34	CCATTACATATGGCAAGGGGAAGC	1
10091	10092	37	TCCATTACATATGGCAAGGGGAAG	1
10092	10093	36	ATCCATTACATATGGCAAGGGGAA	1
10093	10094	38	AATCCATTACATATGGCAAGGGGA	1
10094	10095	40	AAATCCATTACATATGGCAAGGGG	1
10095	10096	41	AAAATCCATTACATATGGCAAGGG	1
10096	10097	44	AAAAATCCATTACATATGGCAAGG	1
10097	10098	45	GAAAAATCCATTACATATGGCAAG	1
10098	3139	45	TGAAAAATCCATTACATATGGCAA	1
3139	3140	44	TTGAAAAATCCATTACATATGGCA	1
3140	10101	44	CTTGAAAAATCCATTACATATGGC	1
10101	3142	45	TCTTGAAAAATCCATTACATATGG	1
3142	3143	48	CTCTTGAAAAATCCATTACATATG	1
3143	3144	48	CCTCTTGAAAAATCCATTACATAT	1
3144	3145	48	CCCTCTTGAAAAATCCATTACATA	1
3145	10106	48	TCCCTCTTGAAAAATCCATTACAT	1
10106	3147	47	GTCCCTCTTGAAAAATCCATTACA	1
3147	10108	48	AGTCCCTCTTGAAAAATCCATTAC	1
10108	3149	48	TAGTCCCTCTTGAAAAATCCATTA	1
3149	3150	48	CTAGTCCCTCTTGAAAAATCCATT	1
3150	10111	48	CCTAGTCCCTCTTGAAAAATCCAT	1
10111	3152	48	GCCTAGTCCCTCTTGAAAAATCCA	1
3152	3153	51	GGCCTAGTCCCTCTTGAAAAATCC	1
3153	3154	52	AGGCCTAGTCCCTCTTGAAAAATC	1
3154	3155	51	CAGGCCTAGTCCCTCTTGAAAAAT	1
3155	10116	49	CCAGGCCTAGTCCCTCTTGAAAAA	1
10116	10117	48	ACCAGGCCTAGTCCCTCTTGAAAA	1
10117	3158	48	AACCAGGCCTAGTCCCTCTTGAAA	1
3158	10119	47	CAACCAGGCCTAGTCCCTCTTGAA	1
10119	10120	47	GCAACCAGGCCTAGTCCCTCTTGA	1
10120	10121	45	GGCAACCAGGCCTAGTCCCTCTTG	1
10121	3162	45	AGGCAACCAGGCCTAGTCCCTCTT	1
3162	3163	49	AAGGCAACCAGGCCTAGTCCCTCT	1
3163	3164	46	GAAGGCAACCAGGCCTAGTCCCTC	1
3164	3165	40	CGAAGGCAACCAGGCCTAGTCCCT	1
3165	3166	42	ACGAAGGCAACCAGGCCTAGTCCC	1
3166	3167	41	TACGAAGGCAACCAGGCCTAGTCC	1
3167	10128	45	ATACGAAGGCAACCAGGCCTAGTC	1
10128	10129	45	GATACGAAGGCAACCAGGCCTAGT	1
10129	10130	45	GGATACGAAGGCAACCAGGCCTAG	1
10130	10131	44	GGGATACGAAGGCAACCAGGCCTA	1
10131	3172	44	GGGGATACGAAGGCAACCAGGCCT	1
3172	10133	44	TGGGGATACGAAGGCAACCAGGCC	1
10133	10134	45	GTGGGGATACGAAGGCAACCAGGC	1
10134	10135	45	AGTGGGGATACGAAGGCAACCAGG	1
10135	10136	46	CAGTGGGGATACGAAGGCAACCAG	1
10136	3177	47	ACAGTGGGGATACGAAGGCAACCA	1
3177	3178	48	AACAGTGGGGATACGAAGGCAACC	1
3178	10139	49	AAACAGTGGGGATACGAAGGCAAC	1
10139	10140	49	AAAACAGTGGGGATACGAAGGCAA	1
10140	3181	49	AAAAACAGTGGGGATACGAAGGCA	1
3181	10142	50	TAAAAACAGTGGGGATACGAAGGC	1
10142	10143	50	CTAAAAACAGTGGGGATACGAAGG	1
10143	10144	52	GCTAAAAACAGTGGGGATACGAAG	1
10144	3185	53	AGCTAAAAACAGTGGGGATACGAA	1
3185	10146	51	CAGCTAAAAACAGTGGGGATACGA	1
10146	3187	49	TCAGCTAAAAACAGTGGGGATACG	1
3187	10148	49	TTCAGCTAAAAACAGTGGGGATAC	1
10148	10149	47	GTTCAGCTAAAAACAGTGGGGATA	1
10149	10150	46	GGTTCAGCTAAAAACAGTGGGGAT	1
10150	10151	49	AGGTTCAGCTAAAAACAGTGGGGA	1
10151	10152	52	GAGGTTCAGCTAAAAACAGTGGGG	1
10152	10153	52	TGAGGTTCAGCTAAAAACAGTGGG	1
10153	3194	52	CTGAGGTTCAGCTAAAAACAGTGG	1
3194	3195	52	CCTGAGGTTCAGCTAAAAACAGTG	1
3195	3196	54	CCCTGAGGTTCAGCTAAAAACAGT	1
3196	10157	56	CCCCTGAGGTTCAGCTAAAAACAG	1
10157	3198	56	GCCCCTGAGGTTCAGCTAAAAACA	1
3198	3199	56	AGCCCCTGAGGTTCAGCTAAAAAC	1
3199	3200	55	CAGCCCCTGAGGTTCAGCTAAAAA	1
3200	3201	55	CCAGCCCCTGAGGTTCAGCTAAAA	1
3201	10162	55	CCCAGCCCCTGAGGTTCAGCTAAA	1
10162	10163	55	GCCCAGCCCCTGAGGTTCAGCTAA	1
10163	3204	55	AGCCCAGCCCCTGAGGTTCAGCTA	1
3204	3205	52	CAGCCCAGCCCCTGAGGTTCAGCT	1
3205	3206	54	CCAGCCCAGCCCCTGAGGTTCAGC	1
3206	10167	55	CCCAGCCCAGCCCCTGAGGTTCAG	1
10167	3208	55	GCCCAGCCCAGCCCCTGAGGTTCA	1
3208	10169	55	TGCCCAGCCCAGCCCCTGAGGTTC	1
10169	10170	55	GTGCCCAGCCCAGCCCCTGAGGTT	1
10170	10171	57	AGTGCCCAGCCCAGCCCCTGAGGT	1
10171	10172	59	CAGTGCCCAGCCCAGCCCCTGAGG	1
10172	3213	59	ACAGTGCCCAGCCCAGCCCCTGAG	1
3213	10174	56	CACAGTGCCCAGCCCAGCCCCTGA	1
10174	3215	55	TCACAGTGCCCAGCCCAGCCCCTG	1
3215	3216	57	TTCACAGTGCCCAGCCCAGCCCCT	1
3216	3217	56	GTTCACAGTGCCCAGCCCAGCCCC	1
3217	3218	58	TGTTCACAGTGCCCAGCCCAGCCC	1
3218	3219	63	GTGTTCACAGTGCCCAGCCCAGCC	1
3219	3220	58	TGTGTTCACAGTGCCCAGCCCAGC	1
3220	10181	58	CTGTGTTCACAGTGCCCAGCCCAG	1
10181	3222	60	ACTGTGTTCACAGTGCCCAGCCCA	1
3222	3223	63	CACTGTGTTCACAGTGCCCAGCCC	1
3223	3224	62	CCACTGTGTTCACAGTGCCCAGCC	1
3224	10185	64	GCCACTGTGTTCACAGTGCCCAGC	1
10185	3226	65	GGCCACTGTGTTCACAGTGCCCAG	1
3226	3227	65	TGGCCACTGTGTTCACAGTGCCCA	1
3227	3228	63	CTGGCCACTGTGTTCACAGTGCCC	1
3228	3229	64	CCTGGCCACTGTGTTCACAGTGCC	1
3229	3230	65	CCCTGGCCACTGTGTTCACAGTGC	1
3230	10191	64	CCCCTGGCCACTGTGTTCACAGTG	1
10191	10192	63	GCCCCTGGCCACTGTGTTCACAGT	1
10192	3233	63	TGCCCCTGGCCACTGTGTTCACAG	1
3233	3234	61	CTGCCCCTGGCCACTGTGTTCACA	1
3234	3235	60	TCTGCCCCTGGCCACTGTGTTCAC	1
3235	3236	56	CTCTGCCCCTGGCCACTGTGTTCA	1
3236	3237	55	CCTCTGCCCCTGGCCACTGTGTTC	1
3237	3238	55	CCCTCTGCCCCTGGCCACTGTGTT	1
3238	10199	54	TCCCTCTGCCCCTGGCCACTGTGT	1
10199	3240	53	GTCCCTCTGCCCCTGGCCACTGTG	1
3240	3241	52	TGTCCCTCTGCCCCTGGCCACTGT	1
3241	3242	53	CTGTCCCTCTGCCCCTGGCCACTG	1
3242	3243	52	TCTGTCCCTCTGCCCCTGGCCACT	1
3243	10204	52	GTCTGTCCCTCTGCCCCTGGCCAC	1
10204	3245	53	GGTCTGTCCCTCTGCCCCTGGCCA	1
3245	3246	54	TGGTCTGTCCCTCTGCCCCTGGCC	1
3246	3247	52	CTGGTCTGTCCCTCTGCCCCTGGC	1
3247	3248	53	CCTGGTCTGTCCCTCTGCCCCTGG	1
3248	3249	51	CCCTGGTCTGTCCCTCTGCCCCTG	1
3249	3250	52	CCCCTGGTCTGTCCCTCTGCCCCT	1
3250	3251	51	CCCCCTGGTCTGTCCCTCTGCCCC	1
3251	3252	53	TCCCCCTGGTCTGTCCCTCTGCCC	1
3252	3253	53	ATCCCCCTGGTCTGTCCCTCTGCC	1
3253	10214	54	CATCCCCCTGGTCTGTCCCTCTGC	1
10214	3255	53	ACATCCCCCTGGTCTGTCCCTCTG	1
3255	3256	56	CACATCCCCCTGGTCTGTCCCTCT	1
3256	3257	58	CCACATCCCCCTGGTCTGTCCCTC	1
3257	3258	57	TCCACATCCCCCTGGTCTGTCCCT	1
3258	3259	56	ATCCACATCCCCCTGGTCTGTCCC	1
3259	3260	58	CATCCACATCCCCCTGGTCTGTCC	1
3260	3261	57	CCATCCACATCCCCCTGGTCTGTC	1
3261	10222	54	CCCATCCACATCCCCCTGGTCTGT	1
10222	3263	55	TCCCATCCACATCCCCCTGGTCTG	1
3263	3264	55	ATCCCATCCACATCCCCCTGGTCT	1
3264	10225	54	CATCCCATCCACATCCCCCTGGTC	1
10225	10226	54	ACATCCCATCCACATCCCCCTGGT	1
10226	10227	57	AACATCCCATCCACATCCCCCTGG	1
10227	3268	57	GAACATCCCATCCACATCCCCCTG	1
3268	3269	56	TGAACATCCCATCCACATCCCCCT	1
3269	3270	58	ATGAACATCCCATCCACATCCCCC	1
3270	3271	53	CATGAACATCCCATCCACATCCCC	1
3271	3272	55	GCATGAACATCCCATCCACATCCC	1
3272	3273	53	CGCATGAACATCCCATCCACATCC	1
3273	3274	53	TCGCATGAACATCCCATCCACATC	1
3274	3275	50	CTCGCATGAACATCCCATCCACAT	1
3275	3276	52	TCTCGCATGAACATCCCATCCACA	1
3276	3277	55	ATCTCGCATGAACATCCCATCCAC	1
3277	3278	56	CATCTCGCATGAACATCCCATCCA	1
3278	3279	57	TCATCTCGCATGAACATCCCATCC	1
3279	3280	57	ATCATCTCGCATGAACATCCCATC	1
3280	10241	57	CATCATCTCGCATGAACATCCCAT	1
10241	3282	57	ACATCATCTCGCATGAACATCCCA	1
3282	3283	61	GACATCATCTCGCATGAACATCCC	1
3283	3284	62	GGACATCATCTCGCATGAACATCC	1
3284	3285	63	AGGACATCATCTCGCATGAACATC	1
3285	3286	63	CAGGACATCATCTCGCATGAACAT	1
3286	3287	63	CCAGGACATCATCTCGCATGAACA	1
3287	3288	63	CCCAGGACATCATCTCGCATGAAC	1
3288	3289	62	TCCCAGGACATCATCTCGCATGAA	1
3289	10250	62	CTCCCAGGACATCATCTCGCATGA	1
10250	3291	63	ACTCCCAGGACATCATCTCGCATG	1
3291	10252	62	CACTCCCAGGACATCATCTCGCAT	1
10252	3293	63	GCACTCCCAGGACATCATCTCGCA	1
3293	10254	61	CGCACTCCCAGGACATCATCTCGC	1
10254	3295	61	TCGCACTCCCAGGACATCATCTCG	1
3295	3296	57	GTCGCACTCCCAGGACATCATCTC	1
3296	3297	57	TGTCGCACTCCCAGGACATCATCT	1
3297	10258	57	ATGTCGCACTCCCAGGACATCATC	1
10258	10259	57	AATGTCGCACTCCCAGGACATCAT	1
10259	3300	56	GAATGTCGCACTCCCAGGACATCA	1
3300	10261	55	AGAATGTCGCACTCCCAGGACATC	1
10261	3302	55	AAGAATGTCGCACTCCCAGGACAT	1
3302	3303	56	CAAGAATGTCGCACTCCCAGGACA	1
3303	10264	55	GCAAGAATGTCGCACTCCCAGGAC	1
10264	10265	52	TGCAAGAATGTCGCACTCCCAGGA	1
10265	10266	53	GTGCAAGAATGTCGCACTCCCAGG	1
10266	3307	54	CGTGCAAGAATGTCGCACTCCCAG	1
3307	3308	53	CCGTGCAAGAATGTCGCACTCCCA	1
3308	3309	54	TCCGTGCAAGAATGTCGCACTCCC	1
3309	3310	54	CTCCGTGCAAGAATGTCGCACTCC	1
3310	10271	55	CCTCCGTGCAAGAATGTCGCACTC	1
10271	3312	53	GCCTCCGTGCAAGAATGTCGCACT	1
3312	10273	55	TGCCTCCGTGCAAGAATGTCGCAC	1
10273	3314	57	GTGCCTCCGTGCAAGAATGTCGCA	1
3314	10275	54	AGTGCCTCCGTGCAAGAATGTCGC	1
10275	3316	53	AAGTGCCTCCGTGCAAGAATGTCG	1
3316	3317	53	CAAGTGCCTCCGTGCAAGAATGTC	1
3317	10278	52	CCAAGTGCCTCCGTGCAAGAATGT	1
10278	3319	49	ACCAAGTGCCTCCGTGCAAGAATG	1
3319	3320	48	CACCAAGTGCCTCCGTGCAAGAAT	1
3320	10281	47	TCACCAAGTGCCTCCGTGCAAGAA	1
10281	10282	47	TTCACCAAGTGCCTCCGTGCAAGA	1
10282	3323	47	TTTCACCAAGTGCCTCCGTGCAAG	1
3323	3324	45	CTTTCACCAAGTGCCTCCGTGCAA	1
3324	3325	45	TCTTTCACCAAGTGCCTCCGTGCA	1
3325	10286	46	TTCTTTCACCAAGTGCCTCCGTGC	1
10286	3327	46	TTTCTTTCACCAAGTGCCTCCGTG	1
3327	3328	46	TTTTCTTTCACCAAGTGCCTCCGT	1
3328	3329	41	CTTTTCTTTCACCAAGTGCCTCCG	1
3329	3330	42	ACTTTTCTTTCACCAAGTGCCTCC	1
3330	10291	42	AACTTTTCTTTCACCAAGTGCCTC	1
10291	10292	42	GAACTTTTCTTTCACCAAGTGCCT	1
10292	3333	41	GGAACTTTTCTTTCACCAAGTGCC	1
3333	10294	41	TGGAACTTTTCTTTCACCAAGTGC	1
10294	10295	37	GTGGAACTTTTCTTTCACCAAGTG	1
10295	10296	37	AGTGGAACTTTTCTTTCACCAAGT	1
10296	3337	37	AAGTGGAACTTTTCTTTCACCAAG	1
3337	10298	38	CAAGTGGAACTTTTCTTTCACCAA	1
10298	3339	38	GCAAGTGGAACTTTTCTTTCACCA	1
3339	3340	39	TGCAAGTGGAACTTTTCTTTCACC	1
3340	3341	42	TTGCAAGTGGAACTTTTCTTTCAC	1
3341	3342	45	TTTGCAAGTGGAACTTTTCTTTCA	1
3342	3343	44	ATTTGCAAGTGGAACTTTTCTTTC	1
3343	3344	48	AATTTGCAAGTGGAACTTTTCTTT	1
3344	3345	48	AAATTTGCAAGTGGAACTTTTCTT	1
3345	3346	49	AAAATTTGCAAGTGGAACTTTTCT	1
3346	3347	49	CAAAATTTGCAAGTGGAACTTTTC	1
3347	3348	48	TCAAAATTTGCAAGTGGAACTTTT	1
3348	3349	47	ATCAAAATTTGCAAGTGGAACTTT	1
3349	3350	46	AATCAAAATTTGCAAGTGGAACTT	1
3350	3351	46	CAATCAAAATTTGCAAGTGGAACT	1
3351	10312	46	GCAATCAAAATTTGCAAGTGGAAC	1
10312	3353	46	TGCAATCAAAATTTGCAAGTGGAA	1
3353	10314	46	CTGCAATCAAAATTTGCAAGTGGA	1
10314	10315	46	GCTGCAATCAAAATTTGCAAGTGG	1
10315	3356	46	TGCTGCAATCAAAATTTGCAAGTG	1
3356	10317	46	TTGCTGCAATCAAAATTTGCAAGT	1
10317	10318	43	GTTGCTGCAATCAAAATTTGCAAG	1
10318	10319	38	GGTTGCTGCAATCAAAATTTGCAA	1
10319	3360	37	GGGTTGCTGCAATCAAAATTTGCA	1
3360	10321	34	TGGGTTGCTGCAATCAAAATTTGC	1
10321	10322	35	GTGGGTTGCTGCAATCAAAATTTG	1
10322	3363	34	GGTGGGTTGCTGCAATCAAAATTT	1
3363	3364	34	TGGTGGGTTGCTGCAATCAAAATT	1
3364	10325	33	TTGGTGGGTTGCTGCAATCAAAAT	1
10325	10326	31	GTTGGTGGGTTGCTGCAATCAAAA	1
10326	10327	30	AGTTGGTGGGTTGCTGCAATCAAA	1
10327	10328	32	TAGTTGGTGGGTTGCTGCAATCAA	1
10328	3369	33	ATAGTTGGTGGGTTGCTGCAATCA	1
3369	3370	32	CATAGTTGGTGGGTTGCTGCAATC	1
3370	3371	32	CCATAGTTGGTGGGTTGCTGCAAT	1
3371	3372	32	TCCATAGTTGGTGGGTTGCTGCAA	1
3372	3373	32	CTCCATAGTTGGTGGGTTGCTGCA	1
3373	10334	32	GCTCCATAGTTGGTGGGTTGCTGC	1
10334	3375	34	CGCTCCATAGTTGGTGGGTTGCTG	1
3375	3376	36	CCGCTCCATAGTTGGTGGGTTGCT	1
3376	10337	36	CCCGCTCCATAGTTGGTGGGTTGC	1
10337	3378	36	TCCCGCTCCATAGTTGGTGGGTTG	1
3378	10339	36	ATCCCGCTCCATAGTTGGTGGGTT	1
10339	10340	38	AATCCCGCTCCATAGTTGGTGGGT	1
10340	10341	39	AAATCCCGCTCCATAGTTGGTGGG	1
10341	10342	37	AAAATCCCGCTCCATAGTTGGTGG	1
10342	3383	39	CAAAATCCCGCTCCATAGTTGGTG	1
3383	10344	39	TCAAAATCCCGCTCCATAGTTGGT	1
10344	3385	36	ATCAAAATCCCGCTCCATAGTTGG	1
3385	3386	37	CATCAAAATCCCGCTCCATAGTTG	1
3386	3387	39	TCATCAAAATCCCGCTCCATAGTT	1
3387	10348	39	CTCATCAAAATCCCGCTCCATAGT	1
10348	3389	39	ACTCATCAAAATCCCGCTCCATAG	1
3389	3390	39	CACTCATCAAAATCCCGCTCCATA	1
3390	3391	39	CCACTCATCAAAATCCCGCTCCAT	1
3391	3392	38	CCCACTCATCAAAATCCCGCTCCA	1
3392	3393	37	TCCCACTCATCAAAATCCCGCTCC	1
3393	3394	37	CTCCCACTCATCAAAATCCCGCTC	1
3394	3395	38	CCTCCCACTCATCAAAATCCCGCT	1
3395	10356	39	GCCTCCCACTCATCAAAATCCCGC	1
10356	3397	45	AGCCTCCCACTCATCAAAATCCCG	1
3397	3398	44	CAGCCTCCCACTCATCAAAATCCC	1
3398	3399	50	TCAGCCTCCCACTCATCAAAATCC	1
3399	3400	50	TTCAGCCTCCCACTCATCAAAATC	1
3400	10361	52	TTTCAGCCTCCCACTCATCAAAAT	1
10361	3402	56	ATTTCAGCCTCCCACTCATCAAAA	1
3402	3403	56	CATTTCAGCCTCCCACTCATCAAA	1
3403	3404	55	CCATTTCAGCCTCCCACTCATCAA	1
3404	3405	55	CCCATTTCAGCCTCCCACTCATCA	1
3405	3406	55	CCCCATTTCAGCCTCCCACTCATC	1
3406	3407	54	TCCCCATTTCAGCCTCCCACTCAT	1
3407	3408	54	CTCCCCATTTCAGCCTCCCACTCA	1
3408	10369	55	ACTCCCCATTTCAGCCTCCCACTC	1
10369	3410	55	GACTCCCCATTTCAGCCTCCCACT	1
3410	3411	58	AGACTCCCCATTTCAGCCTCCCAC	1
3411	3412	59	TAGACTCCCCATTTCAGCCTCCCA	1
3412	3413	62	CTAGACTCCCCATTTCAGCCTCCC	1
3413	3414	65	CCTAGACTCCCCATTTCAGCCTCC	1
3414	3415	66	TCCTAGACTCCCCATTTCAGCCTC	1
3415	3416	71	CTCCTAGACTCCCCATTTCAGCCT	1
3416	3417	76	TCTCCTAGACTCCCCATTTCAGCC	1
3417	10378	79	TTCTCCTAGACTCCCCATTTCAGC	1
10378	3419	80	GTTCTCCTAGACTCCCCATTTCAG	1
3419	3420	80	TGTTCTCCTAGACTCCCCATTTCA	1
3420	3421	79	CTGTTCTCCTAGACTCCCCATTTC	1
3421	3422	78	TCTGTTCTCCTAGACTCCCCATTT	1
3422	10383	79	ATCTGTTCTCCTAGACTCCCCATT	1
10383	10384	79	AATCTGTTCTCCTAGACTCCCCAT	1
10384	3425	80	AAATCTGTTCTCCTAGACTCCCCA	1
3425	3426	83	GAAATCTGTTCTCCTAGACTCCCC	1
3426	3427	84	GGAAATCTGTTCTCCTAGACTCCC	1
3427	3428	82	AGGAAATCTGTTCTCCTAGACTCC	1
3428	3429	84	CAGGAAATCTGTTCTCCTAGACTC	1
3429	3430	83	CCAGGAAATCTGTTCTCCTAGACT	1
3430	10391	85	TCCAGGAAATCTGTTCTCCTAGAC	1
10391	10392	85	GTCCAGGAAATCTGTTCTCCTAGA	1
10392	3433	82	TGTCCAGGAAATCTGTTCTCCTAG	1
3433	3434	83	CTGTCCAGGAAATCTGTTCTCCTA	1
3434	3435	80	ACTGTCCAGGAAATCTGTTCTCCT	1
3435	3436	80	GACTGTCCAGGAAATCTGTTCTCC	1
3436	10397	80	AGACTGTCCAGGAAATCTGTTCTC	1
10397	3438	85	GAGACTGTCCAGGAAATCTGTTCT	1
3438	10399	84	AGAGACTGTCCAGGAAATCTGTTC	1
10399	10400	84	GAGAGACTGTCCAGGAAATCTGTT	1
10400	10401	84	GGAGAGACTGTCCAGGAAATCTGT	1
10401	3442	87	AGGAGAGACTGTCCAGGAAATCTG	1
3442	3443	86	AAGGAGAGACTGTCCAGGAAATCT	1
3443	3444	86	AAAGGAGAGACTGTCCAGGAAATC	1
3444	3445	85	CAAAGGAGAGACTGTCCAGGAAAT	1
3445	3446	82	CCAAAGGAGAGACTGTCCAGGAAA	1
3446	10407	80	TCCAAAGGAGAGACTGTCCAGGAA	1
10407	10408	77	TTCCAAAGGAGAGACTGTCCAGGA	1
10408	3449	73	CTTCCAAAGGAGAGACTGTCCAGG	1
3449	3450	72	CCTTCCAAAGGAGAGACTGTCCAG	1
3450	3451	67	CCCTTCCAAAGGAGAGACTGTCCA	1
3451	3452	66	TCCCTTCCAAAGGAGAGACTGTCC	1
3452	3453	63	ATCCCTTCCAAAGGAGAGACTGTC	1
3453	10414	62	CATCCCTTCCAAAGGAGAGACTGT	1
10414	3455	62	ACATCCCTTCCAAAGGAGAGACTG	1
3455	3456	62	CACATCCCTTCCAAAGGAGAGACT	1
3456	10417	62	TCACATCCCTTCCAAAGGAGAGAC	1
10417	10418	64	GTCACATCCCTTCCAAAGGAGAGA	1
10418	10419	65	GGTCACATCCCTTCCAAAGGAGAG	1
10419	10420	67	TGGTCACATCCCTTCCAAAGGAGA	1
10420	10421	70	TTGGTCACATCCCTTCCAAAGGAG	1
10421	10422	70	TTTGGTCACATCCCTTCCAAAGGA	1
10422	10423	68	CTTTGGTCACATCCCTTCCAAAGG	1
10423	3464	68	GCTTTGGTCACATCCCTTCCAAAG	1
3464	10425	68	CGCTTTGGTCACATCCCTTCCAAA	1
10425	10426	64	ACGCTTTGGTCACATCCCTTCCAA	1
10426	3467	63	AACGCTTTGGTCACATCCCTTCCA	1
3467	3468	56	CAACGCTTTGGTCACATCCCTTCC	1
3468	3469	54	TCAACGCTTTGGTCACATCCCTTC	1
3469	10430	51	ATCAACGCTTTGGTCACATCCCTT	1
10430	3471	50	GATCAACGCTTTGGTCACATCCCT	1
3471	3472	49	GGATCAACGCTTTGGTCACATCCC	1
3472	3473	50	TGGATCAACGCTTTGGTCACATCC	1
3473	3474	50	ATGGATCAACGCTTTGGTCACATC	1
3474	3475	48	CATGGATCAACGCTTTGGTCACAT	1
3475	3476	53	CCATGGATCAACGCTTTGGTCACA	1
3476	3477	52	GCCATGGATCAACGCTTTGGTCAC	1
3477	3478	51	TGCCATGGATCAACGCTTTGGTCA	1
3478	10439	51	ATGCCATGGATCAACGCTTTGGTC	1
10439	10440	51	GATGCCATGGATCAACGCTTTGGT	1
10440	10441	53	AGATGCCATGGATCAACGCTTTGG	1
10441	10442	53	TAGATGCCATGGATCAACGCTTTG	1
10442	3483	51	GTAGATGCCATGGATCAACGCTTT	1
3483	3484	49	TGTAGATGCCATGGATCAACGCTT	1
3484	10445	51	ATGTAGATGCCATGGATCAACGCT	1
10445	10446	50	GATGTAGATGCCATGGATCAACGC	1
10446	3487	54	AGATGTAGATGCCATGGATCAACG	1
3487	10448	56	AAGATGTAGATGCCATGGATCAAC	1
10448	10449	57	GAAGATGTAGATGCCATGGATCAA	1
10449	3490	52	AGAAGATGTAGATGCCATGGATCA	1
3490	10451	50	AAGAAGATGTAGATGCCATGGATC	1
10451	3492	49	GAAGAAGATGTAGATGCCATGGAT	1
3492	10453	47	CGAAGAAGATGTAGATGCCATGGA	1
10453	10454	48	ACGAAGAAGATGTAGATGCCATGG	1
10454	3495	49	GACGAAGAAGATGTAGATGCCATG	1
3495	3496	50	TGACGAAGAAGATGTAGATGCCAT	1
3496	3497	51	TTGACGAAGAAGATGTAGATGCCA	1
3497	3498	51	GTTGACGAAGAAGATGTAGATGCC	1
3498	10459	52	TGTTGACGAAGAAGATGTAGATGC	1
10459	3500	53	TTGTTGACGAAGAAGATGTAGATG	1
3500	10461	51	CTTGTTGACGAAGAAGATGTAGAT	1
10461	10462	50	GCTTGTTGACGAAGAAGATGTAGA	1
10462	3503	48	TGCTTGTTGACGAAGAAGATGTAG	1
3503	10464	50	TTGCTTGTTGACGAAGAAGATGTA	1
10464	10465	52	ATTGCTTGTTGACGAAGAAGATGT	1
10465	3506	52	CATTGCTTGTTGACGAAGAAGATG	1
3506	10467	52	TCATTGCTTGTTGACGAAGAAGAT	1
10467	10468	52	ATCATTGCTTGTTGACGAAGAAGA	1
10468	10469	52	CATCATTGCTTGTTGACGAAGAAG	1
10469	10470	52	GCATCATTGCTTGTTGACGAAGAA	1
10470	10471	52	AGCATCATTGCTTGTTGACGAAGA	1
10471	10472	53	AAGCATCATTGCTTGTTGACGAAG	1
10472	10473	53	AAAGCATCATTGCTTGTTGACGAA	1
10473	10474	53	GAAAGCATCATTGCTTGTTGACGA	1
10474	3515	54	TGAAAGCATCATTGCTTGTTGACG	1
3515	3516	55	ATGAAAGCATCATTGCTTGTTGAC	1
3516	10477	55	CATGAAAGCATCATTGCTTGTTGA	1
10477	3518	55	TCATGAAAGCATCATTGCTTGTTG	1
3518	10479	55	ATCATGAAAGCATCATTGCTTGTT	1
10479	10480	55	GATCATGAAAGCATCATTGCTTGT	1
10480	3521	55	AGATCATGAAAGCATCATTGCTTG	1
3521	3522	54	CAGATCATGAAAGCATCATTGCTT	1
3522	3523	54	ACAGATCATGAAAGCATCATTGCT	1
3523	10484	55	TACAGATCATGAAAGCATCATTGC	1
10484	3525	54	TTACAGATCATGAAAGCATCATTG	1
3525	3526	54	TTTACAGATCATGAAAGCATCATT	1
3526	10487	54	TTTTACAGATCATGAAAGCATCAT	1
10487	3528	52	GTTTTACAGATCATGAAAGCATCA	1
3528	10489	50	TGTTTTACAGATCATGAAAGCATC	1
10489	3530	49	ATGTTTTACAGATCATGAAAGCAT	1
3530	3531	47	CATGTTTTACAGATCATGAAAGCA	1
3531	10492	47	ACATGTTTTACAGATCATGAAAGC	1
10492	3533	43	CACATGTTTTACAGATCATGAAAG	1
3533	3534	43	CCACATGTTTTACAGATCATGAAA	1
3534	10495	43	TCCACATGTTTTACAGATCATGAA	1
10495	10496	43	ATCCACATGTTTTACAGATCATGA	1
10496	3537	41	AATCCACATGTTTTACAGATCATG	1
3537	3538	42	TAATCCACATGTTTTACAGATCAT	1
3538	3539	39	TTAATCCACATGTTTTACAGATCA	1
3539	10500	39	ATTAATCCACATGTTTTACAGATC	1
10500	10501	39	AATTAATCCACATGTTTTACAGAT	1
10501	10502	41	GAATTAATCCACATGTTTTACAGA	1
10502	10503	42	GGAATTAATCCACATGTTTTACAG	1
10503	3544	42	GGGAATTAATCCACATGTTTTACA	1
3544	3545	42	TGGGAATTAATCCACATGTTTTAC	1
3545	3546	41	CTGGGAATTAATCCACATGTTTTA	1
3546	3547	39	ACTGGGAATTAATCCACATGTTTT	1
3547	3548	39	CACTGGGAATTAATCCACATGTTT	1
3548	3549	39	TCACTGGGAATTAATCCACATGTT	1
3549	3550	40	TTCACTGGGAATTAATCCACATGT	1
3550	3551	39	CTTCACTGGGAATTAATCCACATG	1
3551	10512	39	TCTTCACTGGGAATTAATCCACAT	1
10512	3553	41	ATCTTCACTGGGAATTAATCCACA	1
3553	10514	46	CATCTTCACTGGGAATTAATCCAC	1
10514	3555	46	GCATCTTCACTGGGAATTAATCCA	1
3555	3556	49	TGCATCTTCACTGGGAATTAATCC	1
3556	10517	54	TTGCATCTTCACTGGGAATTAATC	1
10517	10518	56	ATTGCATCTTCACTGGGAATTAAT	1
10518	10519	56	TATTGCATCTTCACTGGGAATTAA	1
10519	3560	56	ATATTGCATCTTCACTGGGAATTA	1
3560	10521	56	CATATTGCATCTTCACTGGGAATT	1
10521	3562	54	GCATATTGCATCTTCACTGGGAAT	1
3562	10523	53	CGCATATTGCATCTTCACTGGGAA	1
10523	10524	53	ACGCATATTGCATCTTCACTGGGA	1
10524	10525	54	AACGCATATTGCATCTTCACTGGG	1
10525	10526	54	CAACGCATATTGCATCTTCACTGG	1
10526	3567	57	TCAACGCATATTGCATCTTCACTG	1
3567	3568	54	TTCAACGCATATTGCATCTTCACT	1
3568	10529	56	CTTCAACGCATATTGCATCTTCAC	1
10529	3570	58	GCTTCAACGCATATTGCATCTTCA	1
3570	3571	58	TGCTTCAACGCATATTGCATCTTC	1
3571	3572	58	CTGCTTCAACGCATATTGCATCTT	1
3572	3573	57	TCTGCTTCAACGCATATTGCATCT	1
3573	3574	58	GTCTGCTTCAACGCATATTGCATC	1
3574	10535	59	TGTCTGCTTCAACGCATATTGCAT	1
10535	3576	60	GTGTCTGCTTCAACGCATATTGCA	1
3576	3577	60	TGTGTCTGCTTCAACGCATATTGC	1
3577	3578	60	CTGTGTCTGCTTCAACGCATATTG	1
3578	10539	61	CCTGTGTCTGCTTCAACGCATATT	1
10539	10540	57	GCCTGTGTCTGCTTCAACGCATAT	1
10540	10541	57	AGCCTGTGTCTGCTTCAACGCATA	1
10541	10542	57	GAGCCTGTGTCTGCTTCAACGCAT	1
10542	3583	57	GGAGCCTGTGTCTGCTTCAACGCA	1
3583	3584	56	AGGAGCCTGTGTCTGCTTCAACGC	1
3584	3585	56	CAGGAGCCTGTGTCTGCTTCAACG	1
3585	10546	57	TCAGGAGCCTGTGTCTGCTTCAAC	1
10546	10547	57	ATCAGGAGCCTGTGTCTGCTTCAA	1
10547	10548	56	GATCAGGAGCCTGTGTCTGCTTCA	1
10548	10549	55	GGATCAGGAGCCTGTGTCTGCTTC	1
10549	10550	54	AGGATCAGGAGCCTGTGTCTGCTT	1
10550	3591	54	GAGGATCAGGAGCCTGTGTCTGCT	1
3591	3592	52	CGAGGATCAGGAGCCTGTGTCTGC	1
3592	3593	50	CCGAGGATCAGGAGCCTGTGTCTG	1
3593	3594	49	CCCGAGGATCAGGAGCCTGTGTCT	1
3594	3595	46	GCCCGAGGATCAGGAGCCTGTGTC	1
3595	10556	45	TGCCCGAGGATCAGGAGCCTGTGT	1
10556	3597	42	GTGCCCGAGGATCAGGAGCCTGTG	1
3597	10558	42	TGTGCCCGAGGATCAGGAGCCTGT	1
10558	3599	42	GTGTGCCCGAGGATCAGGAGCCTG	1
3599	3600	43	AGTGTGCCCGAGGATCAGGAGCCT	1
3600	3601	46	GAGTGTGCCCGAGGATCAGGAGCC	1
3601	10562	46	AGAGTGTGCCCGAGGATCAGGAGC	1
10562	10563	48	GAGAGTGTGCCCGAGGATCAGGAG	1
10563	10564	48	AGAGAGTGTGCCCGAGGATCAGGA	1
10564	10565	50	AAGAGAGTGTGCCCGAGGATCAGG	1
10565	10566	47	GAAGAGAGTGTGCCCGAGGATCAG	1
10566	3607	50	AGAAGAGAGTGTGCCCGAGGATCA	1
3607	3608	45	TAGAAGAGAGTGTGCCCGAGGATC	1
3608	10569	40	TTAGAAGAGAGTGTGCCCGAGGAT	1
10569	10570	38	GTTAGAAGAGAGTGTGCCCGAGGA	1
10570	10571	42	TGTTAGAAGAGAGTGTGCCCGAGG	1
10571	10572	51	GTGTTAGAAGAGAGTGTGCCCGAG	1
10572	3613	54	TGTGTTAGAAGAGAGTGTGCCCGA	1
3613	3614	61	CTGTGTTAGAAGAGAGTGTGCCCG	1
3614	3615	64	TCTGTGTTAGAAGAGAGTGTGCCC	1
3615	3616	65	TTCTGTGTTAGAAGAGAGTGTGCC	1
3616	10577	65	ATTCTGTGTTAGAAGAGAGTGTGC	1
10577	10578	65	GATTCTGTGTTAGAAGAGAGTGTG	1
10578	10579	63	AGATTCTGTGTTAGAAGAGAGTGT	1
10579	3620	63	CAGATTCTGTGTTAGAAGAGAGTG	1
3620	10581	58	CCAGATTCTGTGTTAGAAGAGAGT	1
10581	10582	58	TCCAGATTCTGTGTTAGAAGAGAG	1
10582	10583	58	TTCCAGATTCTGTGTTAGAAGAGA	1
10583	10584	58	GTTCCAGATTCTGTGTTAGAAGAG	1
10584	10585	58	AGTTCCAGATTCTGTGTTAGAAGA	1
10585	3626	59	CAGTTCCAGATTCTGTGTTAGAAG	1
3626	10587	58	CCAGTTCCAGATTCTGTGTTAGAA	1
10587	10588	57	GCCAGTTCCAGATTCTGTGTTAGA	1
10588	10589	58	AGCCAGTTCCAGATTCTGTGTTAG	1
10589	10590	58	GAGCCAGTTCCAGATTCTGTGTTA	1
10590	10591	58	GGAGCCAGTTCCAGATTCTGTGTT	1
10591	10592	59	AGGAGCCAGTTCCAGATTCTGTGT	1
10592	3633	59	CAGGAGCCAGTTCCAGATTCTGTG	1
3633	3634	59	CCAGGAGCCAGTTCCAGATTCTGT	1
3634	3635	59	CCCAGGAGCCAGTTCCAGATTCTG	1
3635	3636	60	ACCCAGGAGCCAGTTCCAGATTCT	1
3636	3637	61	CACCCAGGAGCCAGTTCCAGATTC	1
3637	10598	60	TCACCCAGGAGCCAGTTCCAGATT	1
10598	10599	60	ATCACCCAGGAGCCAGTTCCAGAT	1
10599	10600	61	TATCACCCAGGAGCCAGTTCCAGA	1
10600	10601	62	ATATCACCCAGGAGCCAGTTCCAG	1
10601	3642	63	GATATCACCCAGGAGCCAGTTCCA	1
3642	3643	62	AGATATCACCCAGGAGCCAGTTCC	1
3643	10604	62	TAGATATCACCCAGGAGCCAGTTC	1
10604	10605	62	GTAGATATCACCCAGGAGCCAGTT	1
10605	10606	61	GGTAGATATCACCCAGGAGCCAGT	1
10606	10607	62	TGGTAGATATCACCCAGGAGCCAG	1
10607	3648	62	ATGGTAGATATCACCCAGGAGCCA	1
3648	3649	62	CATGGTAGATATCACCCAGGAGCC	1
3649	10610	62	ACATGGTAGATATCACCCAGGAGC	1
10610	3651	62	GACATGGTAGATATCACCCAGGAG	1
3651	10612	61	CGACATGGTAGATATCACCCAGGA	1
10612	10613	65	GCGACATGGTAGATATCACCCAGG	1
10613	3654	68	AGCGACATGGTAGATATCACCCAG	1
3654	3655	68	CAGCGACATGGTAGATATCACCCA	1
3655	3656	68	ACAGCGACATGGTAGATATCACCC	1
3656	10617	66	GACAGCGACATGGTAGATATCACC	1
10617	10618	65	GGACAGCGACATGGTAGATATCAC	1
10618	3659	62	TGGACAGCGACATGGTAGATATCA	1
3659	3660	61	CTGGACAGCGACATGGTAGATATC	1
3660	10621	64	ACTGGACAGCGACATGGTAGATAT	1
10621	10622	64	AACTGGACAGCGACATGGTAGATA	1
10622	10623	60	GAACTGGACAGCGACATGGTAGAT	1
10623	10624	50	GGAACTGGACAGCGACATGGTAGA	1
10624	10625	45	TGGAACTGGACAGCGACATGGTAG	1
10625	3666	40	GTGGAACTGGACAGCGACATGGTA	1
3666	10627	38	TGTGGAACTGGACAGCGACATGGT	1
10627	10628	37	TTGTGGAACTGGACAGCGACATGG	1
10628	10629	35	GTTGTGGAACTGGACAGCGACATG	1
10629	10630	36	GGTTGTGGAACTGGACAGCGACAT	1
10630	3671	34	GGGTTGTGGAACTGGACAGCGACA	1
3671	3672	36	AGGGTTGTGGAACTGGACAGCGAC	1
3672	10633	38	CAGGGTTGTGGAACTGGACAGCGA	1
10633	10634	35	GCAGGGTTGTGGAACTGGACAGCG	1
10634	10635	34	GGCAGGGTTGTGGAACTGGACAGC	1
10635	3676	37	AGGCAGGGTTGTGGAACTGGACAG	1
3676	3677	37	TAGGCAGGGTTGTGGAACTGGACA	1
3677	10638	36	TTAGGCAGGGTTGTGGAACTGGAC	1
10638	10639	36	GTTAGGCAGGGTTGTGGAACTGGA	1
10639	10640	37	AGTTAGGCAGGGTTGTGGAACTGG	1
10640	10641	37	CAGTTAGGCAGGGTTGTGGAACTG	1
10641	3682	38	GCAGTTAGGCAGGGTTGTGGAACT	1
3682	10643	38	AGCAGTTAGGCAGGGTTGTGGAAC	1
10643	10644	37	GAGCAGTTAGGCAGGGTTGTGGAA	1
10644	10645	37	GGAGCAGTTAGGCAGGGTTGTGGA	1
10645	10646	38	TGGAGCAGTTAGGCAGGGTTGTGG	1
10646	10647	37	GTGGAGCAGTTAGGCAGGGTTGTG	1
10647	10648	37	AGTGGAGCAGTTAGGCAGGGTTGT	1
10648	10649	37	AAGTGGAGCAGTTAGGCAGGGTTG	1
10649	10650	39	GAAGTGGAGCAGTTAGGCAGGGTT	1
10650	10651	38	AGAAGTGGAGCAGTTAGGCAGGGT	1
10651	10652	37	CAGAAGTGGAGCAGTTAGGCAGGG	1
10652	3693	36	CCAGAAGTGGAGCAGTTAGGCAGG	1
3693	10654	37	CCCAGAAGTGGAGCAGTTAGGCAG	1
10654	3695	37	GCCCAGAAGTGGAGCAGTTAGGCA	1
3695	10656	37	AGCCCAGAAGTGGAGCAGTTAGGC	1
10656	10657	37	GAGCCCAGAAGTGGAGCAGTTAGG	1
10657	3698	39	AGAGCCCAGAAGTGGAGCAGTTAG	1
3698	3699	38	CAGAGCCCAGAAGTGGAGCAGTTA	1
3699	10660	38	CCAGAGCCCAGAAGTGGAGCAGTT	1
10660	10661	39	GCCAGAGCCCAGAAGTGGAGCAGT	1
10661	10662	38	AGCCAGAGCCCAGAAGTGGAGCAG	1
10662	3703	38	GAGCCAGAGCCCAGAAGTGGAGCA	1
3703	10664	37	AGAGCCAGAGCCCAGAAGTGGAGC	1
10664	10665	31	CAGAGCCAGAGCCCAGAAGTGGAG	1
10665	10666	27	TCAGAGCCAGAGCCCAGAAGTGGA	1
10666	3707	26	CTCAGAGCCAGAGCCCAGAAGTGG	1
3707	3708	28	CCTCAGAGCCAGAGCCCAGAAGTG	1
3708	10669	30	ACCTCAGAGCCAGAGCCCAGAAGT	1
10669	3710	31	CACCTCAGAGCCAGAGCCCAGAAG	1
3710	3711	31	CCACCTCAGAGCCAGAGCCCAGAA	1
3711	3712	33	CCCACCTCAGAGCCAGAGCCCAGA	1
3712	3713	33	CCCCACCTCAGAGCCAGAGCCCAG	1
3713	3714	32	CCCCCACCTCAGAGCCAGAGCCCA	1
3714	3715	32	ACCCCCACCTCAGAGCCAGAGCCC	1
3715	10676	34	CACCCCCACCTCAGAGCCAGAGCC	1
10676	10677	34	GCACCCCCACCTCAGAGCCAGAGC	1
10677	3718	35	TGCACCCCCACCTCAGAGCCAGAG	1
3718	3719	36	CTGCACCCCCACCTCAGAGCCAGA	1
3719	10680	38	CCTGCACCCCCACCTCAGAGCCAG	1
10680	3721	37	GCCTGCACCCCCACCTCAGAGCCA	1
3721	3722	36	AGCCTGCACCCCCACCTCAGAGCC	1
3722	10683	37	AAGCCTGCACCCCCACCTCAGAGC	1
10683	10684	35	CAAGCCTGCACCCCCACCTCAGAG	1
10684	10685	34	GCAAGCCTGCACCCCCACCTCAGA	1
10685	10686	36	GGCAAGCCTGCACCCCCACCTCAG	1
10686	3727	35	TGGCAAGCCTGCACCCCCACCTCA	1
3727	3728	33	ATGGCAAGCCTGCACCCCCACCTC	1
3728	3729	35	AATGGCAAGCCTGCACCCCCACCT	1
3729	3730	36	TAATGGCAAGCCTGCACCCCCACC	1
3730	3731	40	TTAATGGCAAGCCTGCACCCCCAC	1
3731	3732	40	CTTAATGGCAAGCCTGCACCCCCA	1
3732	3733	45	TCTTAATGGCAAGCCTGCACCCCC	1
3733	3734	48	CTCTTAATGGCAAGCCTGCACCCC	1
3734	3735	48	ACTCTTAATGGCAAGCCTGCACCC	1
3735	3736	48	GACTCTTAATGGCAAGCCTGCACC	1
3736	10697	50	TGACTCTTAATGGCAAGCCTGCAC	1
10697	10698	51	ATGACTCTTAATGGCAAGCCTGCA	1
10698	10699	52	GATGACTCTTAATGGCAAGCCTGC	1
10699	3740	53	AGATGACTCTTAATGGCAAGCCTG	1
3740	3741	53	CAGATGACTCTTAATGGCAAGCCT	1
3741	3742	53	CCAGATGACTCTTAATGGCAAGCC	1
3742	10703	54	TCCAGATGACTCTTAATGGCAAGC	1
10703	3744	55	TTCCAGATGACTCTTAATGGCAAG	1
3744	3745	55	TTTCCAGATGACTCTTAATGGCAA	1
3745	3746	54	CTTTCCAGATGACTCTTAATGGCA	1
3746	10707	55	ACTTTCCAGATGACTCTTAATGGC	1
10707	3748	59	CACTTTCCAGATGACTCTTAATGG	1
3748	3749	57	CCACTTTCCAGATGACTCTTAATG	1
3749	10710	57	ACCACTTTCCAGATGACTCTTAAT	1
10710	3751	56	AACCACTTTCCAGATGACTCTTAA	1
3751	10712	56	CAACCACTTTCCAGATGACTCTTA	1
10712	10713	57	GCAACCACTTTCCAGATGACTCTT	1
10713	3754	57	GGCAACCACTTTCCAGATGACTCT	1
3754	3755	57	AGGCAACCACTTTCCAGATGACTC	1
3755	3756	57	CAGGCAACCACTTTCCAGATGACT	1
3756	10717	58	CCAGGCAACCACTTTCCAGATGAC	1
10717	10718	58	GCCAGGCAACCACTTTCCAGATGA	1
10718	10719	57	GGCCAGGCAACCACTTTCCAGATG	1
10719	3760	58	AGGCCAGGCAACCACTTTCCAGAT	1
3760	10721	61	CAGGCCAGGCAACCACTTTCCAGA	1
10721	3762	64	GCAGGCCAGGCAACCACTTTCCAG	1
3762	3763	65	TGCAGGCCAGGCAACCACTTTCCA	1
3763	3764	63	CTGCAGGCCAGGCAACCACTTTCC	1
3764	3765	65	CCTGCAGGCCAGGCAACCACTTTC	1
3765	3766	63	CCCTGCAGGCCAGGCAACCACTTT	1
3766	3767	62	CCCCTGCAGGCCAGGCAACCACTT	1
3767	3768	61	CCCCCTGCAGGCCAGGCAACCACT	1
3768	3769	61	GCCCCCTGCAGGCCAGGCAACCAC	1
3769	3770	61	TGCCCCCTGCAGGCCAGGCAACCA	1
3770	3771	63	TTGCCCCCTGCAGGCCAGGCAACC	1
3771	3772	63	TTTGCCCCCTGCAGGCCAGGCAAC	1
3772	3773	64	CTTTGCCCCCTGCAGGCCAGGCAA	1
3773	3774	67	CCTTTGCCCCCTGCAGGCCAGGCA	1
3774	3775	69	CCCTTTGCCCCCTGCAGGCCAGGC	1
3775	10736	70	CCCCTTTGCCCCCTGCAGGCCAGG	1
10736	3777	70	GCCCCTTTGCCCCCTGCAGGCCAG	1
3777	3778	70	TGCCCCTTTGCCCCCTGCAGGCCA	1
3778	3779	71	CTGCCCCTTTGCCCCCTGCAGGCC	1
3779	10740	73	ACTGCCCCTTTGCCCCCTGCAGGC	1
10740	10741	72	GACTGCCCCTTTGCCCCCTGCAGG	1
10741	10742	71	AGACTGCCCCTTTGCCCCCTGCAG	1
10742	10743	68	AAGACTGCCCCTTTGCCCCCTGCA	1
10743	10744	68	GAAGACTGCCCCTTTGCCCCCTGC	1
10744	3785	65	TGAAGACTGCCCCTTTGCCCCCTG	1
3785	3786	64	CTGAAGACTGCCCCTTTGCCCCCT	1
3786	3787	66	GCTGAAGACTGCCCCTTTGCCCCC	1
3787	3788	72	AGCTGAAGACTGCCCCTTTGCCCC	1
3788	3789	75	AAGCTGAAGACTGCCCCTTTGCCC	1
3789	3790	74	GAAGCTGAAGACTGCCCCTTTGCC	1
3790	10751	74	AGAAGCTGAAGACTGCCCCTTTGC	1
10751	3792	72	AAGAAGCTGAAGACTGCCCCTTTG	1
3792	3793	72	AAAGAAGCTGAAGACTGCCCCTTT	1
3793	3794	75	CAAAGAAGCTGAAGACTGCCCCTT	1
3794	3795	75	TCAAAGAAGCTGAAGACTGCCCCT	1
3795	3796	77	TTCAAAGAAGCTGAAGACTGCCCC	1
3796	3797	79	CTTCAAAGAAGCTGAAGACTGCCC	1
3797	10758	80	ACTTCAAAGAAGCTGAAGACTGCC	1
10758	10759	80	GACTTCAAAGAAGCTGAAGACTGC	1
10759	3800	75	CGACTTCAAAGAAGCTGAAGACTG	1
3800	3801	75	ACGACTTCAAAGAAGCTGAAGACT	1
3801	10762	74	AACGACTTCAAAGAAGCTGAAGAC	1
10762	10763	72	AAACGACTTCAAAGAAGCTGAAGA	1
10763	3804	72	AAAACGACTTCAAAGAAGCTGAAG	1
3804	3805	70	CAAAACGACTTCAAAGAAGCTGAA	1
3805	3806	71	CCAAAACGACTTCAAAGAAGCTGA	1
3806	3807	71	CCCAAAACGACTTCAAAGAAGCTG	1
3807	3808	72	ACCCAAAACGACTTCAAAGAAGCT	1
3808	3809	75	CACCCAAAACGACTTCAAAGAAGC	1
3809	3810	75	CCACCCAAAACGACTTCAAAGAAG	1
3810	10771	76	CCCACCCAAAACGACTTCAAAGAA	1
10771	10772	73	ACCCACCCAAAACGACTTCAAAGA	1
10772	10773	69	CACCCACCCAAAACGACTTCAAAG	1
10773	10774	65	ACACCCACCCAAAACGACTTCAAA	1
10774	10775	65	AACACCCACCCAAAACGACTTCAA	1
10775	10776	67	GAACACCCACCCAAAACGACTTCA	1
10776	10777	64	GGAACACCCACCCAAAACGACTTC	1
10777	10778	65	AGGAACACCCACCCAAAACGACTT	1
10778	10779	65	GAGGAACACCCACCCAAAACGACT	1
10779	10780	66	GGAGGAACACCCACCCAAAACGAC	1
10780	10781	66	AGGAGGAACACCCACCCAAAACGA	1
10781	10782	68	GAGGAGGAACACCCACCCAAAACG	1
10782	10783	64	GGAGGAGGAACACCCACCCAAAAC	1
10783	10784	63	AGGAGGAGGAACACCCACCCAAAA	1
10784	10785	62	GAGGAGGAGGAACACCCACCCAAA	1
10785	10786	61	AGAGGAGGAGGAACACCCACCCAA	1
10786	3827	60	AAGAGGAGGAGGAACACCCACCCA	1
3827	3828	58	GAAGAGGAGGAGGAACACCCACCC	1
3828	3829	63	TGAAGAGGAGGAGGAACACCCACC	1
3829	10790	64	ATGAAGAGGAGGAGGAACACCCAC	1
10790	3831	63	GATGAAGAGGAGGAGGAACACCCA	1
3831	3832	70	TGATGAAGAGGAGGAGGAACACCC	1
3832	3833	71	CTGATGAAGAGGAGGAGGAACACC	1
3833	3834	72	TCTGATGAAGAGGAGGAGGAACAC	1
3834	3835	74	TTCTGATGAAGAGGAGGAGGAACA	1
3835	10796	76	ATTCTGATGAAGAGGAGGAGGAAC	1
10796	10797	76	GATTCTGATGAAGAGGAGGAGGAA	1
10797	10798	74	GGATTCTGATGAAGAGGAGGAGGA	1
10798	10799	75	AGGATTCTGATGAAGAGGAGGAGG	1
10799	10800	72	CAGGATTCTGATGAAGAGGAGGAG	1
10800	10801	69	TCAGGATTCTGATGAAGAGGAGGA	1
10801	10802	70	TTCAGGATTCTGATGAAGAGGAGG	1
10802	3843	68	CTTCAGGATTCTGATGAAGAGGAG	1
3843	10804	70	CCTTCAGGATTCTGATGAAGAGGA	1
10804	10805	73	GCCTTCAGGATTCTGATGAAGAGG	1
10805	10806	69	GGCCTTCAGGATTCTGATGAAGAG	1
10806	10807	67	TGGCCTTCAGGATTCTGATGAAGA	1
10807	10808	65	ATGGCCTTCAGGATTCTGATGAAG	1
10808	10809	63	TATGGCCTTCAGGATTCTGATGAA	1
10809	10810	60	GTATGGCCTTCAGGATTCTGATGA	1
10810	10811	60	AGTATGGCCTTCAGGATTCTGATG	1
10811	3852	67	AAGTATGGCCTTCAGGATTCTGAT	1
3852	3853	67	CAAGTATGGCCTTCAGGATTCTGA	1
3853	3854	67	CCAAGTATGGCCTTCAGGATTCTG	1
3854	3855	68	TCCAAGTATGGCCTTCAGGATTCT	1
3855	3856	69	TTCCAAGTATGGCCTTCAGGATTC	1
3856	3857	69	TTTCCAAGTATGGCCTTCAGGATT	1
3857	10818	69	TTTTCCAAGTATGGCCTTCAGGAT	1
10818	10819	69	TTTTTCCAAGTATGGCCTTCAGGA	1
10819	10820	68	ATTTTTCCAAGTATGGCCTTCAGG	1
10820	3861	64	CATTTTTCCAAGTATGGCCTTCAG	1
3861	3862	65	CCATTTTTCCAAGTATGGCCTTCA	1
3862	3863	65	CCCATTTTTCCAAGTATGGCCTTC	1
3863	3864	65	TCCCATTTTTCCAAGTATGGCCTT	1
3864	3865	64	CTCCCATTTTTCCAAGTATGGCCT	1
3865	10826	65	TCTCCCATTTTTCCAAGTATGGCC	1
10826	10827	65	GTCTCCCATTTTTCCAAGTATGGC	1
10827	10828	63	GGTCTCCCATTTTTCCAAGTATGG	1
10828	10829	62	AGGTCTCCCATTTTTCCAAGTATG	1
10829	10830	61	AAGGTCTCCCATTTTTCCAAGTAT	1
10830	3871	62	TAAGGTCTCCCATTTTTCCAAGTA	1
3871	10832	61	TTAAGGTCTCCCATTTTTCCAAGT	1
10832	10833	60	TTTAAGGTCTCCCATTTTTCCAAG	1
10833	3874	60	ATTTAAGGTCTCCCATTTTTCCAA	1
3874	3875	62	TATTTAAGGTCTCCCATTTTTCCA	1
3875	10836	62	GTATTTAAGGTCTCCCATTTTTCC	1
10836	10837	65	GGTATTTAAGGTCTCCCATTTTTC	1
10837	3878	63	GGGTATTTAAGGTCTCCCATTTTT	1
3878	3879	62	TGGGTATTTAAGGTCTCCCATTTT	1
3879	3880	62	TTGGGTATTTAAGGTCTCCCATTT	1
3880	3881	56	CTTGGGTATTTAAGGTCTCCCATT	1
3881	3882	55	TCTTGGGTATTTAAGGTCTCCCAT	1
3882	3883	56	TTCTTGGGTATTTAAGGTCTCCCA	1
3883	3884	49	GTTCTTGGGTATTTAAGGTCTCCC	1
3884	3885	51	GGTTCTTGGGTATTTAAGGTCTCC	1
3885	3886	51	TGGTTCTTGGGTATTTAAGGTCTC	1
3886	3887	52	CTGGTTCTTGGGTATTTAAGGTCT	1
3887	10848	51	ACTGGTTCTTGGGTATTTAAGGTC	1
10848	10849	53	AACTGGTTCTTGGGTATTTAAGGT	1
10849	10850	52	AAACTGGTTCTTGGGTATTTAAGG	1
10850	10851	57	GAAACTGGTTCTTGGGTATTTAAG	1
10851	3892	56	TGAAACTGGTTCTTGGGTATTTAA	1
3892	3893	54	CTGAAACTGGTTCTTGGGTATTTA	1
3893	10854	55	CCTGAAACTGGTTCTTGGGTATTT	1
10854	10855	58	GCCTGAAACTGGTTCTTGGGTATT	1
10855	3896	55	GGCCTGAAACTGGTTCTTGGGTAT	1
3896	3897	52	CGGCCTGAAACTGGTTCTTGGGTA	1
3897	10858	52	TCGGCCTGAAACTGGTTCTTGGGT	1
10858	10859	52	ATCGGCCTGAAACTGGTTCTTGGG	1
10859	10860	53	TATCGGCCTGAAACTGGTTCTTGG	1
10860	10861	53	GTATCGGCCTGAAACTGGTTCTTG	1
10861	10862	53	AGTATCGGCCTGAAACTGGTTCTT	1
10862	10863	52	GAGTATCGGCCTGAAACTGGTTCT	1
10863	10864	45	GGAGTATCGGCCTGAAACTGGTTC	1
10864	10865	46	AGGAGTATCGGCCTGAAACTGGTT	1
10865	10866	47	AAGGAGTATCGGCCTGAAACTGGT	1
10866	10867	45	CAAGGAGTATCGGCCTGAAACTGG	1
10867	3908	45	TCAAGGAGTATCGGCCTGAAACTG	1
3908	3909	45	TTCAAGGAGTATCGGCCTGAAACT	1
3909	10870	45	ATTCAAGGAGTATCGGCCTGAAAC	1
10870	3911	45	AATTCAAGGAGTATCGGCCTGAAA	1
3911	3912	44	CAATTCAAGGAGTATCGGCCTGAA	1
3912	3913	44	CCAATTCAAGGAGTATCGGCCTGA	1
3913	10874	43	CCCAATTCAAGGAGTATCGGCCTG	1
10874	3915	42	GCCCAATTCAAGGAGTATCGGCCT	1
3915	10876	42	GGCCCAATTCAAGGAGTATCGGCC	1
10876	10877	45	GGGCCCAATTCAAGGAGTATCGGC	1
10877	10878	45	GGGGCCCAATTCAAGGAGTATCGG	1
10878	3919	45	AGGGGCCCAATTCAAGGAGTATCG	1
3919	3920	46	AAGGGGCCCAATTCAAGGAGTATC	1
3920	10881	46	CAAGGGGCCCAATTCAAGGAGTAT	1
10881	10882	49	GCAAGGGGCCCAATTCAAGGAGTA	1
10882	10883	48	AGCAAGGGGCCCAATTCAAGGAGT	1
10883	10884	50	AAGCAAGGGGCCCAATTCAAGGAG	1
10884	10885	50	AAAGCAAGGGGCCCAATTCAAGGA	1
10885	10886	51	GAAAGCAAGGGGCCCAATTCAAGG	1
10886	10887	59	AGAAAGCAAGGGGCCCAATTCAAG	1
10887	3928	58	AAGAAAGCAAGGGGCCCAATTCAA	1
3928	3929	52	CAAGAAAGCAAGGGGCCCAATTCA	1
3929	3930	53	TCAAGAAAGCAAGGGGCCCAATTC	1
3930	3931	55	CTCAAGAAAGCAAGGGGCCCAATT	1
3931	10892	55	TCTCAAGAAAGCAAGGGGCCCAAT	1
10892	10893	59	GTCTCAAGAAAGCAAGGGGCCCAA	1
10893	3934	58	AGTCTCAAGAAAGCAAGGGGCCCA	1
3934	3935	58	CAGTCTCAAGAAAGCAAGGGGCCC	1
3935	3936	59	GCAGTCTCAAGAAAGCAAGGGGCC	1
3936	10897	57	AGCAGTCTCAAGAAAGCAAGGGGC	1
10897	10898	58	AAGCAGTCTCAAGAAAGCAAGGGG	1
10898	10899	57	GAAGCAGTCTCAAGAAAGCAAGGG	1
10899	10900	57	AGAAGCAGTCTCAAGAAAGCAAGG	1
10900	3941	54	TAGAAGCAGTCTCAAGAAAGCAAG	1
3941	10902	55	TTAGAAGCAGTCTCAAGAAAGCAA	1
10902	10903	53	ATTAGAAGCAGTCTCAAGAAAGCA	1
10903	10904	58	GATTAGAAGCAGTCTCAAGAAAGC	1
10904	10905	58	AGATTAGAAGCAGTCTCAAGAAAG	1
10905	10906	57	GAGATTAGAAGCAGTCTCAAGAAA	1
10906	10907	54	GGAGATTAGAAGCAGTCTCAAGAA	1
10907	10908	55	GGGAGATTAGAAGCAGTCTCAAGA	1
10908	10909	55	GGGGAGATTAGAAGCAGTCTCAAG	1
10909	10910	55	AGGGGAGATTAGAAGCAGTCTCAA	1
10910	3951	55	GAGGGGAGATTAGAAGCAGTCTCA	1
3951	3952	56	TGAGGGGAGATTAGAAGCAGTCTC	1
3952	3953	61	ATGAGGGGAGATTAGAAGCAGTCT	1
3953	3954	62	TATGAGGGGAGATTAGAAGCAGTC	1
3954	10915	62	CTATGAGGGGAGATTAGAAGCAGT	1
10915	10916	66	ACTATGAGGGGAGATTAGAAGCAG	1
10916	3957	66	AACTATGAGGGGAGATTAGAAGCA	1
3957	10918	64	CAACTATGAGGGGAGATTAGAAGC	1
10918	10919	65	TCAACTATGAGGGGAGATTAGAAG	1
10919	10920	65	ATCAACTATGAGGGGAGATTAGAA	1
10920	10921	66	TATCAACTATGAGGGGAGATTAGA	1
10921	10922	65	ATATCAACTATGAGGGGAGATTAG	1
10922	3963	64	GATATCAACTATGAGGGGAGATTA	1
3963	3964	64	TGATATCAACTATGAGGGGAGATT	1
3964	10925	64	CTGATATCAACTATGAGGGGAGAT	1
10925	10926	64	GCTGATATCAACTATGAGGGGAGA	1
10926	10927	68	TGCTGATATCAACTATGAGGGGAG	1
10927	10928	74	TTGCTGATATCAACTATGAGGGGA	1
10928	10929	74	CTTGCTGATATCAACTATGAGGGG	1
10929	10930	74	ACTTGCTGATATCAACTATGAGGG	1
10930	10931	81	GACTTGCTGATATCAACTATGAGG	1
10931	10932	87	CGACTTGCTGATATCAACTATGAG	1
10932	10933	89	TCGACTTGCTGATATCAACTATGA	1
10933	10934	85	ATCGACTTGCTGATATCAACTATG	1
10934	10935	85	GATCGACTTGCTGATATCAACTAT	1
10935	3976	84	AGATCGACTTGCTGATATCAACTA	1
3976	3977	84	CAGATCGACTTGCTGATATCAACT	1
3977	3978	86	CCAGATCGACTTGCTGATATCAAC	1
3978	10939	80	TCCAGATCGACTTGCTGATATCAA	1
10939	3980	79	GTCCAGATCGACTTGCTGATATCA	1
3980	10941	79	AGTCCAGATCGACTTGCTGATATC	1
10941	10942	78	GAGTCCAGATCGACTTGCTGATAT	1
10942	10943	79	AGAGTCCAGATCGACTTGCTGATA	1
10943	10944	77	AAGAGTCCAGATCGACTTGCTGAT	1
10944	10945	74	AAAGAGTCCAGATCGACTTGCTGA	1
10945	3986	75	TAAAGAGTCCAGATCGACTTGCTG	1
3986	3987	74	ATAAAGAGTCCAGATCGACTTGCT	1
3987	10948	76	AATAAAGAGTCCAGATCGACTTGC	1
10948	3989	73	TAATAAAGAGTCCAGATCGACTTG	1
3989	3990	73	TTAATAAAGAGTCCAGATCGACTT	1
3990	10951	72	TTTAATAAAGAGTCCAGATCGACT	1
10951	10952	72	GTTTAATAAAGAGTCCAGATCGAC	1
10952	10953	73	TGTTTAATAAAGAGTCCAGATCGA	1
10953	10954	75	GTGTTTAATAAAGAGTCCAGATCG	1
10954	3995	72	GGTGTTTAATAAAGAGTCCAGATC	1
3995	3996	70	CGGTGTTTAATAAAGAGTCCAGAT	1
3996	3997	70	CCGGTGTTTAATAAAGAGTCCAGA	1
3997	3998	71	CCCGGTGTTTAATAAAGAGTCCAG	1
3998	3999	72	TCCCGGTGTTTAATAAAGAGTCCA	1
3999	4000	72	ATCCCGGTGTTTAATAAAGAGTCC	1
4000	10961	71	CATCCCGGTGTTTAATAAAGAGTC	1
10961	10962	75	ACATCCCGGTGTTTAATAAAGAGT	1
10962	10963	80	AACATCCCGGTGTTTAATAAAGAG	1
10963	10964	84	AAACATCCCGGTGTTTAATAAAGA	1
10964	10965	80	AAAACATCCCGGTGTTTAATAAAG	1
10965	10966	79	TAAAACATCCCGGTGTTTAATAAA	1
10966	10967	80	ATAAAACATCCCGGTGTTTAATAA	1
10967	10968	77	GATAAAACATCCCGGTGTTTAATA	1
10968	4009	76	AGATAAAACATCCCGGTGTTTAAT	1
4009	10970	76	CAGATAAAACATCCCGGTGTTTAA	1
10970	4011	76	ACAGATAAAACATCCCGGTGTTTA	1
4011	4012	75	AACAGATAAAACATCCCGGTGTTT	1
4012	4013	75	CAACAGATAAAACATCCCGGTGTT	1
4013	10974	73	CCAACAGATAAAACATCCCGGTGT	1
10974	10975	74	GCCAACAGATAAAACATCCCGGTG	1
10975	10976	74	GGCCAACAGATAAAACATCCCGGT	1
10976	10977	78	TGGCCAACAGATAAAACATCCCGG	1
10977	4018	79	TTGGCCAACAGATAAAACATCCCG	1
4018	4019	76	TTTGGCCAACAGATAAAACATCCC	1
4019	4020	67	GTTTGGCCAACAGATAAAACATCC	1
4020	10981	66	AGTTTGGCCAACAGATAAAACATC	1
10981	10982	65	GAGTTTGGCCAACAGATAAAACAT	1
10982	4023	59	GGAGTTTGGCCAACAGATAAAACA	1
4023	10984	50	TGGAGTTTGGCCAACAGATAAAAC	1
10984	10985	50	ATGGAGTTTGGCCAACAGATAAAA	1
10985	10986	51	GATGGAGTTTGGCCAACAGATAAA	1
10986	10987	51	GGATGGAGTTTGGCCAACAGATAA	1
10987	4028	51	TGGATGGAGTTTGGCCAACAGATA	1
4028	10989	51	TTGGATGGAGTTTGGCCAACAGAT	1
10989	4030	47	TTTGGATGGAGTTTGGCCAACAGA	1
4030	10991	48	CTTTGGATGGAGTTTGGCCAACAG	1
10991	4032	49	ACTTTGGATGGAGTTTGGCCAACA	1
4032	4033	48	TACTTTGGATGGAGTTTGGCCAAC	1
4033	10994	48	TTACTTTGGATGGAGTTTGGCCAA	1
10994	4035	47	GTTACTTTGGATGGAGTTTGGCCA	1
4035	4036	53	AGTTACTTTGGATGGAGTTTGGCC	1
4036	10997	54	AAGTTACTTTGGATGGAGTTTGGC	1
10997	10998	53	GAAGTTACTTTGGATGGAGTTTGG	1
10998	4039	53	TGAAGTTACTTTGGATGGAGTTTG	1
4039	11000	51	CTGAAGTTACTTTGGATGGAGTTT	1
11000	11001	51	GCTGAAGTTACTTTGGATGGAGTT	1
11001	11002	51	GGCTGAAGTTACTTTGGATGGAGT	1
11002	11003	51	AGGCTGAAGTTACTTTGGATGGAG	1
11003	11004	52	AAGGCTGAAGTTACTTTGGATGGA	1
11004	11005	51	GAAGGCTGAAGTTACTTTGGATGG	1
11005	11006	48	GGAAGGCTGAAGTTACTTTGGATG	1
11006	11007	54	AGGAAGGCTGAAGTTACTTTGGAT	1
11007	11008	53	TAGGAAGGCTGAAGTTACTTTGGA	1
11008	11009	53	ATAGGAAGGCTGAAGTTACTTTGG	1
11009	4050	56	AATAGGAAGGCTGAAGTTACTTTG	1
4050	4051	58	AAATAGGAAGGCTGAAGTTACTTT	1
4051	4052	58	TAAATAGGAAGGCTGAAGTTACTT	1
4052	4053	62	CTAAATAGGAAGGCTGAAGTTACT	1
4053	11014	60	GCTAAATAGGAAGGCTGAAGTTAC	1
11014	11015	54	GGCTAAATAGGAAGGCTGAAGTTA	1
11015	11016	51	GGGCTAAATAGGAAGGCTGAAGTT	1
11016	11017	52	AGGGCTAAATAGGAAGGCTGAAGT	1
11017	11018	53	AAGGGCTAAATAGGAAGGCTGAAG	1
11018	11019	53	GAAGGGCTAAATAGGAAGGCTGAA	1
11019	11020	53	TGAAGGGCTAAATAGGAAGGCTGA	1
11020	11021	53	GTGAAGGGCTAAATAGGAAGGCTG	1
11021	11022	51	GGTGAAGGGCTAAATAGGAAGGCT	1
11022	11023	52	GGGTGAAGGGCTAAATAGGAAGGC	1
11023	11024	54	TGGGTGAAGGGCTAAATAGGAAGG	1
11024	11025	56	GTGGGTGAAGGGCTAAATAGGAAG	1
11025	4066	56	TGTGGGTGAAGGGCTAAATAGGAA	1
4066	11027	55	CTGTGGGTGAAGGGCTAAATAGGA	1
11027	11028	57	CCTGTGGGTGAAGGGCTAAATAGG	1
11028	4069	58	ACCTGTGGGTGAAGGGCTAAATAG	1
4069	4070	57	CACCTGTGGGTGAAGGGCTAAATA	1
4070	11031	57	CCACCTGTGGGTGAAGGGCTAAAT	1
11031	11032	58	GCCACCTGTGGGTGAAGGGCTAAA	1
11032	11033	59	AGCCACCTGTGGGTGAAGGGCTAA	1
11033	4074	59	AAGCCACCTGTGGGTGAAGGGCTA	1
4074	4075	59	AAAGCCACCTGTGGGTGAAGGGCT	1
4075	11036	63	AAAAGCCACCTGTGGGTGAAGGGC	1
11036	11037	67	CAAAAGCCACCTGTGGGTGAAGGG	1
11037	11038	69	CCAAAAGCCACCTGTGGGTGAAGG	1
11038	11039	72	ACCAAAAGCCACCTGTGGGTGAAG	1
11039	11040	73	AACCAAAAGCCACCTGTGGGTGAA	1
11040	11041	73	TAACCAAAAGCCACCTGTGGGTGA	1
11041	11042	75	ATAACCAAAAGCCACCTGTGGGTG	1
11042	11043	73	GATAACCAAAAGCCACCTGTGGGT	1
11043	11044	72	TGATAACCAAAAGCCACCTGTGGG	1
11044	11045	71	ATGATAACCAAAAGCCACCTGTGG	1
11045	11046	72	GATGATAACCAAAAGCCACCTGTG	1
11046	11047	71	AGATGATAACCAAAAGCCACCTGT	1
11047	11048	67	TAGATGATAACCAAAAGCCACCTG	1
11048	4089	66	GTAGATGATAACCAAAAGCCACCT	1
4089	4090	66	TGTAGATGATAACCAAAAGCCACC	1
4090	4091	67	ATGTAGATGATAACCAAAAGCCAC	1
4091	4092	66	TATGTAGATGATAACCAAAAGCCA	1
4092	4093	66	CTATGTAGATGATAACCAAAAGCC	1
4093	11054	66	TCTATGTAGATGATAACCAAAAGC	1
11054	11055	68	GTCTATGTAGATGATAACCAAAAG	1
11055	11056	67	TGTCTATGTAGATGATAACCAAAA	1
11056	11057	66	TTGTCTATGTAGATGATAACCAAA	1
11057	4098	67	ATTGTCTATGTAGATGATAACCAA	1
4098	4099	63	TATTGTCTATGTAGATGATAACCA	1
4099	11060	63	TTATTGTCTATGTAGATGATAACC	1
11060	11061	62	GTTATTGTCTATGTAGATGATAAC	1
11061	11062	59	AGTTATTGTCTATGTAGATGATAA	1
11062	11063	57	AAGTTATTGTCTATGTAGATGATA	1
11063	11064	59	GAAGTTATTGTCTATGTAGATGAT	1
11064	11065	54	AGAAGTTATTGTCTATGTAGATGA	1
11065	11066	52	AAGAAGTTATTGTCTATGTAGATG	1
11066	11067	52	AAAGAAGTTATTGTCTATGTAGAT	1
11067	11068	51	GAAAGAAGTTATTGTCTATGTAGA	1
11068	11069	52	GGAAAGAAGTTATTGTCTATGTAG	1
11069	11070	51	AGGAAAGAAGTTATTGTCTATGTA	1
11070	11071	50	AAGGAAAGAAGTTATTGTCTATGT	1
11071	4112	49	GAAGGAAAGAAGTTATTGTCTATG	1
4112	4113	49	CGAAGGAAAGAAGTTATTGTCTAT	1
4113	4114	49	CCGAAGGAAAGAAGTTATTGTCTA	1
4114	4115	48	TCCGAAGGAAAGAAGTTATTGTCT	1
4115	4116	48	ATCCGAAGGAAAGAAGTTATTGTC	1
4116	11077	47	TATCCGAAGGAAAGAAGTTATTGT	1
11077	4118	45	ATATCCGAAGGAAAGAAGTTATTG	1
4118	11079	45	CATATCCGAAGGAAAGAAGTTATT	1
11079	11080	42	GCATATCCGAAGGAAAGAAGTTAT	1
11080	11081	39	TGCATATCCGAAGGAAAGAAGTTA	1
11081	4122	38	GTGCATATCCGAAGGAAAGAAGTT	1
4122	11083	34	TGTGCATATCCGAAGGAAAGAAGT	1
11083	11084	34	TTGTGCATATCCGAAGGAAAGAAG	1
11084	11085	33	ATTGTGCATATCCGAAGGAAAGAA	1
11085	11086	34	TATTGTGCATATCCGAAGGAAAGA	1
11086	11087	36	ATATTGTGCATATCCGAAGGAAAG	1
11087	11088	33	GATATTGTGCATATCCGAAGGAAA	1
11088	11089	28	TGATATTGTGCATATCCGAAGGAA	1
11089	11090	26	ATGATATTGTGCATATCCGAAGGA	1
11090	11091	24	GATGATATTGTGCATATCCGAAGG	1
11091	11092	26	GGATGATATTGTGCATATCCGAAG	1
11092	11093	30	TGGATGATATTGTGCATATCCGAA	1
11093	11094	31	TTGGATGATATTGTGCATATCCGA	1
11094	4135	32	TTTGGATGATATTGTGCATATCCG	1
4135	4136	35	ATTTGGATGATATTGTGCATATCC	1
4136	11097	35	AATTTGGATGATATTGTGCATATC	1
11097	11098	36	AAATTTGGATGATATTGTGCATAT	1
11098	4139	36	TAAATTTGGATGATATTGTGCATA	1
4139	4140	37	CTAAATTTGGATGATATTGTGCAT	1
4140	4141	38	TCTAAATTTGGATGATATTGTGCA	1
4141	11102	42	ATCTAAATTTGGATGATATTGTGC	1
11102	11103	41	AATCTAAATTTGGATGATATTGTG	1
11103	11104	42	AAATCTAAATTTGGATGATATTGT	1
11104	4145	43	CAAATCTAAATTTGGATGATATTG	1
4145	11106	44	ACAAATCTAAATTTGGATGATATT	1
11106	11107	42	GACAAATCTAAATTTGGATGATAT	1
11107	4148	42	TGACAAATCTAAATTTGGATGATA	1
4148	11109	43	TTGACAAATCTAAATTTGGATGAT	1
11109	11110	43	TTTGACAAATCTAAATTTGGATGA	1
11110	11111	42	ATTTGACAAATCTAAATTTGGATG	1
11111	11112	44	AATTTGACAAATCTAAATTTGGAT	1
11112	11113	44	GAATTTGACAAATCTAAATTTGGA	1
11113	11114	47	TGAATTTGACAAATCTAAATTTGG	1
11114	4155	45	GTGAATTTGACAAATCTAAATTTG	1
4155	4156	41	TGTGAATTTGACAAATCTAAATTT	1
4156	11117	41	ATGTGAATTTGACAAATCTAAATT	1
11117	11118	41	GATGTGAATTTGACAAATCTAAAT	1
11118	11119	41	AGATGTGAATTTGACAAATCTAAA	1
11119	11120	41	GAGATGTGAATTTGACAAATCTAA	1
11120	11121	40	GGAGATGTGAATTTGACAAATCTA	1
11121	4162	40	AGGAGATGTGAATTTGACAAATCT	1
4162	11123	40	AAGGAGATGTGAATTTGACAAATC	1
11123	11124	40	GAAGGAGATGTGAATTTGACAAAT	1
11124	11125	42	TGAAGGAGATGTGAATTTGACAAA	1
11125	4166	42	TTGAAGGAGATGTGAATTTGACAA	1
4166	4167	42	TTTGAAGGAGATGTGAATTTGACA	1
4167	11128	41	TTTTGAAGGAGATGTGAATTTGAC	1
11128	11129	41	ATTTTGAAGGAGATGTGAATTTGA	1
11129	4170	40	TATTTTGAAGGAGATGTGAATTTG	1
4170	4171	40	CTATTTTGAAGGAGATGTGAATTT	1
4171	4172	45	TCTATTTTGAAGGAGATGTGAATT	1
4172	11133	47	ATCTATTTTGAAGGAGATGTGAAT	1
11133	4174	48	AATCTATTTTGAAGGAGATGTGAA	1
4174	11135	48	CAATCTATTTTGAAGGAGATGTGA	1
11135	4176	49	TCAATCTATTTTGAAGGAGATGTG	1
4176	11137	48	CTCAATCTATTTTGAAGGAGATGT	1
11137	11138	47	GCTCAATCTATTTTGAAGGAGATG	1
11138	11139	45	GGCTCAATCTATTTTGAAGGAGAT	1
11139	11140	45	TGGCTCAATCTATTTTGAAGGAGA	1
11140	11141	47	ATGGCTCAATCTATTTTGAAGGAG	1
11141	11142	49	TATGGCTCAATCTATTTTGAAGGA	1
11142	11143	50	ATATGGCTCAATCTATTTTGAAGG	1
11143	11144	52	GATATGGCTCAATCTATTTTGAAG	1
11144	11145	48	GGATATGGCTCAATCTATTTTGAA	1
11145	11146	45	AGGATATGGCTCAATCTATTTTGA	1
11146	11147	44	AAGGATATGGCTCAATCTATTTTG	1
11147	4188	40	AAAGGATATGGCTCAATCTATTTT	1
4188	11149	42	TAAAGGATATGGCTCAATCTATTT	1
11149	4190	45	GTAAAGGATATGGCTCAATCTATT	1
4190	4191	45	CGTAAAGGATATGGCTCAATCTAT	1
4191	11152	43	TCGTAAAGGATATGGCTCAATCTA	1
11152	11153	46	GTCGTAAAGGATATGGCTCAATCT	1
11153	4194	44	GGTCGTAAAGGATATGGCTCAATC	1
4194	11155	44	TGGTCGTAAAGGATATGGCTCAAT	1
11155	11156	45	TTGGTCGTAAAGGATATGGCTCAA	1
11156	4197	46	ATTGGTCGTAAAGGATATGGCTCA	1
4197	4198	47	CATTGGTCGTAAAGGATATGGCTC	1
4198	4199	47	CCATTGGTCGTAAAGGATATGGCT	1
4199	11160	49	ACCATTGGTCGTAAAGGATATGGC	1
11160	11161	47	CACCATTGGTCGTAAAGGATATGG	1
11161	4202	48	TCACCATTGGTCGTAAAGGATATG	1
4202	4203	51	TTCACCATTGGTCGTAAAGGATAT	1
4203	4204	51	CTTCACCATTGGTCGTAAAGGATA	1
4204	11165	52	ACTTCACCATTGGTCGTAAAGGAT	1
11165	11166	54	GACTTCACCATTGGTCGTAAAGGA	1
11166	11167	57	TGACTTCACCATTGGTCGTAAAGG	1
11167	4208	60	CTGACTTCACCATTGGTCGTAAAG	1
4208	4209	60	TCTGACTTCACCATTGGTCGTAAA	1
4209	4210	64	TTCTGACTTCACCATTGGTCGTAA	1
4210	11171	64	TTTCTGACTTCACCATTGGTCGTA	1
11171	11172	65	GTTTCTGACTTCACCATTGGTCGT	1
11172	4213	66	TGTTTCTGACTTCACCATTGGTCG	1
4213	11174	67	TTGTTTCTGACTTCACCATTGGTC	1
11174	11175	67	ATTGTTTCTGACTTCACCATTGGT	1
11175	11176	68	CATTGTTTCTGACTTCACCATTGG	1
11176	4217	71	GCATTGTTTCTGACTTCACCATTG	1
4217	4218	74	TGCATTGTTTCTGACTTCACCATT	1
4218	11179	74	ATGCATTGTTTCTGACTTCACCAT	1
11179	4220	75	AATGCATTGTTTCTGACTTCACCA	1
4220	4221	79	GAATGCATTGTTTCTGACTTCACC	1
4221	11182	80	AGAATGCATTGTTTCTGACTTCAC	1
11182	11183	81	GAGAATGCATTGTTTCTGACTTCA	1
11183	11184	77	GGAGAATGCATTGTTTCTGACTTC	1
11184	11185	74	GGGAGAATGCATTGTTTCTGACTT	1
11185	4226	74	AGGGAGAATGCATTGTTTCTGACT	1
4226	11187	77	AAGGGAGAATGCATTGTTTCTGAC	1
11187	11188	76	GAAGGGAGAATGCATTGTTTCTGA	1
11188	11189	76	AGAAGGGAGAATGCATTGTTTCTG	1
11189	4230	74	GAGAAGGGAGAATGCATTGTTTCT	1
4230	4231	73	CGAGAAGGGAGAATGCATTGTTTC	1
4231	11192	74	ACGAGAAGGGAGAATGCATTGTTT	1
11192	4233	73	AACGAGAAGGGAGAATGCATTGTT	1
4233	4234	73	CAACGAGAAGGGAGAATGCATTGT	1
4234	4235	71	CCAACGAGAAGGGAGAATGCATTG	1
4235	4236	68	ACCAACGAGAAGGGAGAATGCATT	1
4236	4237	68	TACCAACGAGAAGGGAGAATGCAT	1
4237	4238	70	TTACCAACGAGAAGGGAGAATGCA	1
4238	11199	70	ATTACCAACGAGAAGGGAGAATGC	1
11199	11200	70	AATTACCAACGAGAAGGGAGAATG	1
11200	11201	69	AAATTACCAACGAGAAGGGAGAAT	1
11201	11202	69	AAAATTACCAACGAGAAGGGAGAA	1
11202	11203	69	TAAAATTACCAACGAGAAGGGAGA	1
11203	11204	74	CTAAAATTACCAACGAGAAGGGAG	1
11204	11205	72	GCTAAAATTACCAACGAGAAGGGA	1
11205	11206	73	TGCTAAAATTACCAACGAGAAGGG	1
11206	11207	75	TTGCTAAAATTACCAACGAGAAGG	1
11207	4248	77	CTTGCTAAAATTACCAACGAGAAG	1
4248	11209	75	CCTTGCTAAAATTACCAACGAGAA	1
11209	11210	75	ACCTTGCTAAAATTACCAACGAGA	1
11210	11211	80	GACCTTGCTAAAATTACCAACGAG	1
11211	11212	79	TGACCTTGCTAAAATTACCAACGA	1
11212	11213	79	ATGACCTTGCTAAAATTACCAACG	1
11213	11214	78	GATGACCTTGCTAAAATTACCAAC	1
11214	11215	76	GGATGACCTTGCTAAAATTACCAA	1
11215	4256	76	TGGATGACCTTGCTAAAATTACCA	1
4256	4257	76	ATGGATGACCTTGCTAAAATTACC	1
4257	4258	75	TATGGATGACCTTGCTAAAATTAC	1
4258	4259	72	CTATGGATGACCTTGCTAAAATTA	1
4259	4260	75	TCTATGGATGACCTTGCTAAAATT	1
4260	4261	75	ATCTATGGATGACCTTGCTAAAAT	1
4261	4262	75	CATCTATGGATGACCTTGCTAAAA	1
4262	4263	75	CCATCTATGGATGACCTTGCTAAA	1
4263	4264	74	CCCATCTATGGATGACCTTGCTAA	1
4264	4265	73	TCCCATCTATGGATGACCTTGCTA	1
4265	4266	73	ATCCCATCTATGGATGACCTTGCT	1
4266	4267	73	TATCCCATCTATGGATGACCTTGC	1
4267	4268	72	CTATCCCATCTATGGATGACCTTG	1
4268	4269	67	ACTATCCCATCTATGGATGACCTT	1
4269	4270	65	CACTATCCCATCTATGGATGACCT	1
4270	4271	64	ACACTATCCCATCTATGGATGACC	1
4271	11232	63	TACACTATCCCATCTATGGATGAC	1
11232	11233	58	TTACACTATCCCATCTATGGATGA	1
11233	4274	57	ATTACACTATCCCATCTATGGATG	1
4274	11235	57	TATTACACTATCCCATCTATGGAT	1
11235	11236	57	TTATTACACTATCCCATCTATGGA	1
11236	11237	58	GTTATTACACTATCCCATCTATGG	1
11237	4278	59	GGTTATTACACTATCCCATCTATG	1
4278	4279	56	TGGTTATTACACTATCCCATCTAT	1
4279	11240	56	TTGGTTATTACACTATCCCATCTA	1
11240	4281	56	GTTGGTTATTACACTATCCCATCT	1
4281	11242	56	AGTTGGTTATTACACTATCCCATC	1
11242	11243	56	AAGTTGGTTATTACACTATCCCAT	1
11243	4284	56	AAAGTTGGTTATTACACTATCCCA	1
4284	4285	57	AAAAGTTGGTTATTACACTATCCC	1
4285	4286	55	CAAAAGTTGGTTATTACACTATCC	1
4286	4287	55	ACAAAAGTTGGTTATTACACTATC	1
4287	4288	55	CACAAAAGTTGGTTATTACACTAT	1
4288	4289	55	TCACAAAAGTTGGTTATTACACTA	1
4289	4290	56	CTCACAAAAGTTGGTTATTACACT	1
4290	4291	56	TCTCACAAAAGTTGGTTATTACAC	1
4291	4292	56	TTCTCACAAAAGTTGGTTATTACA	1
4292	11253	61	GTTCTCACAAAAGTTGGTTATTAC	1
11253	4294	60	TGTTCTCACAAAAGTTGGTTATTA	1
4294	4295	60	TTGTTCTCACAAAAGTTGGTTATT	1
4295	4296	55	ATTGTTCTCACAAAAGTTGGTTAT	1
4296	11257	54	CATTGTTCTCACAAAAGTTGGTTA	1
11257	11258	52	GCATTGTTCTCACAAAAGTTGGTT	1
11258	11259	55	GGCATTGTTCTCACAAAAGTTGGT	1
11259	11260	54	AGGCATTGTTCTCACAAAAGTTGG	1
11260	11261	54	CAGGCATTGTTCTCACAAAAGTTG	1
11261	11262	53	GCAGGCATTGTTCTCACAAAAGTT	1
11262	11263	47	AGCAGGCATTGTTCTCACAAAAGT	1
11263	4304	46	CAGCAGGCATTGTTCTCACAAAAG	1
4304	4305	45	CCAGCAGGCATTGTTCTCACAAAA	1
4305	11266	45	CCCAGCAGGCATTGTTCTCACAAA	1
11266	4307	43	ACCCAGCAGGCATTGTTCTCACAA	1
4307	4308	45	CACCCAGCAGGCATTGTTCTCACA	1
4308	4309	47	ACACCCAGCAGGCATTGTTCTCAC	1
4309	4310	46	TACACCCAGCAGGCATTGTTCTCA	1
4310	4311	48	ATACACCCAGCAGGCATTGTTCTC	1
4311	4312	45	CATACACCCAGCAGGCATTGTTCT	1
4312	4313	49	ACATACACCCAGCAGGCATTGTTC	1
4313	4314	48	CACATACACCCAGCAGGCATTGTT	1
4314	11275	49	CCACATACACCCAGCAGGCATTGT	1
11275	4316	49	ACCACATACACCCAGCAGGCATTG	1
4316	4317	50	TACCACATACACCCAGCAGGCATT	1
4317	4318	49	TTACCACATACACCCAGCAGGCAT	1
4318	11279	50	CTTACCACATACACCCAGCAGGCA	1
11279	11280	50	GCTTACCACATACACCCAGCAGGC	1
11280	11281	51	TGCTTACCACATACACCCAGCAGG	1
11281	11282	50	ATGCTTACCACATACACCCAGCAG	1
11282	4323	50	AATGCTTACCACATACACCCAGCA	1
4323	11284	52	TAATGCTTACCACATACACCCAGC	1
11284	11285	57	ATAATGCTTACCACATACACCCAG	1
11285	4326	61	AATAATGCTTACCACATACACCCA	1
4326	4327	63	AAATAATGCTTACCACATACACCC	1
4327	11288	70	AAAATAATGCTTACCACATACACC	1
11288	11289	69	GAAAATAATGCTTACCACATACAC	1
11289	4330	71	AGAAAATAATGCTTACCACATACA	1
4330	11291	80	TAGAAAATAATGCTTACCACATAC	1
11291	11292	82	ATAGAAAATAATGCTTACCACATA	1
11292	11293	83	GATAGAAAATAATGCTTACCACAT	1
11293	11294	83	AGATAGAAAATAATGCTTACCACA	1
11294	11295	89	GAGATAGAAAATAATGCTTACCAC	1
11295	4336	86	AGAGATAGAAAATAATGCTTACCA	1
4336	11297	86	AAGAGATAGAAAATAATGCTTACC	1
11297	11298	87	GAAGAGATAGAAAATAATGCTTAC	1
11298	11299	87	AGAAGAGATAGAAAATAATGCTTA	1
11299	4340	87	GAGAAGAGATAGAAAATAATGCTT	1
4340	4341	88	CGAGAAGAGATAGAAAATAATGCT	1
4341	11302	88	CCGAGAAGAGATAGAAAATAATGC	1
11302	11303	89	ACCGAGAAGAGATAGAAAATAATG	1
11303	11304	89	GACCGAGAAGAGATAGAAAATAAT	1
11304	11305	83	TGACCGAGAAGAGATAGAAAATAA	1
11305	11306	83	ATGACCGAGAAGAGATAGAAAATA	1
11306	11307	83	GATGACCGAGAAGAGATAGAAAAT	1
11307	11308	83	AGATGACCGAGAAGAGATAGAAAA	1
11308	4349	83	AAGATGACCGAGAAGAGATAGAAA	1
4349	11310	82	CAAGATGACCGAGAAGAGATAGAA	1
11310	11311	78	GCAAGATGACCGAGAAGAGATAGA	1
11311	4352	77	TGCAAGATGACCGAGAAGAGATAG	1
4352	11313	78	TTGCAAGATGACCGAGAAGAGATA	1
11313	4354	78	ATTGCAAGATGACCGAGAAGAGAT	1
4354	11315	79	CATTGCAAGATGACCGAGAAGAGA	1
11315	11316	84	TCATTGCAAGATGACCGAGAAGAG	1
11316	11317	85	GTCATTGCAAGATGACCGAGAAGA	1
11317	11318	86	AGTCATTGCAAGATGACCGAGAAG	1
11318	11319	85	GAGTCATTGCAAGATGACCGAGAA	1
11319	11320	86	TGAGTCATTGCAAGATGACCGAGA	1
11320	11321	84	ATGAGTCATTGCAAGATGACCGAG	1
11321	11322	85	GATGAGTCATTGCAAGATGACCGA	1
11322	4363	84	TGATGAGTCATTGCAAGATGACCG	1
4363	4364	82	ATGATGAGTCATTGCAAGATGACC	1
4364	4365	80	CATGATGAGTCATTGCAAGATGAC	1
4365	11326	80	CCATGATGAGTCATTGCAAGATGA	1
11326	4367	79	TCCATGATGAGTCATTGCAAGATG	1
4367	11328	82	TTCCATGATGAGTCATTGCAAGAT	1
11328	11329	82	ATTCCATGATGAGTCATTGCAAGA	1
11329	4370	81	CATTCCATGATGAGTCATTGCAAG	1
4370	11331	80	TCATTCCATGATGAGTCATTGCAA	1
11331	4372	84	GTCATTCCATGATGAGTCATTGCA	1
4372	11333	83	CGTCATTCCATGATGAGTCATTGC	1
11333	11334	82	ACGTCATTCCATGATGAGTCATTG	1
11334	11335	81	GACGTCATTCCATGATGAGTCATT	1
11335	11336	79	AGACGTCATTCCATGATGAGTCAT	1
11336	4377	73	GAGACGTCATTCCATGATGAGTCA	1
4377	11338	67	AGAGACGTCATTCCATGATGAGTC	1
11338	11339	66	AAGAGACGTCATTCCATGATGAGT	1
11339	11340	63	GAAGAGACGTCATTCCATGATGAG	1
11340	11341	62	TGAAGAGACGTCATTCCATGATGA	1
11341	11342	63	GTGAAGAGACGTCATTCCATGATG	1
11342	4383	57	AGTGAAGAGACGTCATTCCATGAT	1
4383	11344	57	CAGTGAAGAGACGTCATTCCATGA	1
11344	11345	57	GCAGTGAAGAGACGTCATTCCATG	1
11345	11346	57	AGCAGTGAAGAGACGTCATTCCAT	1
11346	4387	50	AAGCAGTGAAGAGACGTCATTCCA	1
4387	11348	49	GAAGCAGTGAAGAGACGTCATTCC	1
11348	11349	48	GGAAGCAGTGAAGAGACGTCATTC	1
11349	11350	47	AGGAAGCAGTGAAGAGACGTCATT	1
11350	11351	47	AAGGAAGCAGTGAAGAGACGTCAT	1
11351	11352	48	GAAGGAAGCAGTGAAGAGACGTCA	1
11352	4393	47	GGAAGGAAGCAGTGAAGAGACGTC	1
4393	11354	47	TGGAAGGAAGCAGTGAAGAGACGT	1
11354	4395	47	TTGGAAGGAAGCAGTGAAGAGACG	1
4395	11356	47	ATTGGAAGGAAGCAGTGAAGAGAC	1
11356	11357	46	GATTGGAAGGAAGCAGTGAAGAGA	1
11357	11358	51	GGATTGGAAGGAAGCAGTGAAGAG	1
11358	11359	57	TGGATTGGAAGGAAGCAGTGAAGA	1
11359	11360	56	ATGGATTGGAAGGAAGCAGTGAAG	1
11360	4401	60	AATGGATTGGAAGGAAGCAGTGAA	1
4401	11362	59	CAATGGATTGGAAGGAAGCAGTGA	1
11362	4403	59	GCAATGGATTGGAAGGAAGCAGTG	1
4403	11364	59	CGCAATGGATTGGAAGGAAGCAGT	1
11364	11365	62	GCGCAATGGATTGGAAGGAAGCAG	1
11365	4406	63	TGCGCAATGGATTGGAAGGAAGCA	1
4406	11367	64	TTGCGCAATGGATTGGAAGGAAGC	1
11367	4408	60	TTTGCGCAATGGATTGGAAGGAAG	1
4408	11369	59	CTTTGCGCAATGGATTGGAAGGAA	1
11369	11370	57	GCTTTGCGCAATGGATTGGAAGGA	1
11370	11371	55	TGCTTTGCGCAATGGATTGGAAGG	1
11371	11372	54	CTGCTTTGCGCAATGGATTGGAAG	1
11372	11373	52	GCTGCTTTGCGCAATGGATTGGAA	1
11373	11374	51	TGCTGCTTTGCGCAATGGATTGGA	1
11374	11375	50	GTGCTGCTTTGCGCAATGGATTGG	1
11375	11376	53	CGTGCTGCTTTGCGCAATGGATTG	1
11376	4417	52	GCGTGCTGCTTTGCGCAATGGATT	1
4417	11378	52	TGCGTGCTGCTTTGCGCAATGGAT	1
11378	11379	52	ATGCGTGCTGCTTTGCGCAATGGA	1
11379	11380	49	CATGCGTGCTGCTTTGCGCAATGG	1
11380	11381	52	ACATGCGTGCTGCTTTGCGCAATG	1
11381	11382	53	AACATGCGTGCTGCTTTGCGCAAT	1
11382	11383	55	GAACATGCGTGCTGCTTTGCGCAA	1
11383	4424	57	TGAACATGCGTGCTGCTTTGCGCA	1
4424	4425	57	TTGAACATGCGTGCTGCTTTGCGC	1
4425	4426	57	CTTGAACATGCGTGCTGCTTTGCG	1
4426	11387	57	CCTTGAACATGCGTGCTGCTTTGC	1
11387	4428	57	GCCTTGAACATGCGTGCTGCTTTG	1
4428	4429	57	TGCCTTGAACATGCGTGCTGCTTT	1
4429	11390	58	TTGCCTTGAACATGCGTGCTGCTT	1
11390	4431	59	GTTGCCTTGAACATGCGTGCTGCT	1
4431	11392	56	TGTTGCCTTGAACATGCGTGCTGC	1
11392	4433	57	TTGTTGCCTTGAACATGCGTGCTG	1
4433	4434	53	ATTGTTGCCTTGAACATGCGTGCT	1
4434	4435	52	CATTGTTGCCTTGAACATGCGTGC	1
4435	4436	50	CCATTGTTGCCTTGAACATGCGTG	1
4436	11397	50	ACCATTGTTGCCTTGAACATGCGT	1
11397	4438	53	TACCATTGTTGCCTTGAACATGCG	1
4438	11399	57	ATACCATTGTTGCCTTGAACATGC	1
11399	11400	58	GATACCATTGTTGCCTTGAACATG	1
11400	11401	58	AGATACCATTGTTGCCTTGAACAT	1
11401	11402	59	AAGATACCATTGTTGCCTTGAACA	1
11402	11403	60	GAAGATACCATTGTTGCCTTGAAC	1
11403	11404	59	GGAAGATACCATTGTTGCCTTGAA	1
11404	11405	60	TGGAAGATACCATTGTTGCCTTGA	1
11405	4446	59	GTGGAAGATACCATTGTTGCCTTG	1
4446	4447	60	TGTGGAAGATACCATTGTTGCCTT	1
4447	4448	61	ATGTGGAAGATACCATTGTTGCCT	1
4448	4449	61	AATGTGGAAGATACCATTGTTGCC	1
4449	11410	57	CAATGTGGAAGATACCATTGTTGC	1
11410	11411	50	GCAATGTGGAAGATACCATTGTTG	1
11411	4452	52	AGCAATGTGGAAGATACCATTGTT	1
4452	11413	47	CAGCAATGTGGAAGATACCATTGT	1
11413	11414	48	GCAGCAATGTGGAAGATACCATTG	1
11414	4455	49	AGCAGCAATGTGGAAGATACCATT	1
4455	11416	49	TAGCAGCAATGTGGAAGATACCAT	1
11416	4457	45	GTAGCAGCAATGTGGAAGATACCA	1
4457	4458	43	AGTAGCAGCAATGTGGAAGATACC	1
4458	11419	42	CAGTAGCAGCAATGTGGAAGATAC	1
11419	11420	43	ACAGTAGCAGCAATGTGGAAGATA	1
11420	11421	43	AACAGTAGCAGCAATGTGGAAGAT	1
11421	11422	44	TAACAGTAGCAGCAATGTGGAAGA	1
11422	11423	46	ATAACAGTAGCAGCAATGTGGAAG	1
11423	11424	46	AATAACAGTAGCAGCAATGTGGAA	1
11424	11425	46	AAATAACAGTAGCAGCAATGTGGA	1
11425	11426	46	AAAATAACAGTAGCAGCAATGTGG	1
11426	4467	46	AAAAATAACAGTAGCAGCAATGTG	1
4467	11428	43	CAAAAATAACAGTAGCAGCAATGT	1
11428	11429	43	ACAAAAATAACAGTAGCAGCAATG	1
11429	11430	43	AACAAAAATAACAGTAGCAGCAAT	1
11430	11431	43	AAACAAAAATAACAGTAGCAGCAA	1
11431	11432	43	GAAACAAAAATAACAGTAGCAGCA	1
11432	11433	41	GGAAACAAAAATAACAGTAGCAGC	1
11433	4474	40	TGGAAACAAAAATAACAGTAGCAG	1
4474	11435	41	TTGGAAACAAAAATAACAGTAGCA	1
11435	11436	38	GTTGGAAACAAAAATAACAGTAGC	1
11436	11437	43	TGTTGGAAACAAAAATAACAGTAG	1
11437	11438	43	GTGTTGGAAACAAAAATAACAGTA	1
11438	11439	43	AGTGTTGGAAACAAAAATAACAGT	1
11439	11440	43	GAGTGTTGGAAACAAAAATAACAG	1
11440	11441	43	AGAGTGTTGGAAACAAAAATAACA	1
11441	11442	44	GAGAGTGTTGGAAACAAAAATAAC	1
11442	4483	43	AGAGAGTGTTGGAAACAAAAATAA	1
4483	4484	43	CAGAGAGTGTTGGAAACAAAAATA	1
4484	4485	43	CCAGAGAGTGTTGGAAACAAAAAT	1
4485	4486	43	TCCAGAGAGTGTTGGAAACAAAAA	1
4486	11447	43	CTCCAGAGAGTGTTGGAAACAAAA	1
11447	11448	44	ACTCCAGAGAGTGTTGGAAACAAA	1
11448	11449	43	AACTCCAGAGAGTGTTGGAAACAA	1
11449	4490	41	AAACTCCAGAGAGTGTTGGAAACA	1
4490	11451	37	CAAACTCCAGAGAGTGTTGGAAAC	1
11451	4492	37	ACAAACTCCAGAGAGTGTTGGAAA	1
4492	4493	37	CACAAACTCCAGAGAGTGTTGGAA	1
4493	11454	39	CCACAAACTCCAGAGAGTGTTGGA	1
11454	11455	39	TCCACAAACTCCAGAGAGTGTTGG	1
11455	4496	42	TTCCACAAACTCCAGAGAGTGTTG	1
4496	4497	41	ATTCCACAAACTCCAGAGAGTGTT	1
4497	4498	41	CATTCCACAAACTCCAGAGAGTGT	1
4498	4499	42	CCATTCCACAAACTCCAGAGAGTG	1
4499	11460	41	CCCATTCCACAAACTCCAGAGAGT	1
11460	11461	42	ACCCATTCCACAAACTCCAGAGAG	1
11461	11462	42	AACCCATTCCACAAACTCCAGAGA	1
11462	4503	46	AAACCCATTCCACAAACTCCAGAG	1
4503	4504	46	CAAACCCATTCCACAAACTCCAGA	1
4504	11465	49	CCAAACCCATTCCACAAACTCCAG	1
11465	4506	48	GCCAAACCCATTCCACAAACTCCA	1
4506	4507	47	TGCCAAACCCATTCCACAAACTCC	1
4507	4508	47	TTGCCAAACCCATTCCACAAACTC	1
4508	4509	47	ATTGCCAAACCCATTCCACAAACT	1
4509	4510	48	TATTGCCAAACCCATTCCACAAAC	1
4510	4511	49	CTATTGCCAAACCCATTCCACAAA	1
4511	4512	49	CCTATTGCCAAACCCATTCCACAA	1
4512	4513	50	TCCTATTGCCAAACCCATTCCACA	1
4513	11474	51	ATCCTATTGCCAAACCCATTCCAC	1
11474	4515	52	AATCCTATTGCCAAACCCATTCCA	1
4515	4516	54	TAATCCTATTGCCAAACCCATTCC	1
4516	4517	55	CTAATCCTATTGCCAAACCCATTC	1
4517	4518	56	ACTAATCCTATTGCCAAACCCATT	1
4518	11479	55	CACTAATCCTATTGCCAAACCCAT	1
11479	4520	60	ACACTAATCCTATTGCCAAACCCA	1
4520	4521	65	TACACTAATCCTATTGCCAAACCC	1
4521	4522	66	TTACACTAATCCTATTGCCAAACC	1
4522	4523	75	TTTACACTAATCCTATTGCCAAAC	1
4523	11484	77	TTTTACACTAATCCTATTGCCAAA	1
11484	11485	79	ATTTTACACTAATCCTATTGCCAA	1
11485	4526	79	GATTTTACACTAATCCTATTGCCA	1
4526	4527	77	CGATTTTACACTAATCCTATTGCC	1
4527	4528	75	ACGATTTTACACTAATCCTATTGC	1
4528	4529	72	CACGATTTTACACTAATCCTATTG	1
4529	4530	72	TCACGATTTTACACTAATCCTATT	1
4530	4531	72	ATCACGATTTTACACTAATCCTAT	1
4531	11492	75	TATCACGATTTTACACTAATCCTA	1
11492	4533	75	GTATCACGATTTTACACTAATCCT	1
4533	4534	76	TGTATCACGATTTTACACTAATCC	1
4534	4535	77	TTGTATCACGATTTTACACTAATC	1
4535	4536	77	CTTGTATCACGATTTTACACTAAT	1
4536	4537	76	TCTTGTATCACGATTTTACACTAA	1
4537	4538	76	CTCTTGTATCACGATTTTACACTA	1
4538	4539	76	TCTCTTGTATCACGATTTTACACT	1
4539	11500	76	CTCTCTTGTATCACGATTTTACAC	1
11500	11501	79	ACTCTCTTGTATCACGATTTTACA	1
11501	11502	81	GACTCTCTTGTATCACGATTTTAC	1
11502	4543	80	TGACTCTCTTGTATCACGATTTTA	1
4543	11504	80	ATGACTCTCTTGTATCACGATTTT	1
11504	11505	80	GATGACTCTCTTGTATCACGATTT	1
11505	11506	79	AGATGACTCTCTTGTATCACGATT	1
11506	11507	79	AAGATGACTCTCTTGTATCACGAT	1
11507	11508	81	GAAGATGACTCTCTTGTATCACGA	1
11508	11509	84	AGAAGATGACTCTCTTGTATCACG	1
11509	11510	89	GAGAAGATGACTCTCTTGTATCAC	1
11510	4551	87	GGAGAAGATGACTCTCTTGTATCA	1
4551	11512	87	TGGAGAAGATGACTCTCTTGTATC	1
11512	11513	91	ATGGAGAAGATGACTCTCTTGTAT	1
11513	11514	91	GATGGAGAAGATGACTCTCTTGTA	1
11514	11515	87	GGATGGAGAAGATGACTCTCTTGT	1
11515	4556	87	AGGATGGAGAAGATGACTCTCTTG	1
4556	11517	84	CAGGATGGAGAAGATGACTCTCTT	1
11517	4558	83	GCAGGATGGAGAAGATGACTCTCT	1
4558	4559	86	AGCAGGATGGAGAAGATGACTCTC	1
4559	4560	89	CAGCAGGATGGAGAAGATGACTCT	1
4560	4561	96	TCAGCAGGATGGAGAAGATGACTC	1
4561	4562	95	ATCAGCAGGATGGAGAAGATGACT	1
4562	4563	94	AATCAGCAGGATGGAGAAGATGAC	1
4563	11524	92	CAATCAGCAGGATGGAGAAGATGA	1
11524	11525	92	ACAATCAGCAGGATGGAGAAGATG	1
11525	11526	90	AACAATCAGCAGGATGGAGAAGAT	1
11526	11527	87	GAACAATCAGCAGGATGGAGAAGA	1
11527	11528	84	AGAACAATCAGCAGGATGGAGAAG	1
11528	11529	84	GAGAACAATCAGCAGGATGGAGAA	1
11529	11530	84	TGAGAACAATCAGCAGGATGGAGA	1
11530	11531	85	ATGAGAACAATCAGCAGGATGGAG	1
11531	11532	78	GATGAGAACAATCAGCAGGATGGA	1
11532	11533	74	TGATGAGAACAATCAGCAGGATGG	1
11533	11534	73	TTGATGAGAACAATCAGCAGGATG	1
11534	11535	65	GTTGATGAGAACAATCAGCAGGAT	1
11535	11536	62	TGTTGATGAGAACAATCAGCAGGA	1
11536	4577	60	CTGTTGATGAGAACAATCAGCAGG	1
4577	11538	59	CCTGTTGATGAGAACAATCAGCAG	1
11538	4579	56	ACCTGTTGATGAGAACAATCAGCA	1
4579	11540	55	AACCTGTTGATGAGAACAATCAGC	1
11540	4581	54	AAACCTGTTGATGAGAACAATCAG	1
4581	4582	55	CAAACCTGTTGATGAGAACAATCA	1
4582	11543	55	GCAAACCTGTTGATGAGAACAATC	1
11543	11544	53	AGCAAACCTGTTGATGAGAACAAT	1
11544	11545	54	GAGCAAACCTGTTGATGAGAACAA	1
11545	4586	51	TGAGCAAACCTGTTGATGAGAACA	1
4586	4587	52	CTGAGCAAACCTGTTGATGAGAAC	1
4587	4588	52	CCTGAGCAAACCTGTTGATGAGAA	1
4588	11549	52	TCCTGAGCAAACCTGTTGATGAGA	1
11549	4590	55	TTCCTGAGCAAACCTGTTGATGAG	1
4590	11551	56	CTTCCTGAGCAAACCTGTTGATGA	1
11551	11552	55	GCTTCCTGAGCAAACCTGTTGATG	1
11552	11553	53	AGCTTCCTGAGCAAACCTGTTGAT	1
11553	11554	54	TAGCTTCCTGAGCAAACCTGTTGA	1
11554	4595	54	TTAGCTTCCTGAGCAAACCTGTTG	1
4595	11556	54	TTTAGCTTCCTGAGCAAACCTGTT	1
11556	11557	54	ATTTAGCTTCCTGAGCAAACCTGT	1
11557	4598	54	GATTTAGCTTCCTGAGCAAACCTG	1
4598	4599	52	AGATTTAGCTTCCTGAGCAAACCT	1
4599	4600	47	AAGATTTAGCTTCCTGAGCAAACC	1
4600	11561	45	AAAGATTTAGCTTCCTGAGCAAAC	1
11561	11562	38	GAAAGATTTAGCTTCCTGAGCAAA	1
11562	11563	38	AGAAAGATTTAGCTTCCTGAGCAA	1
11563	11564	39	GAGAAAGATTTAGCTTCCTGAGCA	1
11564	11565	37	GGAGAAAGATTTAGCTTCCTGAGC	1
11565	11566	38	TGGAGAAAGATTTAGCTTCCTGAG	1
11566	11567	39	ATGGAGAAAGATTTAGCTTCCTGA	1
11567	4608	38	AATGGAGAAAGATTTAGCTTCCTG	1
4608	4609	38	AAATGGAGAAAGATTTAGCTTCCT	1
4609	4610	38	AAAATGGAGAAAGATTTAGCTTCC	1
4610	11571	36	GAAAATGGAGAAAGATTTAGCTTC	1
11571	4612	33	AGAAAATGGAGAAAGATTTAGCTT	1
4612	4613	26	CAGAAAATGGAGAAAGATTTAGCT	1
4613	11574	29	CCAGAAAATGGAGAAAGATTTAGC	1
11574	11575	29	TCCAGAAAATGGAGAAAGATTTAG	1
11575	4616	32	ATCCAGAAAATGGAGAAAGATTTA	1
4616	11577	32	TATCCAGAAAATGGAGAAAGATTT	1
11577	11578	32	GTATCCAGAAAATGGAGAAAGATT	1
11578	11579	32	AGTATCCAGAAAATGGAGAAAGAT	1
11579	11580	33	GAGTATCCAGAAAATGGAGAAAGA	1
11580	4621	32	TGAGTATCCAGAAAATGGAGAAAG	1
4621	4622	31	CTGAGTATCCAGAAAATGGAGAAA	1
4622	4623	32	TCTGAGTATCCAGAAAATGGAGAA	1
4623	4624	31	CTCTGAGTATCCAGAAAATGGAGA	1
4624	4625	32	CCTCTGAGTATCCAGAAAATGGAG	1
4625	11586	34	CCCTCTGAGTATCCAGAAAATGGA	1
11586	4627	34	ACCCTCTGAGTATCCAGAAAATGG	1
4627	4628	34	CACCCTCTGAGTATCCAGAAAATG	1
4628	4629	35	TCACCCTCTGAGTATCCAGAAAAT	1
4629	4630	35	TTCACCCTCTGAGTATCCAGAAAA	1
4630	11591	39	CTTCACCCTCTGAGTATCCAGAAA	1
11591	11592	39	GCTTCACCCTCTGAGTATCCAGAA	1
11592	11593	40	AGCTTCACCCTCTGAGTATCCAGA	1
11593	4634	41	TAGCTTCACCCTCTGAGTATCCAG	1
4634	4635	41	CTAGCTTCACCCTCTGAGTATCCA	1
4635	4636	43	TCTAGCTTCACCCTCTGAGTATCC	1
4636	11597	42	ATCTAGCTTCACCCTCTGAGTATC	1
11597	11598	46	GATCTAGCTTCACCCTCTGAGTAT	1
11598	11599	45	AGATCTAGCTTCACCCTCTGAGTA	1
11599	11600	45	AAGATCTAGCTTCACCCTCTGAGT	1
11600	11601	45	GAAGATCTAGCTTCACCCTCTGAG	1
11601	4642	42	AGAAGATCTAGCTTCACCCTCTGA	1
4642	4643	41	CAGAAGATCTAGCTTCACCCTCTG	1
4643	4644	41	TCAGAAGATCTAGCTTCACCCTCT	1
4644	4645	42	TTCAGAAGATCTAGCTTCACCCTC	1
4645	4646	41	ATTCAGAAGATCTAGCTTCACCCT	1
4646	4647	47	GATTCAGAAGATCTAGCTTCACCC	1
4647	4648	53	TGATTCAGAAGATCTAGCTTCACC	1
4648	4649	59	ATGATTCAGAAGATCTAGCTTCAC	1
4649	4650	58	CATGATTCAGAAGATCTAGCTTCA	1
4650	4651	58	TCATGATTCAGAAGATCTAGCTTC	1
4651	4652	58	ATCATGATTCAGAAGATCTAGCTT	1
4652	4653	61	AATCATGATTCAGAAGATCTAGCT	1
4653	11614	64	TAATCATGATTCAGAAGATCTAGC	1
11614	11615	65	TTAATCATGATTCAGAAGATCTAG	1
11615	4656	66	GTTAATCATGATTCAGAAGATCTA	1
4656	4657	65	TGTTAATCATGATTCAGAAGATCT	1
4657	4658	65	CTGTTAATCATGATTCAGAAGATC	1
4658	4659	65	CCTGTTAATCATGATTCAGAAGAT	1
4659	4660	68	TCCTGTTAATCATGATTCAGAAGA	1
4660	4661	68	CTCCTGTTAATCATGATTCAGAAG	1
4661	11622	68	TCTCCTGTTAATCATGATTCAGAA	1
11622	11623	68	TTCTCCTGTTAATCATGATTCAGA	1
11623	4664	68	TTTCTCCTGTTAATCATGATTCAG	1
4664	4665	68	TTTTCTCCTGTTAATCATGATTCA	1
4665	4666	66	CTTTTCTCCTGTTAATCATGATTC	1
4666	4667	66	TCTTTTCTCCTGTTAATCATGATT	1
4667	4668	65	CTCTTTTCTCCTGTTAATCATGAT	1
4668	11629	65	TCTCTTTTCTCCTGTTAATCATGA	1
11629	11630	64	ATCTCTTTTCTCCTGTTAATCATG	1
11630	4671	65	AATCTCTTTTCTCCTGTTAATCAT	1
4671	4672	64	CAATCTCTTTTCTCCTGTTAATCA	1
4672	11633	65	GCAATCTCTTTTCTCCTGTTAATC	1
11633	11634	66	AGCAATCTCTTTTCTCCTGTTAAT	1
11634	11635	65	TAGCAATCTCTTTTCTCCTGTTAA	1
11635	11636	66	ATAGCAATCTCTTTTCTCCTGTTA	1
11636	4677	65	AATAGCAATCTCTTTTCTCCTGTT	1
4677	11638	64	CAATAGCAATCTCTTTTCTCCTGT	1
11638	4679	68	ACAATAGCAATCTCTTTTCTCCTG	1
4679	4680	68	AACAATAGCAATCTCTTTTCTCCT	1
4680	4681	69	CAACAATAGCAATCTCTTTTCTCC	1
4681	4682	70	TCAACAATAGCAATCTCTTTTCTC	1
4682	4683	66	CTCAACAATAGCAATCTCTTTTCT	1
4683	4684	64	TCTCAACAATAGCAATCTCTTTTC	1
4684	4685	61	ATCTCAACAATAGCAATCTCTTTT	1
4685	4686	61	AATCTCAACAATAGCAATCTCTTT	1
4686	4687	61	AAATCTCAACAATAGCAATCTCTT	1
4687	4688	57	AAAATCTCAACAATAGCAATCTCT	1
4688	11649	58	AAAAATCTCAACAATAGCAATCTC	1
11649	4690	53	GAAAAATCTCAACAATAGCAATCT	1
4690	4691	54	TGAAAAATCTCAACAATAGCAATC	1
4691	4692	54	TTGAAAAATCTCAACAATAGCAAT	1
4692	4693	52	TTTGAAAAATCTCAACAATAGCAA	1
4693	11654	51	TTTTGAAAAATCTCAACAATAGCA	1
11654	11655	51	GTTTTGAAAAATCTCAACAATAGC	1
11655	11656	55	GGTTTTGAAAAATCTCAACAATAG	1
11656	4697	56	TGGTTTTGAAAAATCTCAACAATA	1
4697	11658	55	TTGGTTTTGAAAAATCTCAACAAT	1
11658	11659	50	GTTGGTTTTGAAAAATCTCAACAA	1
11659	4700	45	AGTTGGTTTTGAAAAATCTCAACA	1
4700	11661	44	AAGTTGGTTTTGAAAAATCTCAAC	1
11661	11662	43	GAAGTTGGTTTTGAAAAATCTCAA	1
11662	4703	44	AGAAGTTGGTTTTGAAAAATCTCA	1
4703	4704	45	AAGAAGTTGGTTTTGAAAAATCTC	1
4704	4705	48	CAAGAAGTTGGTTTTGAAAAATCT	1
4705	4706	46	TCAAGAAGTTGGTTTTGAAAAATC	1
4706	4707	44	ATCAAGAAGTTGGTTTTGAAAAAT	1
4707	11668	43	CATCAAGAAGTTGGTTTTGAAAAA	1
11668	11669	43	GCATCAAGAAGTTGGTTTTGAAAA	1
11669	11670	42	AGCATCAAGAAGTTGGTTTTGAAA	1
11670	11671	43	GAGCATCAAGAAGTTGGTTTTGAA	1
11671	11672	42	AGAGCATCAAGAAGTTGGTTTTGA	1
11672	11673	43	AAGAGCATCAAGAAGTTGGTTTTG	1
11673	11674	43	AAAGAGCATCAAGAAGTTGGTTTT	1
11674	11675	43	AAAAGAGCATCAAGAAGTTGGTTT	1
11675	4716	43	AAAAAGAGCATCAAGAAGTTGGTT	1
4716	11677	43	TAAAAAGAGCATCAAGAAGTTGGT	1
11677	4718	42	CTAAAAAGAGCATCAAGAAGTTGG	1
4718	11679	44	CCTAAAAAGAGCATCAAGAAGTTG	1
11679	4720	43	GCCTAAAAAGAGCATCAAGAAGTT	1
4720	11681	44	TGCCTAAAAAGAGCATCAAGAAGT	1
11681	4722	46	ATGCCTAAAAAGAGCATCAAGAAG	1
4722	11683	45	CATGCCTAAAAAGAGCATCAAGAA	1
11683	11684	45	TCATGCCTAAAAAGAGCATCAAGA	1
11684	11685	44	TTCATGCCTAAAAAGAGCATCAAG	1
11685	4726	44	ATTCATGCCTAAAAAGAGCATCAA	1
4726	4727	44	CATTCATGCCTAAAAAGAGCATCA	1
4727	11688	43	GCATTCATGCCTAAAAAGAGCATC	1
11688	11689	43	AGCATTCATGCCTAAAAAGAGCAT	1
11689	11690	42	GAGCATTCATGCCTAAAAAGAGCA	1
11690	11691	45	GGAGCATTCATGCCTAAAAAGAGC	1
11691	11692	48	CGGAGCATTCATGCCTAAAAAGAG	1
11692	11693	52	ACGGAGCATTCATGCCTAAAAAGA	1
11693	4734	52	AACGGAGCATTCATGCCTAAAAAG	1
4734	4735	52	CAACGGAGCATTCATGCCTAAAAA	1
4735	11696	53	CCAACGGAGCATTCATGCCTAAAA	1
11696	11697	53	GCCAACGGAGCATTCATGCCTAAA	1
11697	4738	55	AGCCAACGGAGCATTCATGCCTAA	1
4738	4739	55	TAGCCAACGGAGCATTCATGCCTA	1
4739	4740	57	CTAGCCAACGGAGCATTCATGCCT	1
4740	4741	61	TCTAGCCAACGGAGCATTCATGCC	1
4741	11702	62	CTCTAGCCAACGGAGCATTCATGC	1
11702	4743	66	TCTCTAGCCAACGGAGCATTCATG	1
4743	4744	66	ATCTCTAGCCAACGGAGCATTCAT	1
4744	4745	66	CATCTCTAGCCAACGGAGCATTCA	1
4745	4746	66	CCATCTCTAGCCAACGGAGCATTC	1
4746	11707	67	ACCATCTCTAGCCAACGGAGCATT	1
11707	11708	63	AACCATCTCTAGCCAACGGAGCAT	1
11708	4749	62	GAACCATCTCTAGCCAACGGAGCA	1
4749	11710	64	TGAACCATCTCTAGCCAACGGAGC	1
11710	11711	65	ATGAACCATCTCTAGCCAACGGAG	1
11711	11712	67	GATGAACCATCTCTAGCCAACGGA	1
11712	11713	60	CGATGAACCATCTCTAGCCAACGG	1
11713	11714	63	ACGATGAACCATCTCTAGCCAACG	1
11714	11715	68	GACGATGAACCATCTCTAGCCAAC	1
11715	11716	68	TGACGATGAACCATCTCTAGCCAA	1
11716	4757	65	ATGACGATGAACCATCTCTAGCCA	1
4757	11718	66	GATGACGATGAACCATCTCTAGCC	1
11718	11719	68	GGATGACGATGAACCATCTCTAGC	1
11719	4760	71	TGGATGACGATGAACCATCTCTAG	1
4760	11721	72	CTGGATGACGATGAACCATCTCTA	1
11721	11722	72	GCTGGATGACGATGAACCATCTCT	1
11722	11723	72	GGCTGGATGACGATGAACCATCTC	1
11723	4764	72	GGGCTGGATGACGATGAACCATCT	1
4764	11725	72	TGGGCTGGATGACGATGAACCATC	1
11725	11726	72	ATGGGCTGGATGACGATGAACCAT	1
11726	4767	72	GATGGGCTGGATGACGATGAACCA	1
4767	4768	76	TGATGGGCTGGATGACGATGAACC	1
4768	11729	76	TTGATGGGCTGGATGACGATGAAC	1
11729	4770	78	TTTGATGGGCTGGATGACGATGAA	1
4770	11731	77	CTTTGATGGGCTGGATGACGATGA	1
11731	4772	82	TCTTTGATGGGCTGGATGACGATG	1
4772	4773	83	CTCTTTGATGGGCTGGATGACGAT	1
4773	11734	82	TCTCTTTGATGGGCTGGATGACGA	1
11734	4775	83	ATCTCTTTGATGGGCTGGATGACG	1
4775	11736	85	CATCTCTTTGATGGGCTGGATGAC	1
11736	4777	83	ACATCTCTTTGATGGGCTGGATGA	1
4777	4778	82	CACATCTCTTTGATGGGCTGGATG	1
4778	11739	81	TCACATCTCTTTGATGGGCTGGAT	1
11739	11740	83	ATCACATCTCTTTGATGGGCTGGA	1
11740	11741	83	AATCACATCTCTTTGATGGGCTGG	1
11741	4782	83	AAATCACATCTCTTTGATGGGCTG	1
4782	4783	76	CAAATCACATCTCTTTGATGGGCT	1
4783	11744	75	CCAAATCACATCTCTTTGATGGGC	1
11744	11745	69	GCCAAATCACATCTCTTTGATGGG	1
11745	11746	68	AGCCAAATCACATCTCTTTGATGG	1
11746	4787	68	CAGCCAAATCACATCTCTTTGATG	1
4787	4788	66	ACAGCCAAATCACATCTCTTTGAT	1
4788	11749	66	CACAGCCAAATCACATCTCTTTGA	1
11749	11750	67	GCACAGCCAAATCACATCTCTTTG	1
11750	11751	65	GGCACAGCCAAATCACATCTCTTT	1
11751	4792	63	AGGCACAGCCAAATCACATCTCTT	1
4792	4793	60	CAGGCACAGCCAAATCACATCTCT	1
4793	4794	60	ACAGGCACAGCCAAATCACATCTC	1
4794	4795	56	AACAGGCACAGCCAAATCACATCT	1
4795	4796	55	CAACAGGCACAGCCAAATCACATC	1
4796	11757	54	ACAACAGGCACAGCCAAATCACAT	1
11757	4798	54	AACAACAGGCACAGCCAAATCACA	1
4798	4799	53	AAACAACAGGCACAGCCAAATCAC	1
4799	4800	53	CAAACAACAGGCACAGCCAAATCA	1
4800	4801	54	GCAAACAACAGGCACAGCCAAATC	1
4801	11762	53	TGCAAACAACAGGCACAGCCAAAT	1
11762	4803	51	TTGCAAACAACAGGCACAGCCAAA	1
4803	4804	51	TTTGCAAACAACAGGCACAGCCAA	1
4804	4805	50	CTTTGCAAACAACAGGCACAGCCA	1
4805	11766	47	GCTTTGCAAACAACAGGCACAGCC	1
11766	11767	45	GGCTTTGCAAACAACAGGCACAGC	1
11767	11768	43	AGGCTTTGCAAACAACAGGCACAG	1
11768	4809	43	AAGGCTTTGCAAACAACAGGCACA	1
4809	4810	43	AAAGGCTTTGCAAACAACAGGCAC	1
4810	4811	42	CAAAGGCTTTGCAAACAACAGGCA	1
4811	11772	42	CCAAAGGCTTTGCAAACAACAGGC	1
11772	11773	44	GCCAAAGGCTTTGCAAACAACAGG	1
11773	11774	43	GGCCAAAGGCTTTGCAAACAACAG	1
11774	4815	43	AGGCCAAAGGCTTTGCAAACAACA	1
4815	4816	44	CAGGCCAAAGGCTTTGCAAACAAC	1
4816	11777	44	TCAGGCCAAAGGCTTTGCAAACAA	1
11777	4818	46	GTCAGGCCAAAGGCTTTGCAAACA	1
4818	11779	47	AGTCAGGCCAAAGGCTTTGCAAAC	1
11779	11780	43	GAGTCAGGCCAAAGGCTTTGCAAA	1
11780	4821	44	AGAGTCAGGCCAAAGGCTTTGCAA	1
4821	4822	42	CAGAGTCAGGCCAAAGGCTTTGCA	1
4822	11783	45	CCAGAGTCAGGCCAAAGGCTTTGC	1
11783	4824	39	ACCAGAGTCAGGCCAAAGGCTTTG	1
4824	4825	38	TACCAGAGTCAGGCCAAAGGCTTT	1
4825	11786	38	CTACCAGAGTCAGGCCAAAGGCTT	1
11786	4827	37	GCTACCAGAGTCAGGCCAAAGGCT	1
4827	11788	35	TGCTACCAGAGTCAGGCCAAAGGC	1
11788	4829	36	CTGCTACCAGAGTCAGGCCAAAGG	1
4829	4830	36	CCTGCTACCAGAGTCAGGCCAAAG	1
4830	11791	35	CCCTGCTACCAGAGTCAGGCCAAA	1
11791	4832	34	GCCCTGCTACCAGAGTCAGGCCAA	1
4832	4833	31	CGCCCTGCTACCAGAGTCAGGCCA	1
4833	4834	31	TCGCCCTGCTACCAGAGTCAGGCC	1
4834	4835	31	CTCGCCCTGCTACCAGAGTCAGGC	1
4835	11796	31	CCTCGCCCTGCTACCAGAGTCAGG	1
11796	4837	31	ACCTCGCCCTGCTACCAGAGTCAG	1
4837	4838	31	CACCTCGCCCTGCTACCAGAGTCA	1
4838	4839	31	ACACCTCGCCCTGCTACCAGAGTC	1
4839	11800	31	TACACCTCGCCCTGCTACCAGAGT	1
11800	4841	32	TTACACCTCGCCCTGCTACCAGAG	1
4841	11802	31	CTTACACCTCGCCCTGCTACCAGA	1
11802	11803	32	ACTTACACCTCGCCCTGCTACCAG	1
11803	4844	32	AACTTACACCTCGCCCTGCTACCA	1
4844	4845	32	AAACTTACACCTCGCCCTGCTACC	1
4845	11806	33	TAAACTTACACCTCGCCCTGCTAC	1
11806	4847	34	ATAAACTTACACCTCGCCCTGCTA	1
4847	4848	35	TATAAACTTACACCTCGCCCTGCT	1
4848	11809	34	TTATAAACTTACACCTCGCCCTGC	1
11809	4850	34	ATTATAAACTTACACCTCGCCCTG	1
4850	4851	35	CATTATAAACTTACACCTCGCCCT	1
4851	4852	36	TCATTATAAACTTACACCTCGCCC	1
4852	4853	39	CTCATTATAAACTTACACCTCGCC	1
4853	11814	38	ACTCATTATAAACTTACACCTCGC	1
11814	4855	37	TACTCATTATAAACTTACACCTCG	1
4855	4856	36	CTACTCATTATAAACTTACACCTC	1
4856	4857	35	CCTACTCATTATAAACTTACACCT	1
4857	4858	39	ACCTACTCATTATAAACTTACACC	1
4858	11819	43	CACCTACTCATTATAAACTTACAC	1
11819	4860	44	ACACCTACTCATTATAAACTTACA	1
4860	4861	52	AACACCTACTCATTATAAACTTAC	1
4861	4862	50	CAACACCTACTCATTATAAACTTA	1
4862	4863	49	ACAACACCTACTCATTATAAACTT	1
4863	4864	47	TACAACACCTACTCATTATAAACT	1
4864	4865	46	TTACAACACCTACTCATTATAAAC	1
4865	4866	46	CTTACAACACCTACTCATTATAAA	1
4866	4867	46	TCTTACAACACCTACTCATTATAA	1
4867	11828	46	CTCTTACAACACCTACTCATTATA	1
11828	11829	46	GCTCTTACAACACCTACTCATTAT	1
11829	11830	44	AGCTCTTACAACACCTACTCATTA	1
11830	11831	44	AAGCTCTTACAACACCTACTCATT	1
11831	11832	44	AAAGCTCTTACAACACCTACTCAT	1
11832	4873	44	GAAAGCTCTTACAACACCTACTCA	1
4873	4874	44	AGAAAGCTCTTACAACACCTACTC	1
4874	4875	41	CAGAAAGCTCTTACAACACCTACT	1
4875	4876	41	TCAGAAAGCTCTTACAACACCTAC	1
4876	11837	42	CTCAGAAAGCTCTTACAACACCTA	1
11837	4878	41	GCTCAGAAAGCTCTTACAACACCT	1
4878	4879	42	TGCTCAGAAAGCTCTTACAACACC	1
4879	11840	42	CTGCTCAGAAAGCTCTTACAACAC	1
11840	4881	40	GCTGCTCAGAAAGCTCTTACAACA	1
4881	4882	43	AGCTGCTCAGAAAGCTCTTACAAC	1
4882	4883	43	CAGCTGCTCAGAAAGCTCTTACAA	1
4883	4884	44	CCAGCTGCTCAGAAAGCTCTTACA	1
4884	11845	48	TCCAGCTGCTCAGAAAGCTCTTAC	1
11845	4886	48	ATCCAGCTGCTCAGAAAGCTCTTA	1
4886	4887	52	AATCCAGCTGCTCAGAAAGCTCTT	1
4887	4888	52	CAATCCAGCTGCTCAGAAAGCTCT	1
4888	4889	52	CCAATCCAGCTGCTCAGAAAGCTC	1
4889	4890	53	ACCAATCCAGCTGCTCAGAAAGCT	1
4890	11851	52	AACCAATCCAGCTGCTCAGAAAGC	1
11851	4892	52	CAACCAATCCAGCTGCTCAGAAAG	1
4892	11853	51	CCAACCAATCCAGCTGCTCAGAAA	1
11853	11854	51	ACCAACCAATCCAGCTGCTCAGAA	1
11854	11855	50	AACCAACCAATCCAGCTGCTCAGA	1
11855	11856	52	AAACCAACCAATCCAGCTGCTCAG	1
11856	4897	51	GAAACCAACCAATCCAGCTGCTCA	1
4897	4898	50	TGAAACCAACCAATCCAGCTGCTC	1
4898	4899	53	CTGAAACCAACCAATCCAGCTGCT	1
4899	11860	53	ACTGAAACCAACCAATCCAGCTGC	1
11860	11861	54	GACTGAAACCAACCAATCCAGCTG	1
11861	11862	56	AGACTGAAACCAACCAATCCAGCT	1
11862	11863	56	GAGACTGAAACCAACCAATCCAGC	1
11863	11864	57	AGAGACTGAAACCAACCAATCCAG	1
11864	4905	53	GAGAGACTGAAACCAACCAATCCA	1
4905	4906	53	AGAGAGACTGAAACCAACCAATCC	1
4906	11867	53	AAGAGAGACTGAAACCAACCAATC	1
11867	11868	53	GAAGAGAGACTGAAACCAACCAAT	1
11868	11869	54	AGAAGAGAGACTGAAACCAACCAA	1
11869	4910	51	AAGAAGAGAGACTGAAACCAACCA	1
4910	11871	47	AAAGAAGAGAGACTGAAACCAACC	1
11871	11872	52	GAAAGAAGAGAGACTGAAACCAAC	1
11872	11873	44	AGAAAGAAGAGAGACTGAAACCAA	1
11873	4914	45	AAGAAAGAAGAGAGACTGAAACCA	1
4914	4915	44	GAAGAAAGAAGAGAGACTGAAACC	1
4915	11876	44	AGAAGAAAGAAGAGAGACTGAAAC	1
11876	11877	43	AAGAAGAAAGAAGAGAGACTGAAA	1
11877	4918	43	TAAGAAGAAAGAAGAGAGACTGAA	1
4918	4919	43	CTAAGAAGAAAGAAGAGAGACTGA	1
4919	4920	45	CCTAAGAAGAAAGAAGAGAGACTG	1
4920	4921	46	TCCTAAGAAGAAAGAAGAGAGACT	1
4921	11882	46	ATCCTAAGAAGAAAGAAGAGAGAC	1
11882	11883	45	GATCCTAAGAAGAAAGAAGAGAGA	1
11883	4924	48	AGATCCTAAGAAGAAAGAAGAGAG	1
4924	11885	47	CAGATCCTAAGAAGAAAGAAGAGA	1
11885	11886	47	TCAGATCCTAAGAAGAAAGAAGAG	1
11886	11887	47	GTCAGATCCTAAGAAGAAAGAAGA	1
11887	11888	47	TGTCAGATCCTAAGAAGAAAGAAG	1
11888	11889	46	ATGTCAGATCCTAAGAAGAAAGAA	1
11889	11890	46	TATGTCAGATCCTAAGAAGAAAGA	1
11890	4931	46	CTATGTCAGATCCTAAGAAGAAAG	1
4931	4932	49	CCTATGTCAGATCCTAAGAAGAAA	1
4932	11893	49	TCCTATGTCAGATCCTAAGAAGAA	1
11893	11894	46	ATCCTATGTCAGATCCTAAGAAGA	1
11894	11895	48	AATCCTATGTCAGATCCTAAGAAG	1
11895	11896	47	GAATCCTATGTCAGATCCTAAGAA	1
11896	11897	43	GGAATCCTATGTCAGATCCTAAGA	1
11897	4938	43	CGGAATCCTATGTCAGATCCTAAG	1
4938	4939	38	CCGGAATCCTATGTCAGATCCTAA	1
4939	4940	39	TCCGGAATCCTATGTCAGATCCTA	1
4940	4941	40	TTCCGGAATCCTATGTCAGATCCT	1
4941	4942	40	CTTCCGGAATCCTATGTCAGATCC	1
4942	4943	40	TCTTCCGGAATCCTATGTCAGATC	1
4943	4944	40	CTCTTCCGGAATCCTATGTCAGAT	1
4944	4945	40	CCTCTTCCGGAATCCTATGTCAGA	1
4945	4946	39	CCCTCTTCCGGAATCCTATGTCAG	1
4946	4947	38	CCCCTCTTCCGGAATCCTATGTCA	1
4947	4948	36	CCCCCTCTTCCGGAATCCTATGTC	1
4948	11909	36	CCCCCCTCTTCCGGAATCCTATGT	1
11909	4950	39	TCCCCCCTCTTCCGGAATCCTATG	1
4950	11911	36	CTCCCCCCTCTTCCGGAATCCTAT	1
11911	11912	35	ACTCCCCCCTCTTCCGGAATCCTA	1
11912	4953	36	GACTCCCCCCTCTTCCGGAATCCT	1
4953	11914	34	AGACTCCCCCCTCTTCCGGAATCC	1
11914	11915	34	GAGACTCCCCCCTCTTCCGGAATC	1
11915	11916	34	GGAGACTCCCCCCTCTTCCGGAAT	1
11916	11917	34	TGGAGACTCCCCCCTCTTCCGGAA	1
11917	11918	33	TTGGAGACTCCCCCCTCTTCCGGA	1
11918	4959	33	TTTGGAGACTCCCCCCTCTTCCGG	1
4959	4960	33	CTTTGGAGACTCCCCCCTCTTCCG	1
4960	4961	33	CCTTTGGAGACTCCCCCCTCTTCC	1
4961	4962	33	CCCTTTGGAGACTCCCCCCTCTTC	1
4962	4963	33	ACCCTTTGGAGACTCCCCCCTCTT	1
4963	4964	26	CACCCTTTGGAGACTCCCCCCTCT	1
4964	4965	26	TCACCCTTTGGAGACTCCCCCCTC	1
4965	4966	25	CTCACCCTTTGGAGACTCCCCCCT	1
4966	4967	28	ACTCACCCTTTGGAGACTCCCCCC	1
4967	4968	30	TACTCACCCTTTGGAGACTCCCCC	1
4968	4969	33	ATACTCACCCTTTGGAGACTCCCC	1
4969	4970	33	CATACTCACCCTTTGGAGACTCCC	1
4970	4971	34	ACATACTCACCCTTTGGAGACTCC	1
4971	4972	32	AACATACTCACCCTTTGGAGACTC	1
4972	4973	32	TAACATACTCACCCTTTGGAGACT	1
4973	4974	34	CTAACATACTCACCCTTTGGAGAC	1
4974	11935	34	CCTAACATACTCACCCTTTGGAGA	1
11935	11936	29	GCCTAACATACTCACCCTTTGGAG	1
11936	11937	29	AGCCTAACATACTCACCCTTTGGA	1
11937	11938	29	TAGCCTAACATACTCACCCTTTGG	1
11938	4979	31	ATAGCCTAACATACTCACCCTTTG	1
4979	4980	34	AATAGCCTAACATACTCACCCTTT	1
4980	4981	33	CAATAGCCTAACATACTCACCCTT	1
4981	4982	34	TCAATAGCCTAACATACTCACCCT	1
4982	4983	36	CTCAATAGCCTAACATACTCACCC	1
4983	4984	34	CCTCAATAGCCTAACATACTCACC	1
4984	4985	43	ACCTCAATAGCCTAACATACTCAC	1
4985	4986	46	CACCTCAATAGCCTAACATACTCA	1
4986	4987	47	GCACCTCAATAGCCTAACATACTC	1
4987	4988	48	AGCACCTCAATAGCCTAACATACT	1
4988	11949	50	CAGCACCTCAATAGCCTAACATAC	1
11949	11950	50	GCAGCACCTCAATAGCCTAACATA	1
11950	4991	50	AGCAGCACCTCAATAGCCTAACAT	1
4991	4992	48	CAGCAGCACCTCAATAGCCTAACA	1
4992	4993	49	CCAGCAGCACCTCAATAGCCTAAC	1
4993	4994	49	TCCAGCAGCACCTCAATAGCCTAA	1
4994	4995	49	CTCCAGCAGCACCTCAATAGCCTA	1
4995	4996	50	TCTCCAGCAGCACCTCAATAGCCT	1
4996	11957	58	TTCTCCAGCAGCACCTCAATAGCC	1
11957	11958	58	GTTCTCCAGCAGCACCTCAATAGC	1
11958	4999	58	TGTTCTCCAGCAGCACCTCAATAG	1
4999	11960	58	CTGTTCTCCAGCAGCACCTCAATA	1
11960	11961	58	GCTGTTCTCCAGCAGCACCTCAAT	1
11961	11962	55	GGCTGTTCTCCAGCAGCACCTCAA	1
11962	5003	55	AGGCTGTTCTCCAGCAGCACCTCA	1
5003	11964	57	CAGGCTGTTCTCCAGCAGCACCTC	1
11964	5005	55	GCAGGCTGTTCTCCAGCAGCACCT	1
5005	5006	55	AGCAGGCTGTTCTCCAGCAGCACC	1
5006	5007	54	CAGCAGGCTGTTCTCCAGCAGCAC	1
5007	5008	52	CCAGCAGGCTGTTCTCCAGCAGCA	1
5008	11969	53	CCCAGCAGGCTGTTCTCCAGCAGC	1
11969	5010	54	GCCCAGCAGGCTGTTCTCCAGCAG	1
5010	5011	58	TGCCCAGCAGGCTGTTCTCCAGCA	1
5011	11972	59	CTGCCCAGCAGGCTGTTCTCCAGC	1
11972	5013	61	GCTGCCCAGCAGGCTGTTCTCCAG	1
5013	5014	62	TGCTGCCCAGCAGGCTGTTCTCCA	1
5014	5015	63	CTGCTGCCCAGCAGGCTGTTCTCC	1
5015	5016	62	TCTGCTGCCCAGCAGGCTGTTCTC	1
5016	5017	63	TTCTGCTGCCCAGCAGGCTGTTCT	1
5017	11978	63	CTTCTGCTGCCCAGCAGGCTGTTC	1
11978	5019	63	GCTTCTGCTGCCCAGCAGGCTGTT	1
5019	11980	59	TGCTTCTGCTGCCCAGCAGGCTGT	1
11980	5021	60	ATGCTTCTGCTGCCCAGCAGGCTG	1
5021	5022	60	AATGCTTCTGCTGCCCAGCAGGCT	1
5022	11983	58	AAATGCTTCTGCTGCCCAGCAGGC	1
11983	5024	57	CAAATGCTTCTGCTGCCCAGCAGG	1
5024	5025	56	CCAAATGCTTCTGCTGCCCAGCAG	1
5025	5026	56	TCCAAATGCTTCTGCTGCCCAGCA	1
5026	11987	56	ATCCAAATGCTTCTGCTGCCCAGC	1
11987	11988	56	GATCCAAATGCTTCTGCTGCCCAG	1
11988	5029	56	AGATCCAAATGCTTCTGCTGCCCA	1
5029	5030	55	CAGATCCAAATGCTTCTGCTGCCC	1
5030	11991	53	ACAGATCCAAATGCTTCTGCTGCC	1
11991	11992	50	GACAGATCCAAATGCTTCTGCTGC	1
11992	5033	50	TGACAGATCCAAATGCTTCTGCTG	1
5033	5034	49	TTGACAGATCCAAATGCTTCTGCT	1
5034	5035	48	TTTGACAGATCCAAATGCTTCTGC	1
5035	11996	47	CTTTGACAGATCCAAATGCTTCTG	1
11996	5037	39	GCTTTGACAGATCCAAATGCTTCT	1
5037	5038	32	AGCTTTGACAGATCCAAATGCTTC	1
5038	11999	29	TAGCTTTGACAGATCCAAATGCTT	1
11999	5040	28	GTAGCTTTGACAGATCCAAATGCT	1
5040	12001	28	AGTAGCTTTGACAGATCCAAATGC	1
12001	5042	28	CAGTAGCTTTGACAGATCCAAATG	1
5042	5043	28	CCAGTAGCTTTGACAGATCCAAAT	1
5043	5044	29	CCCAGTAGCTTTGACAGATCCAAA	1
5044	12005	27	CCCCAGTAGCTTTGACAGATCCAA	1
12005	5046	28	GCCCCAGTAGCTTTGACAGATCCA	1
5046	5047	27	GGCCCCAGTAGCTTTGACAGATCC	1
5047	5048	26	AGGCCCCAGTAGCTTTGACAGATC	1
5048	5049	23	CAGGCCCCAGTAGCTTTGACAGAT	1
5049	5050	23	CCAGGCCCCAGTAGCTTTGACAGA	1
5050	5051	24	CCCAGGCCCCAGTAGCTTTGACAG	1
5051	5052	24	CCCCAGGCCCCAGTAGCTTTGACA	1
5052	5053	24	CCCCCAGGCCCCAGTAGCTTTGAC	1
5053	12014	24	CCCCCCAGGCCCCAGTAGCTTTGA	1
12014	5055	25	GCCCCCCAGGCCCCAGTAGCTTTG	1
5055	12016	24	CGCCCCCCAGGCCCCAGTAGCTTT	1
12016	12017	25	GCGCCCCCCAGGCCCCAGTAGCTT	1
12017	5058	26	GGCGCCCCCCAGGCCCCAGTAGCT	1
5058	12019	27	TGGCGCCCCCCAGGCCCCAGTAGC	1
12019	5060	27	TTGGCGCCCCCCAGGCCCCAGTAG	1
5060	5061	27	TTTGGCGCCCCCCAGGCCCCAGTA	1
5061	12022	26	CTTTGGCGCCCCCCAGGCCCCAGT	1
12022	12023	22	GCTTTGGCGCCCCCCAGGCCCCAG	1
12023	5064	22	GGCTTTGGCGCCCCCCAGGCCCCA	1
5064	5065	18	GGGCTTTGGCGCCCCCCAGGCCCC	1
5065	5066	17	TGGGCTTTGGCGCCCCCCAGGCCC	1
5066	5067	19	TTGGGCTTTGGCGCCCCCCAGGCC	1
5067	12028	21	TTTGGGCTTTGGCGCCCCCCAGGC	1
12028	12029	20	TTTTGGGCTTTGGCGCCCCCCAGG	1
12029	5070	20	ATTTTGGGCTTTGGCGCCCCCCAG	1
5070	5071	23	CATTTTGGGCTTTGGCGCCCCCCA	1
5071	5072	23	CCATTTTGGGCTTTGGCGCCCCCC	1
5072	5073	22	GCCATTTTGGGCTTTGGCGCCCCC	1
5073	5074	23	AGCCATTTTGGGCTTTGGCGCCCC	1
5074	5075	23	CAGCCATTTTGGGCTTTGGCGCCC	1
5075	12036	24	ACAGCCATTTTGGGCTTTGGCGCC	1
12036	12037	24	GACAGCCATTTTGGGCTTTGGCGC	1
12037	5078	24	CGACAGCCATTTTGGGCTTTGGCG	1
5078	12039	26	TCGACAGCCATTTTGGGCTTTGGC	1
12039	5080	26	TTCGACAGCCATTTTGGGCTTTGG	1
5080	5081	26	CTTCGACAGCCATTTTGGGCTTTG	1
5081	5082	26	ACTTCGACAGCCATTTTGGGCTTT	1
5082	5083	26	TACTTCGACAGCCATTTTGGGCTT	1
5083	5084	26	ATACTTCGACAGCCATTTTGGGCT	1
5084	12045	26	AATACTTCGACAGCCATTTTGGGC	1
12045	12046	26	TAATACTTCGACAGCCATTTTGGG	1
12046	12047	25	TTAATACTTCGACAGCCATTTTGG	1
12047	5088	26	TTTAATACTTCGACAGCCATTTTG	1
5088	12049	27	ATTTAATACTTCGACAGCCATTTT	1
12049	12050	28	GATTTAATACTTCGACAGCCATTT	1
12050	5091	29	GGATTTAATACTTCGACAGCCATT	1
5091	5092	28	TGGATTTAATACTTCGACAGCCAT	1
5092	5093	28	CTGGATTTAATACTTCGACAGCCA	1
5093	5094	31	CCTGGATTTAATACTTCGACAGCC	1
5094	5095	32	CCCTGGATTTAATACTTCGACAGC	1
5095	12056	30	CCCCTGGATTTAATACTTCGACAG	1
12056	12057	31	GCCCCTGGATTTAATACTTCGACA	1
12057	12058	37	GGCCCCTGGATTTAATACTTCGAC	1
12058	12059	37	GGGCCCCTGGATTTAATACTTCGA	1
12059	5100	38	GGGGCCCCTGGATTTAATACTTCG	1
5100	5101	38	TGGGGCCCCTGGATTTAATACTTC	1
5101	5102	37	TTGGGGCCCCTGGATTTAATACTT	1
5102	5103	37	TTTGGGGCCCCTGGATTTAATACT	1
5103	5104	42	CTTTGGGGCCCCTGGATTTAATAC	1
5104	12065	41	CCTTTGGGGCCCCTGGATTTAATA	1
12065	12066	42	GCCTTTGGGGCCCCTGGATTTAAT	1
12066	12067	42	AGCCTTTGGGGCCCCTGGATTTAA	1
12067	12068	42	GAGCCTTTGGGGCCCCTGGATTTA	1
12068	12069	44	GGAGCCTTTGGGGCCCCTGGATTT	1
12069	5110	43	AGGAGCCTTTGGGGCCCCTGGATT	1
5110	12071	44	CAGGAGCCTTTGGGGCCCCTGGAT	1
12071	12072	45	ACAGGAGCCTTTGGGGCCCCTGGA	1
12072	12073	48	TACAGGAGCCTTTGGGGCCCCTGG	1
12073	12074	49	GTACAGGAGCCTTTGGGGCCCCTG	1
12074	5115	49	GGTACAGGAGCCTTTGGGGCCCCT	1
5115	5116	50	TGGTACAGGAGCCTTTGGGGCCCC	1
5116	5117	52	TTGGTACAGGAGCCTTTGGGGCCC	1
5117	5118	51	CTTGGTACAGGAGCCTTTGGGGCC	1
5118	12079	51	TCTTGGTACAGGAGCCTTTGGGGC	1
12079	12080	49	CTCTTGGTACAGGAGCCTTTGGGG	1
12080	12081	49	CCTCTTGGTACAGGAGCCTTTGGG	1
12081	12082	49	GCCTCTTGGTACAGGAGCCTTTGG	1
12082	12083	44	GGCCTCTTGGTACAGGAGCCTTTG	1
12083	12084	42	GGGCCTCTTGGTACAGGAGCCTTT	1
12084	12085	41	AGGGCCTCTTGGTACAGGAGCCTT	1
12085	12086	44	GAGGGCCTCTTGGTACAGGAGCCT	1
12086	5127	46	GGAGGGCCTCTTGGTACAGGAGCC	1
5127	12088	47	TGGAGGGCCTCTTGGTACAGGAGC	1
12088	12089	46	TTGGAGGGCCTCTTGGTACAGGAG	1
12089	12090	46	ATTGGAGGGCCTCTTGGTACAGGA	1
12090	12091	47	GATTGGAGGGCCTCTTGGTACAGG	1
12091	12092	50	AGATTGGAGGGCCTCTTGGTACAG	1
12092	5133	50	AAGATTGGAGGGCCTCTTGGTACA	1
5133	5134	50	TAAGATTGGAGGGCCTCTTGGTAC	1
5134	5135	51	CTAAGATTGGAGGGCCTCTTGGTA	1
5135	12096	54	CCTAAGATTGGAGGGCCTCTTGGT	1
12096	12097	54	ACCTAAGATTGGAGGGCCTCTTGG	1
12097	5138	56	AACCTAAGATTGGAGGGCCTCTTG	1
5138	5139	58	CAACCTAAGATTGGAGGGCCTCTT	1
5139	5140	57	CCAACCTAAGATTGGAGGGCCTCT	1
5140	5141	57	ACCAACCTAAGATTGGAGGGCCTC	1
5141	5142	57	AACCAACCTAAGATTGGAGGGCCT	1
5142	5143	56	CAACCAACCTAAGATTGGAGGGCC	1
5143	12104	56	ACAACCAACCTAAGATTGGAGGGC	1
12104	12105	55	AACAACCAACCTAAGATTGGAGGG	1
12105	12106	52	AAACAACCAACCTAAGATTGGAGG	1
12106	12107	57	GAAACAACCAACCTAAGATTGGAG	1
12107	12108	58	GGAAACAACCAACCTAAGATTGGA	1
12108	12109	57	TGGAAACAACCAACCTAAGATTGG	1
12109	5150	51	TTGGAAACAACCAACCTAAGATTG	1
5150	12111	52	TTTGGAAACAACCAACCTAAGATT	1
12111	12112	49	GTTTGGAAACAACCAACCTAAGAT	1
12112	12113	51	TGTTTGGAAACAACCAACCTAAGA	1
12113	5154	58	TTGTTTGGAAACAACCAACCTAAG	1
5154	5155	57	TTTGTTTGGAAACAACCAACCTAA	1
5155	5156	52	CTTTGTTTGGAAACAACCAACCTA	1
5156	5157	53	TCTTTGTTTGGAAACAACCAACCT	1
5157	5158	52	ATCTTTGTTTGGAAACAACCAACC	1
5158	12119	57	CATCTTTGTTTGGAAACAACCAAC	1
12119	12120	56	GCATCTTTGTTTGGAAACAACCAA	1
12120	5161	56	GGCATCTTTGTTTGGAAACAACCA	1
5161	5162	56	AGGCATCTTTGTTTGGAAACAACC	1
5162	12123	55	CAGGCATCTTTGTTTGGAAACAAC	1
12123	12124	55	ACAGGCATCTTTGTTTGGAAACAA	1
12124	12125	54	GACAGGCATCTTTGTTTGGAAACA	1
12125	12126	54	GGACAGGCATCTTTGTTTGGAAAC	1
12126	5167	55	TGGACAGGCATCTTTGTTTGGAAA	1
5167	12128	54	CTGGACAGGCATCTTTGTTTGGAA	1
12128	12129	52	GCTGGACAGGCATCTTTGTTTGGA	1
12129	12130	52	TGCTGGACAGGCATCTTTGTTTGG	1
12130	12131	52	GTGCTGGACAGGCATCTTTGTTTG	1
12131	5172	52	GGTGCTGGACAGGCATCTTTGTTT	1
5172	5173	52	TGGTGCTGGACAGGCATCTTTGTT	1
5173	5174	53	TTGGTGCTGGACAGGCATCTTTGT	1
5174	5175	55	CTTGGTGCTGGACAGGCATCTTTG	1
5175	5176	55	TCTTGGTGCTGGACAGGCATCTTT	1
5176	12137	54	CTCTTGGTGCTGGACAGGCATCTT	1
12137	5178	51	GCTCTTGGTGCTGGACAGGCATCT	1
5178	5179	48	AGCTCTTGGTGCTGGACAGGCATC	1
5179	12140	46	CAGCTCTTGGTGCTGGACAGGCAT	1
12140	5181	47	ACAGCTCTTGGTGCTGGACAGGCA	1
5181	12142	47	AACAGCTCTTGGTGCTGGACAGGC	1
12142	12143	48	GAACAGCTCTTGGTGCTGGACAGG	1
12143	12144	49	GGAACAGCTCTTGGTGCTGGACAG	1
12144	5185	49	TGGAACAGCTCTTGGTGCTGGACA	1
5185	12146	48	TTGGAACAGCTCTTGGTGCTGGAC	1
12146	12147	47	TTTGGAACAGCTCTTGGTGCTGGA	1
12147	12148	45	ATTTGGAACAGCTCTTGGTGCTGG	1
12148	12149	50	GATTTGGAACAGCTCTTGGTGCTG	1
12149	5190	49	GGATTTGGAACAGCTCTTGGTGCT	1
5190	12151	49	AGGATTTGGAACAGCTCTTGGTGC	1
12151	12152	49	CAGGATTTGGAACAGCTCTTGGTG	1
12152	12153	50	ACAGGATTTGGAACAGCTCTTGGT	1
12153	12154	51	TACAGGATTTGGAACAGCTCTTGG	1
12154	12155	50	GTACAGGATTTGGAACAGCTCTTG	1
12155	5196	50	GGTACAGGATTTGGAACAGCTCTT	1
5196	5197	49	TGGTACAGGATTTGGAACAGCTCT	1
5197	5198	49	TTGGTACAGGATTTGGAACAGCTC	1
5198	5199	46	CTTGGTACAGGATTTGGAACAGCT	1
5199	12160	45	ACTTGGTACAGGATTTGGAACAGC	1
12160	12161	44	GACTTGGTACAGGATTTGGAACAG	1
12161	5202	43	GGACTTGGTACAGGATTTGGAACA	1
5202	5203	42	TGGACTTGGTACAGGATTTGGAAC	1
5203	12164	42	CTGGACTTGGTACAGGATTTGGAA	1
12164	12165	41	ACTGGACTTGGTACAGGATTTGGA	1
12165	12166	35	AACTGGACTTGGTACAGGATTTGG	1
12166	12167	35	GAACTGGACTTGGTACAGGATTTG	1
12167	12168	35	GGAACTGGACTTGGTACAGGATTT	1
12168	5209	36	GGGAACTGGACTTGGTACAGGATT	1
5209	12170	37	TGGGAACTGGACTTGGTACAGGAT	1
12170	12171	33	TTGGGAACTGGACTTGGTACAGGA	1
12171	5212	34	TTTGGGAACTGGACTTGGTACAGG	1
5212	12173	31	CTTTGGGAACTGGACTTGGTACAG	1
12173	5214	31	ACTTTGGGAACTGGACTTGGTACA	1
5214	12175	32	AACTTTGGGAACTGGACTTGGTAC	1
12175	12176	33	GAACTTTGGGAACTGGACTTGGTA	1
12176	12177	34	GGAACTTTGGGAACTGGACTTGGT	1
12177	5218	33	TGGAACTTTGGGAACTGGACTTGG	1
5218	12179	33	CTGGAACTTTGGGAACTGGACTTG	1
12179	5220	35	GCTGGAACTTTGGGAACTGGACTT	1
5220	5221	34	AGCTGGAACTTTGGGAACTGGACT	1
5221	12182	35	CAGCTGGAACTTTGGGAACTGGAC	1
12182	12183	35	GCAGCTGGAACTTTGGGAACTGGA	1
12183	5224	35	AGCAGCTGGAACTTTGGGAACTGG	1
5224	5225	35	CAGCAGCTGGAACTTTGGGAACTG	1
5225	5226	34	CCAGCAGCTGGAACTTTGGGAACT	1
5226	12187	32	GCCAGCAGCTGGAACTTTGGGAAC	1
12187	12188	32	AGCCAGCAGCTGGAACTTTGGGAA	1
12188	12189	36	AAGCCAGCAGCTGGAACTTTGGGA	1
12189	12190	37	TAAGCCAGCAGCTGGAACTTTGGG	1
12190	12191	36	GTAAGCCAGCAGCTGGAACTTTGG	1
12191	12192	36	AGTAAGCCAGCAGCTGGAACTTTG	1
12192	12193	34	AAGTAAGCCAGCAGCTGGAACTTT	1
12193	12194	34	GAAGTAAGCCAGCAGCTGGAACTT	1
12194	5235	33	GGAAGTAAGCCAGCAGCTGGAACT	1
5235	12196	32	TGGAAGTAAGCCAGCAGCTGGAAC	1
12196	12197	32	TTGGAAGTAAGCCAGCAGCTGGAA	1
12197	12198	32	TTTGGAAGTAAGCCAGCAGCTGGA	1
12198	12199	35	TTTTGGAAGTAAGCCAGCAGCTGG	1
12199	5240	37	TTTTTGGAAGTAAGCCAGCAGCTG	1
5240	5241	29	ATTTTTGGAAGTAAGCCAGCAGCT	1
5241	12202	28	TATTTTTGGAAGTAAGCCAGCAGC	1
12202	12203	28	GTATTTTTGGAAGTAAGCCAGCAG	1
12203	5244	28	AGTATTTTTGGAAGTAAGCCAGCA	1
5244	12205	28	CAGTATTTTTGGAAGTAAGCCAGC	1
12205	12206	26	GCAGTATTTTTGGAAGTAAGCCAG	1
12206	5247	27	AGCAGTATTTTTGGAAGTAAGCCA	1
5247	12208	27	GAGCAGTATTTTTGGAAGTAAGCC	1
12208	12209	28	GGAGCAGTATTTTTGGAAGTAAGC	1
12209	12210	29	GGGAGCAGTATTTTTGGAAGTAAG	1
12210	12211	29	TGGGAGCAGTATTTTTGGAAGTAA	1
12211	12212	28	GTGGGAGCAGTATTTTTGGAAGTA	1
12212	12213	28	AGTGGGAGCAGTATTTTTGGAAGT	1
12213	12214	28	CAGTGGGAGCAGTATTTTTGGAAG	1
12214	12215	28	ACAGTGGGAGCAGTATTTTTGGAA	1
12215	12216	30	AACAGTGGGAGCAGTATTTTTGGA	1
12216	12217	29	TAACAGTGGGAGCAGTATTTTTGG	1
12217	5258	29	ATAACAGTGGGAGCAGTATTTTTG	1
5258	5259	30	AATAACAGTGGGAGCAGTATTTTT	1
5259	5260	30	AAATAACAGTGGGAGCAGTATTTT	1
5260	5261	28	CAAATAACAGTGGGAGCAGTATTT	1
5261	5262	27	ACAAATAACAGTGGGAGCAGTATT	1
5262	12223	26	CACAAATAACAGTGGGAGCAGTAT	1
12223	12224	25	GCACAAATAACAGTGGGAGCAGTA	1
12224	12225	25	GGCACAAATAACAGTGGGAGCAGT	1
12225	5266	27	TGGCACAAATAACAGTGGGAGCAG	1
5266	5267	26	TTGGCACAAATAACAGTGGGAGCA	1
5267	12228	29	TTTGGCACAAATAACAGTGGGAGC	1
12228	12229	31	GTTTGGCACAAATAACAGTGGGAG	1
12229	12230	33	GGTTTGGCACAAATAACAGTGGGA	1
12230	12231	31	GGGTTTGGCACAAATAACAGTGGG	1
12230	13849	6	GGGTTTGGCACAAATAACAGTGGG	1
12231	12232	30	CGGGTTTGGCACAAATAACAGTGG	1
12232	5273	30	TCGGGTTTGGCACAAATAACAGTG	1
5273	5274	29	TTCGGGTTTGGCACAAATAACAGT	1
5274	5275	30	CTTCGGGTTTGGCACAAATAACAG	1
5275	5276	30	TCTTCGGGTTTGGCACAAATAACA	1
5276	12237	30	CTCTTCGGGTTTGGCACAAATAAC	1
12237	12238	31	GCTCTTCGGGTTTGGCACAAATAA	1
12238	12239	31	GGCTCTTCGGGTTTGGCACAAATA	1
12239	5280	30	GGGCTCTTCGGGTTTGGCACAAAT	1
5280	12241	27	CGGGCTCTTCGGGTTTGGCACAAA	1
12241	12242	27	GCGGGCTCTTCGGGTTTGGCACAA	1
12242	5283	27	GGCGGGCTCTTCGGGTTTGGCACA	1
5283	12244	29	TGGCGGGCTCTTCGGGTTTGGCAC	1
12244	5285	29	GTGGCGGGCTCTTCGGGTTTGGCA	1
5285	12246	29	AGTGGCGGGCTCTTCGGGTTTGGC	1
12246	5287	27	CAGTGGCGGGCTCTTCGGGTTTGG	1
5287	5288	25	CCAGTGGCGGGCTCTTCGGGTTTG	1
5288	12249	27	ACCAGTGGCGGGCTCTTCGGGTTT	1
12249	5290	27	AACCAGTGGCGGGCTCTTCGGGTT	1
5290	12251	26	CAACCAGTGGCGGGCTCTTCGGGT	1
12251	12252	27	ACAACCAGTGGCGGGCTCTTCGGG	1
12252	12253	37	TACAACCAGTGGCGGGCTCTTCGG	1
12253	12254	38	GTACAACCAGTGGCGGGCTCTTCG	1
12254	5295	43	GGTACAACCAGTGGCGGGCTCTTC	1
5295	5296	42	TGGTACAACCAGTGGCGGGCTCTT	1
5296	5297	42	TTGGTACAACCAGTGGCGGGCTCT	1
5297	5298	42	TTTGGTACAACCAGTGGCGGGCTC	1
5298	5299	41	ATTTGGTACAACCAGTGGCGGGCT	1
5299	12260	42	CATTTGGTACAACCAGTGGCGGGC	1
12260	12261	41	TCATTTGGTACAACCAGTGGCGGG	1
12261	5302	41	TTCATTTGGTACAACCAGTGGCGG	1
5302	5303	41	CTTCATTTGGTACAACCAGTGGCG	1
5303	12264	42	CCTTCATTTGGTACAACCAGTGGC	1
12264	5305	43	TCCTTCATTTGGTACAACCAGTGG	1
5305	12266	43	CTCCTTCATTTGGTACAACCAGTG	1
12266	12267	43	GCTCCTTCATTTGGTACAACCAGT	1
12267	12268	41	TGCTCCTTCATTTGGTACAACCAG	1
12268	5309	41	GTGCTCCTTCATTTGGTACAACCA	1
5309	5310	42	AGTGCTCCTTCATTTGGTACAACC	1
5310	5311	43	CAGTGCTCCTTCATTTGGTACAAC	1
5311	12272	43	CCAGTGCTCCTTCATTTGGTACAA	1
12272	5313	43	ACCAGTGCTCCTTCATTTGGTACA	1
5313	5314	43	AACCAGTGCTCCTTCATTTGGTAC	1
5314	12275	44	CAACCAGTGCTCCTTCATTTGGTA	1
12275	12276	43	ACAACCAGTGCTCCTTCATTTGGT	1
12276	12277	42	CACAACCAGTGCTCCTTCATTTGG	1
12277	12278	42	GCACAACCAGTGCTCCTTCATTTG	1
12278	5319	40	AGCACAACCAGTGCTCCTTCATTT	1
5319	5320	38	CAGCACAACCAGTGCTCCTTCATT	1
5320	12281	34	CCAGCACAACCAGTGCTCCTTCAT	1
12281	5322	32	ACCAGCACAACCAGTGCTCCTTCA	1
5322	12283	31	AACCAGCACAACCAGTGCTCCTTC	1
12283	12284	30	GAACCAGCACAACCAGTGCTCCTT	1
12284	5325	29	GGAACCAGCACAACCAGTGCTCCT	1
5325	5326	29	TGGAACCAGCACAACCAGTGCTCC	1
5326	5327	30	TTGGAACCAGCACAACCAGTGCTC	1
5327	5328	30	TTTGGAACCAGCACAACCAGTGCT	1
5328	5329	33	TTTTGGAACCAGCACAACCAGTGC	1
5329	5330	32	CTTTTGGAACCAGCACAACCAGTG	1
5330	12291	32	ACTTTTGGAACCAGCACAACCAGT	1
12291	5332	33	AACTTTTGGAACCAGCACAACCAG	1
5332	5333	33	CAACTTTTGGAACCAGCACAACCA	1
5333	5334	35	ACAACTTTTGGAACCAGCACAACC	1
5334	5335	36	TACAACTTTTGGAACCAGCACAAC	1
5335	5336	34	TTACAACTTTTGGAACCAGCACAA	1
5336	5337	36	CTTACAACTTTTGGAACCAGCACA	1
5337	12298	35	GCTTACAACTTTTGGAACCAGCAC	1
12298	5339	35	AGCTTACAACTTTTGGAACCAGCA	1
5339	12300	40	AAGCTTACAACTTTTGGAACCAGC	1
12300	12301	38	CAAGCTTACAACTTTTGGAACCAG	1
12301	5342	39	ACAAGCTTACAACTTTTGGAACCA	1
5342	5343	41	AACAAGCTTACAACTTTTGGAACC	1
5343	12304	41	TAACAAGCTTACAACTTTTGGAAC	1
12304	12305	41	ATAACAAGCTTACAACTTTTGGAA	1
12305	12306	44	AATAACAAGCTTACAACTTTTGGA	1
12306	12307	41	CAATAACAAGCTTACAACTTTTGG	1
12307	12308	41	GCAATAACAAGCTTACAACTTTTG	1
12308	5349	41	GGCAATAACAAGCTTACAACTTTT	1
5349	5350	43	TGGCAATAACAAGCTTACAACTTT	1
5350	5351	43	TTGGCAATAACAAGCTTACAACTT	1
5351	5352	42	TTTGGCAATAACAAGCTTACAACT	1
5352	12313	42	GTTTGGCAATAACAAGCTTACAAC	1
12313	5354	41	TGTTTGGCAATAACAAGCTTACAA	1
5354	5355	42	CTGTTTGGCAATAACAAGCTTACA	1
5355	5356	40	CCTGTTTGGCAATAACAAGCTTAC	1
5356	5357	39	CCCTGTTTGGCAATAACAAGCTTA	1
5357	12318	39	ACCCTGTTTGGCAATAACAAGCTT	1
12318	5359	41	GACCCTGTTTGGCAATAACAAGCT	1
5359	12320	45	CGACCCTGTTTGGCAATAACAAGC	1
12320	5361	47	TCGACCCTGTTTGGCAATAACAAG	1
5361	12322	48	TTCGACCCTGTTTGGCAATAACAA	1
12322	12323	49	GTTCGACCCTGTTTGGCAATAACA	1
12323	12324	50	GGTTCGACCCTGTTTGGCAATAAC	1
12324	5365	50	TGGTTCGACCCTGTTTGGCAATAA	1
5365	12326	49	TTGGTTCGACCCTGTTTGGCAATA	1
12326	12327	49	GTTGGTTCGACCCTGTTTGGCAAT	1
12327	5368	48	AGTTGGTTCGACCCTGTTTGGCAA	1
5368	12329	50	CAGTTGGTTCGACCCTGTTTGGCA	1
12329	12330	50	GCAGTTGGTTCGACCCTGTTTGGC	1
12330	12331	51	TGCAGTTGGTTCGACCCTGTTTGG	1
12331	12332	51	GTGCAGTTGGTTCGACCCTGTTTG	1
12332	5373	50	GGTGCAGTTGGTTCGACCCTGTTT	1
5373	5374	50	TGGTGCAGTTGGTTCGACCCTGTT	1
5374	12335	50	TTGGTGCAGTTGGTTCGACCCTGT	1
12335	5376	53	TTTGGTGCAGTTGGTTCGACCCTG	1
5376	5377	53	ATTTGGTGCAGTTGGTTCGACCCT	1
5377	12338	54	GATTTGGTGCAGTTGGTTCGACCC	1
12338	5379	54	GGATTTGGTGCAGTTGGTTCGACC	1
5379	5380	54	TGGATTTGGTGCAGTTGGTTCGAC	1
5380	12341	51	CTGGATTTGGTGCAGTTGGTTCGA	1
12341	5382	49	ACTGGATTTGGTGCAGTTGGTTCG	1
5382	5383	47	TACTGGATTTGGTGCAGTTGGTTC	1
5383	12344	46	ATACTGGATTTGGTGCAGTTGGTT	1
12344	12345	46	AATACTGGATTTGGTGCAGTTGGT	1
12345	5386	44	CAATACTGGATTTGGTGCAGTTGG	1
5386	5387	43	CCAATACTGGATTTGGTGCAGTTG	1
5387	12348	43	CCCAATACTGGATTTGGTGCAGTT	1
12348	12349	44	GCCCAATACTGGATTTGGTGCAGT	1
12349	5390	44	AGCCCAATACTGGATTTGGTGCAG	1
5390	12351	45	CAGCCCAATACTGGATTTGGTGCA	1
12351	12352	45	GCAGCCCAATACTGGATTTGGTGC	1
12352	12353	46	GGCAGCCCAATACTGGATTTGGTG	1
12353	12354	43	GGGCAGCCCAATACTGGATTTGGT	1
12354	12355	43	TGGGCAGCCCAATACTGGATTTGG	1
12355	5396	42	TTGGGCAGCCCAATACTGGATTTG	1
5396	5397	42	TTTGGGCAGCCCAATACTGGATTT	1
5397	5398	40	CTTTGGGCAGCCCAATACTGGATT	1
5398	5399	39	TCTTTGGGCAGCCCAATACTGGAT	1
5399	12360	40	CTCTTTGGGCAGCCCAATACTGGA	1
12360	12361	42	TCTCTTTGGGCAGCCCAATACTGG	1
12361	12362	42	GTCTCTTTGGGCAGCCCAATACTG	1
12362	5403	42	GGTCTCTTTGGGCAGCCCAATACT	1
5403	5404	42	AGGTCTCTTTGGGCAGCCCAATAC	1
5404	5405	43	CAGGTCTCTTTGGGCAGCCCAATA	1
5405	12366	43	ACAGGTCTCTTTGGGCAGCCCAAT	1
12366	12367	42	AACAGGTCTCTTTGGGCAGCCCAA	1
12367	5408	42	GAACAGGTCTCTTTGGGCAGCCCA	1
5408	5409	40	GGAACAGGTCTCTTTGGGCAGCCC	1
5409	5410	41	AGGAACAGGTCTCTTTGGGCAGCC	1
5410	12371	37	CAGGAACAGGTCTCTTTGGGCAGC	1
12371	12372	35	ACAGGAACAGGTCTCTTTGGGCAG	1
12372	12373	33	GACAGGAACAGGTCTCTTTGGGCA	1
12373	12374	32	GGACAGGAACAGGTCTCTTTGGGC	1
12374	12375	33	GGGACAGGAACAGGTCTCTTTGGG	1
12375	12376	33	TGGGACAGGAACAGGTCTCTTTGG	1
12376	5417	33	TTGGGACAGGAACAGGTCTCTTTG	1
5417	5418	33	TTTGGGACAGGAACAGGTCTCTTT	1
5418	5419	32	ATTTGGGACAGGAACAGGTCTCTT	1
5419	5420	31	CATTTGGGACAGGAACAGGTCTCT	1
5420	5421	30	GCATTTGGGACAGGAACAGGTCTC	1
5421	5422	30	AGCATTTGGGACAGGAACAGGTCT	1
5422	12383	29	CAGCATTTGGGACAGGAACAGGTC	1
12383	12384	29	ACAGCATTTGGGACAGGAACAGGT	1
12384	12385	30	GACAGCATTTGGGACAGGAACAGG	1
12385	12386	30	GGACAGCATTTGGGACAGGAACAG	1
12386	5427	31	GGGACAGCATTTGGGACAGGAACA	1
5427	5428	29	TGGGACAGCATTTGGGACAGGAAC	1
5428	12389	30	CTGGGACAGCATTTGGGACAGGAA	1
12389	12390	30	ACTGGGACAGCATTTGGGACAGGA	1
12390	12391	31	CACTGGGACAGCATTTGGGACAGG	1
12391	12392	32	GCACTGGGACAGCATTTGGGACAG	1
12392	5433	31	AGCACTGGGACAGCATTTGGGACA	1
5433	5434	32	CAGCACTGGGACAGCATTTGGGAC	1
5434	12395	33	CCAGCACTGGGACAGCATTTGGGA	1
12395	12396	37	ACCAGCACTGGGACAGCATTTGGG	1
12396	12397	38	CACCAGCACTGGGACAGCATTTGG	1
12397	5438	38	ACACCAGCACTGGGACAGCATTTG	1
5438	12399	42	AACACCAGCACTGGGACAGCATTT	1
12399	5440	42	AAACACCAGCACTGGGACAGCATT	1
5440	12401	40	CAAACACCAGCACTGGGACAGCAT	1
12401	5442	39	ACAAACACCAGCACTGGGACAGCA	1
5442	5443	39	TACAAACACCAGCACTGGGACAGC	1
5443	12404	39	CTACAAACACCAGCACTGGGACAG	1
12404	5445	35	GCTACAAACACCAGCACTGGGACA	1
5445	5446	38	AGCTACAAACACCAGCACTGGGAC	1
5446	12407	39	CAGCTACAAACACCAGCACTGGGA	1
12407	12408	41	ACAGCTACAAACACCAGCACTGGG	1
12408	12409	42	GACAGCTACAAACACCAGCACTGG	1
12409	12410	44	GGACAGCTACAAACACCAGCACTG	1
12410	5451	44	GGGACAGCTACAAACACCAGCACT	1
5451	5452	45	TGGGACAGCTACAAACACCAGCAC	1
5452	5453	44	TTGGGACAGCTACAAACACCAGCA	1
5453	12414	45	TTTGGGACAGCTACAAACACCAGC	1
12414	5455	47	TTTTGGGACAGCTACAAACACCAG	1
5455	5456	49	TTTTTGGGACAGCTACAAACACCA	1
5456	5457	51	CTTTTTGGGACAGCTACAAACACC	1
5457	12418	52	TCTTTTTGGGACAGCTACAAACAC	1
12418	12419	51	GTCTTTTTGGGACAGCTACAAACA	1
12419	12420	54	GGTCTTTTTGGGACAGCTACAAAC	1
12420	12421	55	AGGTCTTTTTGGGACAGCTACAAA	1
12421	12422	55	GAGGTCTTTTTGGGACAGCTACAA	1
12422	5463	55	GGAGGTCTTTTTGGGACAGCTACA	1
5463	5464	55	AGGAGGTCTTTTTGGGACAGCTAC	1
5464	5465	57	CAGGAGGTCTTTTTGGGACAGCTA	1
5465	5466	61	CCAGGAGGTCTTTTTGGGACAGCT	1
5466	12427	61	ACCAGGAGGTCTTTTTGGGACAGC	1
12427	5468	63	AACCAGGAGGTCTTTTTGGGACAG	1
5468	5469	63	CAACCAGGAGGTCTTTTTGGGACA	1
5469	5470	63	ACAACCAGGAGGTCTTTTTGGGAC	1
5470	12431	62	CACAACCAGGAGGTCTTTTTGGGA	1
12431	12432	61	TCACAACCAGGAGGTCTTTTTGGG	1
12432	5473	61	CTCACAACCAGGAGGTCTTTTTGG	1
5473	12434	61	CCTCACAACCAGGAGGTCTTTTTG	1
12434	12435	61	GCCTCACAACCAGGAGGTCTTTTT	1
12435	12436	60	AGCCTCACAACCAGGAGGTCTTTT	1
12436	5477	59	AAGCCTCACAACCAGGAGGTCTTT	1
5477	5478	60	CAAGCCTCACAACCAGGAGGTCTT	1
5478	5479	60	CCAAGCCTCACAACCAGGAGGTCT	1
5479	5480	60	CCCAAGCCTCACAACCAGGAGGTC	1
5480	12441	62	ACCCAAGCCTCACAACCAGGAGGT	1
12441	12442	60	AACCCAAGCCTCACAACCAGGAGG	1
12442	12443	59	TAACCCAAGCCTCACAACCAGGAG	1
12443	12444	58	GTAACCCAAGCCTCACAACCAGGA	1
12444	12445	59	AGTAACCCAAGCCTCACAACCAGG	1
12445	12446	60	GAGTAACCCAAGCCTCACAACCAG	1
12446	5487	59	GGAGTAACCCAAGCCTCACAACCA	1
5487	5488	56	TGGAGTAACCCAAGCCTCACAACC	1
5488	5489	55	TTGGAGTAACCCAAGCCTCACAAC	1
5489	12450	55	TTTGGAGTAACCCAAGCCTCACAA	1
12450	5491	53	ATTTGGAGTAACCCAAGCCTCACA	1
5491	5492	55	TATTTGGAGTAACCCAAGCCTCAC	1
5492	5493	55	CTATTTGGAGTAACCCAAGCCTCA	1
5493	12454	54	CCTATTTGGAGTAACCCAAGCCTC	1
12454	5495	54	GCCTATTTGGAGTAACCCAAGCCT	1
5495	12456	54	GGCCTATTTGGAGTAACCCAAGCC	1
12456	12457	54	GGGCCTATTTGGAGTAACCCAAGC	1
12457	12458	53	TGGGCCTATTTGGAGTAACCCAAG	1
12458	5499	52	ATGGGCCTATTTGGAGTAACCCAA	1
5499	5500	54	TATGGGCCTATTTGGAGTAACCCA	1
5500	5501	55	CTATGGGCCTATTTGGAGTAACCC	1
5501	5502	53	ACTATGGGCCTATTTGGAGTAACC	1
5502	12463	53	TACTATGGGCCTATTTGGAGTAAC	1
12463	12464	51	ATACTATGGGCCTATTTGGAGTAA	1
12464	5505	51	AATACTATGGGCCTATTTGGAGTA	1
5505	5506	49	CAATACTATGGGCCTATTTGGAGT	1
5506	12467	46	CCAATACTATGGGCCTATTTGGAG	1
12467	12468	48	ACCAATACTATGGGCCTATTTGGA	1
12468	12469	46	CACCAATACTATGGGCCTATTTGG	1
12469	12470	47	GCACCAATACTATGGGCCTATTTG	1
12470	12471	46	AGCACCAATACTATGGGCCTATTT	1
12471	5512	43	AAGCACCAATACTATGGGCCTATT	1
5512	5513	43	CAAGCACCAATACTATGGGCCTAT	1
5513	12474	42	CCAAGCACCAATACTATGGGCCTA	1
12474	5515	45	GCCAAGCACCAATACTATGGGCCT	1
5515	5516	47	AGCCAAGCACCAATACTATGGGCC	1
5516	12477	50	CAGCCAAGCACCAATACTATGGGC	1
12477	12478	47	ACAGCCAAGCACCAATACTATGGG	1
12478	12479	49	GACAGCCAAGCACCAATACTATGG	1
12479	5520	49	GGACAGCCAAGCACCAATACTATG	1
5520	5521	49	TGGACAGCCAAGCACCAATACTAT	1
5521	5522	50	TTGGACAGCCAAGCACCAATACTA	1
5522	5523	52	CTTGGACAGCCAAGCACCAATACT	1
5523	5524	51	CCTTGGACAGCCAAGCACCAATAC	1
5524	5525	51	CCCTTGGACAGCCAAGCACCAATA	1
5525	5526	51	ACCCTTGGACAGCCAAGCACCAAT	1
5526	12487	50	CACCCTTGGACAGCCAAGCACCAA	1
12487	5528	52	GCACCCTTGGACAGCCAAGCACCA	1
5528	5529	54	AGCACCCTTGGACAGCCAAGCACC	1
5529	5530	54	CAGCACCCTTGGACAGCCAAGCAC	1
5530	5531	52	CCAGCACCCTTGGACAGCCAAGCA	1
5531	12492	53	ACCAGCACCCTTGGACAGCCAAGC	1
12492	12493	52	TACCAGCACCCTTGGACAGCCAAG	1
12493	12494	53	ATACCAGCACCCTTGGACAGCCAA	1
12494	5535	53	AATACCAGCACCCTTGGACAGCCA	1
5535	12496	53	TAATACCAGCACCCTTGGACAGCC	1
12496	12497	51	GTAATACCAGCACCCTTGGACAGC	1
12497	12498	51	GGTAATACCAGCACCCTTGGACAG	1
12498	5539	50	TGGTAATACCAGCACCCTTGGACA	1
5539	12500	49	TTGGTAATACCAGCACCCTTGGAC	1
12500	12501	50	TTTGGTAATACCAGCACCCTTGGA	1
12501	5542	50	CTTTGGTAATACCAGCACCCTTGG	1
5542	5543	51	CCTTTGGTAATACCAGCACCCTTG	1
5543	5544	48	TCCTTTGGTAATACCAGCACCCTT	1
5544	5545	47	TTCCTTTGGTAATACCAGCACCCT	1
5545	5546	51	TTTCCTTTGGTAATACCAGCACCC	1
5546	5547	50	TTTTCCTTTGGTAATACCAGCACC	1
5547	12508	50	CTTTTCCTTTGGTAATACCAGCAC	1
12508	12509	50	GCTTTTCCTTTGGTAATACCAGCA	1
12509	12510	51	GGCTTTTCCTTTGGTAATACCAGC	1
12510	5551	51	TGGCTTTTCCTTTGGTAATACCAG	1
5551	5552	48	CTGGCTTTTCCTTTGGTAATACCA	1
5552	5553	47	ACTGGCTTTTCCTTTGGTAATACC	1
5553	12514	49	TACTGGCTTTTCCTTTGGTAATAC	1
12514	12515	50	ATACTGGCTTTTCCTTTGGTAATA	1
12515	12516	50	AATACTGGCTTTTCCTTTGGTAAT	1
12516	5557	49	GAATACTGGCTTTTCCTTTGGTAA	1
5557	5558	51	CGAATACTGGCTTTTCCTTTGGTA	1
5558	5559	51	CCGAATACTGGCTTTTCCTTTGGT	1
5559	5560	48	CCCGAATACTGGCTTTTCCTTTGG	1
5560	5561	48	CCCCGAATACTGGCTTTTCCTTTG	1
5561	5562	47	ACCCCGAATACTGGCTTTTCCTTT	1
5562	5563	47	CACCCCGAATACTGGCTTTTCCTT	1
5563	5564	47	CCACCCCGAATACTGGCTTTTCCT	1
5564	5565	45	ACCACCCCGAATACTGGCTTTTCC	1
5565	5566	44	AACCACCCCGAATACTGGCTTTTC	1
5566	5567	42	CAACCACCCCGAATACTGGCTTTT	1
5567	5568	39	ACAACCACCCCGAATACTGGCTTT	1
5568	5569	31	TACAACCACCCCGAATACTGGCTT	1
5569	12530	31	CTACAACCACCCCGAATACTGGCT	1
12530	12531	31	GCTACAACCACCCCGAATACTGGC	1
12531	12532	30	GGCTACAACCACCCCGAATACTGG	1
12532	5573	31	AGGCTACAACCACCCCGAATACTG	1
5573	5574	35	CAGGCTACAACCACCCCGAATACT	1
5574	12535	34	CCAGGCTACAACCACCCCGAATAC	1
12535	12536	36	GCCAGGCTACAACCACCCCGAATA	1
12536	12537	36	GGCCAGGCTACAACCACCCCGAAT	1
12537	12538	37	TGGCCAGGCTACAACCACCCCGAA	1
12538	12539	38	TTGGCCAGGCTACAACCACCCCGA	1
12539	5580	42	TTTGGCCAGGCTACAACCACCCCG	1
5580	5581	41	ATTTGGCCAGGCTACAACCACCCC	1
5581	5582	39	CATTTGGCCAGGCTACAACCACCC	1
5582	5583	43	CCATTTGGCCAGGCTACAACCACC	1
5583	12544	44	ACCATTTGGCCAGGCTACAACCAC	1
12544	5585	44	AACCATTTGGCCAGGCTACAACCA	1
5585	5586	46	AAACCATTTGGCCAGGCTACAACC	1
5586	12547	49	CAAACCATTTGGCCAGGCTACAAC	1
12547	12548	50	GCAAACCATTTGGCCAGGCTACAA	1
12548	5589	50	AGCAAACCATTTGGCCAGGCTACA	1
5589	5590	49	CAGCAAACCATTTGGCCAGGCTAC	1
5590	5591	49	TCAGCAAACCATTTGGCCAGGCTA	1
5591	5592	49	TTCAGCAAACCATTTGGCCAGGCT	1
5592	12553	49	CTTCAGCAAACCATTTGGCCAGGC	1
12553	5594	50	TCTTCAGCAAACCATTTGGCCAGG	1
5594	5595	51	CTCTTCAGCAAACCATTTGGCCAG	1
5595	5596	51	TCTCTTCAGCAAACCATTTGGCCA	1
5596	5597	51	GTCTCTTCAGCAAACCATTTGGCC	1
5597	12558	48	AGTCTCTTCAGCAAACCATTTGGC	1
12558	5599	48	CAGTCTCTTCAGCAAACCATTTGG	1
5599	5600	49	CCAGTCTCTTCAGCAAACCATTTG	1
5600	5601	52	ACCAGTCTCTTCAGCAAACCATTT	1
5601	5602	51	TACCAGTCTCTTCAGCAAACCATT	1
5602	12563	51	CTACCAGTCTCTTCAGCAAACCAT	1
12563	5604	51	ACTACCAGTCTCTTCAGCAAACCA	1
5604	5605	52	GACTACCAGTCTCTTCAGCAAACC	1
5605	5606	53	AGACTACCAGTCTCTTCAGCAAAC	1
5606	12567	54	CAGACTACCAGTCTCTTCAGCAAA	1
12567	12568	64	ACAGACTACCAGTCTCTTCAGCAA	1
12568	5609	63	AACAGACTACCAGTCTCTTCAGCA	1
5609	12570	66	CAACAGACTACCAGTCTCTTCAGC	1
12570	12571	67	TCAACAGACTACCAGTCTCTTCAG	1
12571	5612	69	ATCAACAGACTACCAGTCTCTTCA	1
5612	12573	71	AATCAACAGACTACCAGTCTCTTC	1
12573	5614	73	GAATCAACAGACTACCAGTCTCTT	1
5614	5615	74	AGAATCAACAGACTACCAGTCTCT	1
5615	5616	75	CAGAATCAACAGACTACCAGTCTC	1
5616	5617	75	ACAGAATCAACAGACTACCAGTCT	1
5617	5618	75	AACAGAATCAACAGACTACCAGTC	1
5618	5619	75	CAACAGAATCAACAGACTACCAGT	1
5619	12580	75	CCAACAGAATCAACAGACTACCAG	1
12580	5621	75	GCCAACAGAATCAACAGACTACCA	1
5621	5622	73	GGCCAACAGAATCAACAGACTACC	1
5622	5623	73	TGGCCAACAGAATCAACAGACTAC	1
5623	5624	74	TTGGCCAACAGAATCAACAGACTA	1
5624	5625	72	TTTGGCCAACAGAATCAACAGACT	1
5625	5626	69	CTTTGGCCAACAGAATCAACAGAC	1
5626	5627	69	TCTTTGGCCAACAGAATCAACAGA	1
5627	5628	69	CTCTTTGGCCAACAGAATCAACAG	1
5628	5629	69	TCTCTTTGGCCAACAGAATCAACA	1
5629	12590	70	GTCTCTTTGGCCAACAGAATCAAC	1
12590	12591	67	GGTCTCTTTGGCCAACAGAATCAA	1
12591	5632	64	TGGTCTCTTTGGCCAACAGAATCA	1
5632	12593	65	GTGGTCTCTTTGGCCAACAGAATC	1
12593	12594	66	GGTGGTCTCTTTGGCCAACAGAAT	1
12594	5635	67	AGGTGGTCTCTTTGGCCAACAGAA	1
5635	5636	65	CAGGTGGTCTCTTTGGCCAACAGA	1
5636	5637	68	CCAGGTGGTCTCTTTGGCCAACAG	1
5637	5638	67	TCCAGGTGGTCTCTTTGGCCAACA	1
5638	12599	64	ATCCAGGTGGTCTCTTTGGCCAAC	1
12599	12600	63	AATCCAGGTGGTCTCTTTGGCCAA	1
12600	5641	64	AAATCCAGGTGGTCTCTTTGGCCA	1
5641	5642	64	CAAATCCAGGTGGTCTCTTTGGCC	1
5642	12603	64	ACAAATCCAGGTGGTCTCTTTGGC	1
12603	12604	61	AACAAATCCAGGTGGTCTCTTTGG	1
12604	12605	60	GAACAAATCCAGGTGGTCTCTTTG	1
12605	5646	61	GGAACAAATCCAGGTGGTCTCTTT	1
5646	5647	61	TGGAACAAATCCAGGTGGTCTCTT	1
5647	5648	61	TTGGAACAAATCCAGGTGGTCTCT	1
5648	5649	63	TTTGGAACAAATCCAGGTGGTCTC	1
5649	12610	65	ATTTGGAACAAATCCAGGTGGTCT	1
12610	12611	65	GATTTGGAACAAATCCAGGTGGTC	1
12611	12612	64	GGATTTGGAACAAATCCAGGTGGT	1
12612	5653	61	TGGATTTGGAACAAATCCAGGTGG	1
5653	12614	60	CTGGATTTGGAACAAATCCAGGTG	1
12614	12615	61	ACTGGATTTGGAACAAATCCAGGT	1
12615	12616	64	AACTGGATTTGGAACAAATCCAGG	1
12616	12617	63	CAACTGGATTTGGAACAAATCCAG	1
12617	5658	61	ACAACTGGATTTGGAACAAATCCA	1
5658	5659	59	CACAACTGGATTTGGAACAAATCC	1
5659	12620	49	GCACAACTGGATTTGGAACAAATC	1
12620	12621	47	AGCACAACTGGATTTGGAACAAAT	1
12621	5662	47	TAGCACAACTGGATTTGGAACAAA	1
5662	12623	47	CTAGCACAACTGGATTTGGAACAA	1
12623	5664	46	ACTAGCACAACTGGATTTGGAACA	1
5664	12625	43	AACTAGCACAACTGGATTTGGAAC	1
12625	12626	43	GAACTAGCACAACTGGATTTGGAA	1
12626	12627	43	GGAACTAGCACAACTGGATTTGGA	1
12627	12628	45	TGGAACTAGCACAACTGGATTTGG	1
12628	5669	46	TTGGAACTAGCACAACTGGATTTG	1
5669	5670	46	TTTGGAACTAGCACAACTGGATTT	1
5670	5671	47	CTTTGGAACTAGCACAACTGGATT	1
5671	12632	47	CCTTTGGAACTAGCACAACTGGAT	1
12632	12633	47	GCCTTTGGAACTAGCACAACTGGA	1
12633	5674	47	TGCCTTTGGAACTAGCACAACTGG	1
5674	5675	45	CTGCCTTTGGAACTAGCACAACTG	1
5675	5676	44	ACTGCCTTTGGAACTAGCACAACT	1
5676	12637	45	AACTGCCTTTGGAACTAGCACAAC	1
12637	12638	46	AAACTGCCTTTGGAACTAGCACAA	1
12638	5679	48	AAAACTGCCTTTGGAACTAGCACA	1
5679	12640	55	CAAAACTGCCTTTGGAACTAGCAC	1
12640	5681	56	ACAAAACTGCCTTTGGAACTAGCA	1
5681	12642	61	AACAAAACTGCCTTTGGAACTAGC	1
12642	12643	62	GAACAAAACTGCCTTTGGAACTAG	1
12643	5684	62	AGAACAAAACTGCCTTTGGAACTA	1
5684	5685	63	CAGAACAAAACTGCCTTTGGAACT	1
5685	12646	63	TCAGAACAAAACTGCCTTTGGAAC	1
12646	12647	59	GTCAGAACAAAACTGCCTTTGGAA	1
12647	12648	59	GGTCAGAACAAAACTGCCTTTGGA	1
12648	12649	56	TGGTCAGAACAAAACTGCCTTTGG	1
12649	5690	57	ATGGTCAGAACAAAACTGCCTTTG	1
5690	5691	57	TATGGTCAGAACAAAACTGCCTTT	1
5691	5692	57	ATATGGTCAGAACAAAACTGCCTT	1
5692	5693	58	CATATGGTCAGAACAAAACTGCCT	1
5693	5694	56	TCATATGGTCAGAACAAAACTGCC	1
5694	12655	56	TTCATATGGTCAGAACAAAACTGC	1
12655	5696	57	TTTCATATGGTCAGAACAAAACTG	1
5696	5697	58	TTTTCATATGGTCAGAACAAAACT	1
5697	5698	59	CTTTTCATATGGTCAGAACAAAAC	1
5698	12659	59	CCTTTTCATATGGTCAGAACAAAA	1
12659	12660	60	GCCTTTTCATATGGTCAGAACAAA	1
12660	5701	59	AGCCTTTTCATATGGTCAGAACAA	1
5701	5702	55	CAGCCTTTTCATATGGTCAGAACA	1
5702	12663	57	TCAGCCTTTTCATATGGTCAGAAC	1
12663	12664	56	TTCAGCCTTTTCATATGGTCAGAA	1
12664	12665	56	ATTCAGCCTTTTCATATGGTCAGA	1
12665	5706	55	AATTCAGCCTTTTCATATGGTCAG	1
5706	5707	56	TAATTCAGCCTTTTCATATGGTCA	1
5707	12668	56	CTAATTCAGCCTTTTCATATGGTC	1
12668	12669	55	ACTAATTCAGCCTTTTCATATGGT	1
12669	5710	53	CACTAATTCAGCCTTTTCATATGG	1
5710	5711	53	CCACTAATTCAGCCTTTTCATATG	1
5711	5712	53	ACCACTAATTCAGCCTTTTCATAT	1
5712	5713	53	CACCACTAATTCAGCCTTTTCATA	1
5713	5714	53	CCACCACTAATTCAGCCTTTTCAT	1
5714	5715	52	TCCACCACTAATTCAGCCTTTTCA	1
5715	5716	51	CTCCACCACTAATTCAGCCTTTTC	1
5716	5717	50	CCTCCACCACTAATTCAGCCTTTT	1
5717	5718	50	TCCTCCACCACTAATTCAGCCTTT	1
5718	12679	50	CTCCTCCACCACTAATTCAGCCTT	1
12679	5720	48	GCTCCTCCACCACTAATTCAGCCT	1
5720	5721	50	AGCTCCTCCACCACTAATTCAGCC	1
5721	12682	50	CAGCTCCTCCACCACTAATTCAGC	1
12682	5723	50	TCAGCTCCTCCACCACTAATTCAG	1
5723	5724	49	TTCAGCTCCTCCACCACTAATTCA	1
5724	5725	49	CTTCAGCTCCTCCACCACTAATTC	1
5725	5726	50	TCTTCAGCTCCTCCACCACTAATT	1
5726	12687	50	CTCTTCAGCTCCTCCACCACTAAT	1
12687	12688	50	GCTCTTCAGCTCCTCCACCACTAA	1
12688	12689	50	GGCTCTTCAGCTCCTCCACCACTA	1
12689	5730	48	GGGCTCTTCAGCTCCTCCACCACT	1
5730	5731	47	AGGGCTCTTCAGCTCCTCCACCAC	1
5731	5732	45	CAGGGCTCTTCAGCTCCTCCACCA	1
5732	5733	44	ACAGGGCTCTTCAGCTCCTCCACC	1
5733	5734	42	AACAGGGCTCTTCAGCTCCTCCAC	1
5734	5735	41	CAACAGGGCTCTTCAGCTCCTCCA	1
5735	5736	42	GCAACAGGGCTCTTCAGCTCCTCC	1
5736	12697	42	TGCAACAGGGCTCTTCAGCTCCTC	1
12697	5738	41	GTGCAACAGGGCTCTTCAGCTCCT	1
5738	5739	42	AGTGCAACAGGGCTCTTCAGCTCC	1
5739	5740	42	CAGTGCAACAGGGCTCTTCAGCTC	1
5740	5741	43	CCAGTGCAACAGGGCTCTTCAGCT	1
5741	12702	41	TCCAGTGCAACAGGGCTCTTCAGC	1
12702	5743	39	TTCCAGTGCAACAGGGCTCTTCAG	1
5743	5744	40	CTTCCAGTGCAACAGGGCTCTTCA	1
5744	5745	39	ACTTCCAGTGCAACAGGGCTCTTC	1
5745	5746	39	AACTTCCAGTGCAACAGGGCTCTT	1
5746	5747	43	CAACTTCCAGTGCAACAGGGCTCT	1
5747	12708	44	GCAACTTCCAGTGCAACAGGGCTC	1
12708	5749	45	AGCAACTTCCAGTGCAACAGGGCT	1
5749	12710	46	CAGCAACTTCCAGTGCAACAGGGC	1
12710	12711	48	CCAGCAACTTCCAGTGCAACAGGG	1
12711	5752	48	TCCAGCAACTTCCAGTGCAACAGG	1
5752	5753	49	CTCCAGCAACTTCCAGTGCAACAG	1
5753	5754	49	TCTCCAGCAACTTCCAGTGCAACA	1
5754	5755	48	TTCTCCAGCAACTTCCAGTGCAAC	1
5755	5756	47	CTTCTCCAGCAACTTCCAGTGCAA	1
5756	12717	46	TCTTCTCCAGCAACTTCCAGTGCA	1
12717	12718	45	GTCTTCTCCAGCAACTTCCAGTGC	1
12718	12719	49	GGTCTTCTCCAGCAACTTCCAGTG	1
12719	12720	47	GGGTCTTCTCCAGCAACTTCCAGT	1
12720	5761	50	TGGGTCTTCTCCAGCAACTTCCAG	1
5761	5762	50	TTGGGTCTTCTCCAGCAACTTCCA	1
5762	5763	50	TTTGGGTCTTCTCCAGCAACTTCC	1
5763	5764	51	ATTTGGGTCTTCTCCAGCAACTTC	1
5764	5765	52	TATTTGGGTCTTCTCCAGCAACTT	1
5765	5766	57	TTATTTGGGTCTTCTCCAGCAACT	1
5766	12727	57	CTTATTTGGGTCTTCTCCAGCAAC	1
12727	12728	56	GCTTATTTGGGTCTTCTCCAGCAA	1
12728	5769	57	GGCTTATTTGGGTCTTCTCCAGCA	1
5769	5770	57	TGGCTTATTTGGGTCTTCTCCAGC	1
5770	12731	58	CTGGCTTATTTGGGTCTTCTCCAG	1
12731	5772	59	GCTGGCTTATTTGGGTCTTCTCCA	1
5772	5773	60	GGCTGGCTTATTTGGGTCTTCTCC	1
5773	5774	61	CGGCTGGCTTATTTGGGTCTTCTC	1
5774	5775	63	ACGGCTGGCTTATTTGGGTCTTCT	1
5775	5776	63	CACGGCTGGCTTATTTGGGTCTTC	1
5776	5777	63	CCACGGCTGGCTTATTTGGGTCTT	1
5777	5778	63	ACCACGGCTGGCTTATTTGGGTCT	1
5778	12739	65	CACCACGGCTGGCTTATTTGGGTC	1
12739	12740	66	GCACCACGGCTGGCTTATTTGGGT	1
12740	12741	64	GGCACCACGGCTGGCTTATTTGGG	1
12741	12742	66	AGGCACCACGGCTGGCTTATTTGG	1
12742	12743	64	GAGGCACCACGGCTGGCTTATTTG	1
12743	12744	59	GGAGGCACCACGGCTGGCTTATTT	1
12744	12745	58	AGGAGGCACCACGGCTGGCTTATT	1
12745	12746	57	GAGGAGGCACCACGGCTGGCTTAT	1
12746	12747	57	GGAGGAGGCACCACGGCTGGCTTA	1
12747	5788	56	GGGAGGAGGCACCACGGCTGGCTT	1
5788	12749	56	TGGGAGGAGGCACCACGGCTGGCT	1
12749	12750	55	GTGGGAGGAGGCACCACGGCTGGC	1
12750	12751	55	AGTGGGAGGAGGCACCACGGCTGG	1
12751	5792	55	AAGTGGGAGGAGGCACCACGGCTG	1
5792	5793	55	CAAGTGGGAGGAGGCACCACGGCT	1
5793	12754	56	CCAAGTGGGAGGAGGCACCACGGC	1
12754	12755	58	ACCAAGTGGGAGGAGGCACCACGG	1
12755	12756	56	AACCAAGTGGGAGGAGGCACCACG	1
12756	12757	57	GAACCAAGTGGGAGGAGGCACCAC	1
12757	5798	59	AGAACCAAGTGGGAGGAGGCACCA	1
5798	5799	55	CAGAACCAAGTGGGAGGAGGCACC	1
5799	5800	57	ACAGAACCAAGTGGGAGGAGGCAC	1
5800	5801	54	CACAGAACCAAGTGGGAGGAGGCA	1
5801	5802	53	CCACAGAACCAAGTGGGAGGAGGC	1
5802	12763	52	CCCACAGAACCAAGTGGGAGGAGG	1
12763	12764	51	GCCCACAGAACCAAGTGGGAGGAG	1
12764	12765	51	GGCCCACAGAACCAAGTGGGAGGA	1
12765	12766	51	AGGCCCACAGAACCAAGTGGGAGG	1
12766	12767	55	AAGGCCCACAGAACCAAGTGGGAG	1
12767	12768	54	AAAGGCCCACAGAACCAAGTGGGA	1
12768	12769	56	GAAAGGCCCACAGAACCAAGTGGG	1
12769	12770	56	GGAAAGGCCCACAGAACCAAGTGG	1
12770	5811	55	CGGAAAGGCCCACAGAACCAAGTG	1
5811	12772	54	CCGGAAAGGCCCACAGAACCAAGT	1
12772	12773	52	ACCGGAAAGGCCCACAGAACCAAG	1
12773	5814	52	AACCGGAAAGGCCCACAGAACCAA	1
5814	5815	52	TAACCGGAAAGGCCCACAGAACCA	1
5815	5816	52	CTAACCGGAAAGGCCCACAGAACC	1
5816	12777	51	GCTAACCGGAAAGGCCCACAGAAC	1
12777	12778	44	GGCTAACCGGAAAGGCCCACAGAA	1
12778	12779	44	AGGCTAACCGGAAAGGCCCACAGA	1
12779	5820	43	CAGGCTAACCGGAAAGGCCCACAG	1
5820	5821	43	TCAGGCTAACCGGAAAGGCCCACA	1
5821	5822	43	ATCAGGCTAACCGGAAAGGCCCAC	1
5822	5823	45	TATCAGGCTAACCGGAAAGGCCCA	1
5823	5824	46	TTATCAGGCTAACCGGAAAGGCCC	1
5824	12785	47	ATTATCAGGCTAACCGGAAAGGCC	1
12785	12786	46	GATTATCAGGCTAACCGGAAAGGC	1
12786	12787	42	GGATTATCAGGCTAACCGGAAAGG	1
12787	12788	43	AGGATTATCAGGCTAACCGGAAAG	1
12788	12789	43	GAGGATTATCAGGCTAACCGGAAA	1
12789	12790	44	GGAGGATTATCAGGCTAACCGGAA	1
12790	12791	44	TGGAGGATTATCAGGCTAACCGGA	1
12791	12792	46	TTGGAGGATTATCAGGCTAACCGG	1
12792	5833	50	TTTGGAGGATTATCAGGCTAACCG	1
5833	5834	49	GTTTGGAGGATTATCAGGCTAACC	1
5834	12795	47	CGTTTGGAGGATTATCAGGCTAAC	1
12795	5836	50	ACGTTTGGAGGATTATCAGGCTAA	1
5836	5837	51	TACGTTTGGAGGATTATCAGGCTA	1
5837	5838	48	CTACGTTTGGAGGATTATCAGGCT	1
5838	12799	51	ACTACGTTTGGAGGATTATCAGGC	1
12799	12800	51	AACTACGTTTGGAGGATTATCAGG	1
12800	12801	53	GAACTACGTTTGGAGGATTATCAG	1
12801	5842	54	GGAACTACGTTTGGAGGATTATCA	1
5842	12803	55	AGGAACTACGTTTGGAGGATTATC	1
12803	12804	54	GAGGAACTACGTTTGGAGGATTAT	1
12804	5845	54	AGAGGAACTACGTTTGGAGGATTA	1
5845	5846	53	TAGAGGAACTACGTTTGGAGGATT	1
5846	12807	52	TTAGAGGAACTACGTTTGGAGGAT	1
12807	12808	53	ATTAGAGGAACTACGTTTGGAGGA	1
12808	12809	52	CATTAGAGGAACTACGTTTGGAGG	1
12809	12810	51	TCATTAGAGGAACTACGTTTGGAG	1
12810	12811	53	GTCATTAGAGGAACTACGTTTGGA	1
12811	12812	50	AGTCATTAGAGGAACTACGTTTGG	1
12812	5853	50	AAGTCATTAGAGGAACTACGTTTG	1
5853	12814	51	CAAGTCATTAGAGGAACTACGTTT	1
12814	12815	50	GCAAGTCATTAGAGGAACTACGTT	1
12815	12816	52	AGCAAGTCATTAGAGGAACTACGT	1
12816	5857	50	AAGCAAGTCATTAGAGGAACTACG	1
5857	12818	50	AAAGCAAGTCATTAGAGGAACTAC	1
12818	5859	45	GAAAGCAAGTCATTAGAGGAACTA	1
5859	5860	44	TGAAAGCAAGTCATTAGAGGAACT	1
5860	12821	44	ATGAAAGCAAGTCATTAGAGGAAC	1
12821	12822	42	TATGAAAGCAAGTCATTAGAGGAA	1
12822	12823	42	ATATGAAAGCAAGTCATTAGAGGA	1
12823	12824	46	AATATGAAAGCAAGTCATTAGAGG	1
12824	12825	52	GAATATGAAAGCAAGTCATTAGAG	1
12825	12826	51	AGAATATGAAAGCAAGTCATTAGA	1
12826	12827	56	AAGAATATGAAAGCAAGTCATTAG	1
12827	12828	55	AAAGAATATGAAAGCAAGTCATTA	1
12828	5869	55	GAAAGAATATGAAAGCAAGTCATT	1
5869	12830	55	TGAAAGAATATGAAAGCAAGTCAT	1
12830	5871	56	ATGAAAGAATATGAAAGCAAGTCA	1
5871	5872	56	TATGAAAGAATATGAAAGCAAGTC	1
5872	12833	56	CTATGAAAGAATATGAAAGCAAGT	1
12833	12834	56	GCTATGAAAGAATATGAAAGCAAG	1
12834	5875	55	TGCTATGAAAGAATATGAAAGCAA	1
5875	5876	51	CTGCTATGAAAGAATATGAAAGCA	1
5876	12837	52	ACTGCTATGAAAGAATATGAAAGC	1
12837	12838	57	TACTGCTATGAAAGAATATGAAAG	1
12838	12839	59	TTACTGCTATGAAAGAATATGAAA	1
12839	12840	59	ATTACTGCTATGAAAGAATATGAA	1
12840	12841	59	TATTACTGCTATGAAAGAATATGA	1
12841	5882	60	GTATTACTGCTATGAAAGAATATG	1
5882	12843	59	TGTATTACTGCTATGAAAGAATAT	1
12843	12844	62	GTGTATTACTGCTATGAAAGAATA	1
12844	5885	58	AGTGTATTACTGCTATGAAAGAAT	1
5885	12846	60	CAGTGTATTACTGCTATGAAAGAA	1
12846	12847	60	TCAGTGTATTACTGCTATGAAAGA	1
12847	5888	59	ATCAGTGTATTACTGCTATGAAAG	1
5888	12849	58	CATCAGTGTATTACTGCTATGAAA	1
12849	12850	59	GCATCAGTGTATTACTGCTATGAA	1
12850	12851	56	AGCATCAGTGTATTACTGCTATGA	1
12851	12852	56	AAGCATCAGTGTATTACTGCTATG	1
12852	5893	54	AAAGCATCAGTGTATTACTGCTAT	1
5893	5894	52	CAAAGCATCAGTGTATTACTGCTA	1
5894	5895	54	ACAAAGCATCAGTGTATTACTGCT	1
5895	12856	54	TACAAAGCATCAGTGTATTACTGC	1
12856	5897	55	GTACAAAGCATCAGTGTATTACTG	1
5897	5898	55	AGTACAAAGCATCAGTGTATTACT	1
5898	5899	55	CAGTACAAAGCATCAGTGTATTAC	1
5899	5900	56	TCAGTACAAAGCATCAGTGTATTA	1
5900	5901	56	ATCAGTACAAAGCATCAGTGTATT	1
5901	12862	54	CATCAGTACAAAGCATCAGTGTAT	1
12862	12863	51	ACATCAGTACAAAGCATCAGTGTA	1
12863	12864	52	AACATCAGTACAAAGCATCAGTGT	1
12864	5905	52	TAACATCAGTACAAAGCATCAGTG	1
5905	12866	51	CTAACATCAGTACAAAGCATCAGT	1
12866	5907	54	ACTAACATCAGTACAAAGCATCAG	1
5907	5908	52	CACTAACATCAGTACAAAGCATCA	1
5908	12869	51	GCACTAACATCAGTACAAAGCATC	1
12869	5910	50	AGCACTAACATCAGTACAAAGCAT	1
5910	5911	51	TAGCACTAACATCAGTACAAAGCA	1
5911	12872	51	TTAGCACTAACATCAGTACAAAGC	1
12872	12873	49	GTTAGCACTAACATCAGTACAAAG	1
12873	12874	48	AGTTAGCACTAACATCAGTACAAA	1
12874	12875	47	GAGTTAGCACTAACATCAGTACAA	1
12875	5916	46	GGAGTTAGCACTAACATCAGTACA	1
5916	5917	40	TGGAGTTAGCACTAACATCAGTAC	1
5917	12878	43	CTGGAGTTAGCACTAACATCAGTA	1
12878	12879	38	GCTGGAGTTAGCACTAACATCAGT	1
12879	12880	38	AGCTGGAGTTAGCACTAACATCAG	1
12880	5921	41	AAGCTGGAGTTAGCACTAACATCA	1
5921	5922	41	AAAGCTGGAGTTAGCACTAACATC	1
5922	5923	41	CAAAGCTGGAGTTAGCACTAACAT	1
5923	5924	42	TCAAAGCTGGAGTTAGCACTAACA	1
5924	12885	41	GTCAAAGCTGGAGTTAGCACTAAC	1
12885	12886	40	GGTCAAAGCTGGAGTTAGCACTAA	1
12886	5927	38	TGGTCAAAGCTGGAGTTAGCACTA	1
5927	5928	38	ATGGTCAAAGCTGGAGTTAGCACT	1
5928	5929	37	TATGGTCAAAGCTGGAGTTAGCAC	1
5929	5930	36	CTATGGTCAAAGCTGGAGTTAGCA	1
5930	12891	35	ACTATGGTCAAAGCTGGAGTTAGC	1
12891	12892	34	TACTATGGTCAAAGCTGGAGTTAG	1
12892	12893	34	ATACTATGGTCAAAGCTGGAGTTA	1
12893	12894	34	GATACTATGGTCAAAGCTGGAGTT	1
12894	12895	36	AGATACTATGGTCAAAGCTGGAGT	1
12895	12896	34	CAGATACTATGGTCAAAGCTGGAG	1
12896	12897	34	ACAGATACTATGGTCAAAGCTGGA	1
12897	12898	36	TACAGATACTATGGTCAAAGCTGG	1
12898	12899	36	GTACAGATACTATGGTCAAAGCTG	1
12899	5940	34	GGTACAGATACTATGGTCAAAGCT	1
5940	12901	36	TGGTACAGATACTATGGTCAAAGC	1
12901	12902	37	CTGGTACAGATACTATGGTCAAAG	1
12902	5943	37	ACTGGTACAGATACTATGGTCAAA	1
5943	5944	35	CACTGGTACAGATACTATGGTCAA	1
5944	5945	35	CCACTGGTACAGATACTATGGTCA	1
5945	5946	35	CCCACTGGTACAGATACTATGGTC	1
5946	12907	33	TCCCACTGGTACAGATACTATGGT	1
12907	5948	34	CTCCCACTGGTACAGATACTATGG	1
5948	5949	37	CCTCCCACTGGTACAGATACTATG	1
5949	12910	37	TCCTCCCACTGGTACAGATACTAT	1
12910	5951	37	ATCCTCCCACTGGTACAGATACTA	1
5951	5952	38	AATCCTCCCACTGGTACAGATACT	1
5952	5953	38	TAATCCTCCCACTGGTACAGATAC	1
5953	5954	39	TTAATCCTCCCACTGGTACAGATA	1
5954	12915	39	TTTAATCCTCCCACTGGTACAGAT	1
12915	12916	38	ATTTAATCCTCCCACTGGTACAGA	1
12916	12917	40	AATTTAATCCTCCCACTGGTACAG	1
12917	5958	40	AAATTTAATCCTCCCACTGGTACA	1
5958	5959	39	CAAATTTAATCCTCCCACTGGTAC	1
5959	12920	39	TCAAATTTAATCCTCCCACTGGTA	1
12920	12921	40	ATCAAATTTAATCCTCCCACTGGT	1
12921	5962	39	CATCAAATTTAATCCTCCCACTGG	1
5962	5963	39	CCATCAAATTTAATCCTCCCACTG	1
5963	5964	39	ACCATCAAATTTAATCCTCCCACT	1
5964	5965	41	TACCATCAAATTTAATCCTCCCAC	1
5965	5966	44	CTACCATCAAATTTAATCCTCCCA	1
5966	5967	49	ACTACCATCAAATTTAATCCTCCC	1
5967	5968	50	AACTACCATCAAATTTAATCCTCC	1
5968	12929	50	GAACTACCATCAAATTTAATCCTC	1
12929	5970	49	GGAACTACCATCAAATTTAATCCT	1
5970	5971	52	AGGAACTACCATCAAATTTAATCC	1
5971	5972	52	CAGGAACTACCATCAAATTTAATC	1
5972	12933	55	ACAGGAACTACCATCAAATTTAAT	1
12933	5974	55	TACAGGAACTACCATCAAATTTAA	1
5974	5975	53	CTACAGGAACTACCATCAAATTTA	1
5975	5976	54	CCTACAGGAACTACCATCAAATTT	1
5976	5977	55	ACCTACAGGAACTACCATCAAATT	1
5977	12938	56	CACCTACAGGAACTACCATCAAAT	1
12938	12939	56	GCACCTACAGGAACTACCATCAAA	1
12939	5980	56	AGCACCTACAGGAACTACCATCAA	1
5980	5981	57	CAGCACCTACAGGAACTACCATCA	1
5981	12942	54	GCAGCACCTACAGGAACTACCATC	1
12942	5983	54	AGCAGCACCTACAGGAACTACCAT	1
5983	5984	54	CAGCAGCACCTACAGGAACTACCA	1
5984	5985	61	ACAGCAGCACCTACAGGAACTACC	1
5985	5986	62	TACAGCAGCACCTACAGGAACTAC	1
5986	5987	60	TTACAGCAGCACCTACAGGAACTA	1
5987	5988	63	TTTACAGCAGCACCTACAGGAACT	1
5988	12949	65	TTTTACAGCAGCACCTACAGGAAC	1
12949	12950	65	GTTTTACAGCAGCACCTACAGGAA	1
12950	12951	66	AGTTTTACAGCAGCACCTACAGGA	1
12951	12952	67	TAGTTTTACAGCAGCACCTACAGG	1
12952	12953	63	GTAGTTTTACAGCAGCACCTACAG	1
12953	5994	64	AGTAGTTTTACAGCAGCACCTACA	1
5994	5995	68	AAGTAGTTTTACAGCAGCACCTAC	1
5995	5996	71	CAAGTAGTTTTACAGCAGCACCTA	1
5996	5997	73	CCAAGTAGTTTTACAGCAGCACCT	1
5997	12958	74	GCCAAGTAGTTTTACAGCAGCACC	1
12958	12959	74	GGCCAAGTAGTTTTACAGCAGCAC	1
12959	6000	77	GGGCCAAGTAGTTTTACAGCAGCA	1
6000	12961	75	TGGGCCAAGTAGTTTTACAGCAGC	1
12961	6002	75	TTGGGCCAAGTAGTTTTACAGCAG	1
6002	6003	74	TTTGGGCCAAGTAGTTTTACAGCA	1
6003	12964	74	TTTTGGGCCAAGTAGTTTTACAGC	1
12964	6005	74	TTTTTGGGCCAAGTAGTTTTACAG	1
6005	6006	74	CTTTTTGGGCCAAGTAGTTTTACA	1
6006	6007	74	CCTTTTTGGGCCAAGTAGTTTTAC	1
6007	6008	75	CCCTTTTTGGGCCAAGTAGTTTTA	1
6008	6009	79	TCCCTTTTTGGGCCAAGTAGTTTT	1
6009	12970	79	CTCCCTTTTTGGGCCAAGTAGTTT	1
12970	12971	79	GCTCCCTTTTTGGGCCAAGTAGTT	1
12971	12972	79	GGCTCCCTTTTTGGGCCAAGTAGT	1
12972	6013	79	TGGCTCCCTTTTTGGGCCAAGTAG	1
6013	6014	79	CTGGCTCCCTTTTTGGGCCAAGTA	1
6014	12975	79	TCTGGCTCCCTTTTTGGGCCAAGT	1
12975	6016	81	ATCTGGCTCCCTTTTTGGGCCAAG	1
6016	12977	79	CATCTGGCTCCCTTTTTGGGCCAA	1
12977	6018	76	ACATCTGGCTCCCTTTTTGGGCCA	1
6018	12979	69	CACATCTGGCTCCCTTTTTGGGCC	1
12979	12980	67	GCACATCTGGCTCCCTTTTTGGGC	1
12980	12981	67	AGCACATCTGGCTCCCTTTTTGGG	1
12981	12982	69	TAGCACATCTGGCTCCCTTTTTGG	1
12982	12983	69	GTAGCACATCTGGCTCCCTTTTTG	1
12983	6024	69	GGTAGCACATCTGGCTCCCTTTTT	1
6024	6025	61	TGGTAGCACATCTGGCTCCCTTTT	1
6025	6026	61	TTGGTAGCACATCTGGCTCCCTTT	1
6026	6027	61	TTTGGTAGCACATCTGGCTCCCTT	1
6027	6028	60	TTTTGGTAGCACATCTGGCTCCCT	1
6028	6029	60	CTTTTGGTAGCACATCTGGCTCCC	1
6029	6030	60	CCTTTTGGTAGCACATCTGGCTCC	1
6030	6031	59	TCCTTTTGGTAGCACATCTGGCTC	1
6031	6032	62	ATCCTTTTGGTAGCACATCTGGCT	1
6032	12993	60	AATCCTTTTGGTAGCACATCTGGC	1
12993	6034	61	TAATCCTTTTGGTAGCACATCTGG	1
6034	6035	61	CTAATCCTTTTGGTAGCACATCTG	1
6035	6036	61	TCTAATCCTTTTGGTAGCACATCT	1
6036	6037	54	CTCTAATCCTTTTGGTAGCACATC	1
6037	12998	53	CCTCTAATCCTTTTGGTAGCACAT	1
12998	6039	58	ACCTCTAATCCTTTTGGTAGCACA	1
6039	6040	55	CACCTCTAATCCTTTTGGTAGCAC	1
6040	6041	53	CCACCTCTAATCCTTTTGGTAGCA	1
6041	13002	52	ACCACCTCTAATCCTTTTGGTAGC	1
13002	13003	52	TACCACCTCTAATCCTTTTGGTAG	1
13003	13004	51	ATACCACCTCTAATCCTTTTGGTA	1
13004	13005	51	AATACCACCTCTAATCCTTTTGGT	1
13005	6046	49	AAATACCACCTCTAATCCTTTTGG	1
6046	6047	48	CAAATACCACCTCTAATCCTTTTG	1
6047	6048	46	ACAAATACCACCTCTAATCCTTTT	1
6048	6049	46	TACAAATACCACCTCTAATCCTTT	1
6049	6050	47	CTACAAATACCACCTCTAATCCTT	1
6050	6051	48	ACTACAAATACCACCTCTAATCCT	1
6051	13012	44	AACTACAAATACCACCTCTAATCC	1
13012	13013	43	GAACTACAAATACCACCTCTAATC	1
13013	13014	42	GGAACTACAAATACCACCTCTAAT	1
13014	6055	42	TGGAACTACAAATACCACCTCTAA	1
6055	6056	43	TTGGAACTACAAATACCACCTCTA	1
6056	6057	43	TTTGGAACTACAAATACCACCTCT	1
6057	6058	42	CTTTGGAACTACAAATACCACCTC	1
6058	6059	41	TCTTTGGAACTACAAATACCACCT	1
6059	6060	41	CTCTTTGGAACTACAAATACCACC	1
6060	13021	36	ACTCTTTGGAACTACAAATACCAC	1
13021	13022	37	GACTCTTTGGAACTACAAATACCA	1
13022	6063	40	GGACTCTTTGGAACTACAAATACC	1
6063	13024	40	AGGACTCTTTGGAACTACAAATAC	1
13024	13025	39	GAGGACTCTTTGGAACTACAAATA	1
13025	13026	39	GGAGGACTCTTTGGAACTACAAAT	1
13026	13027	39	TGGAGGACTCTTTGGAACTACAAA	1
13027	13028	40	GTGGAGGACTCTTTGGAACTACAA	1
13028	6069	42	AGTGGAGGACTCTTTGGAACTACA	1
6069	13030	45	CAGTGGAGGACTCTTTGGAACTAC	1
13030	6071	46	GCAGTGGAGGACTCTTTGGAACTA	1
6071	6072	46	AGCAGTGGAGGACTCTTTGGAACT	1
6072	6073	48	TAGCAGTGGAGGACTCTTTGGAAC	1
6073	13034	47	CTAGCAGTGGAGGACTCTTTGGAA	1
13034	13035	48	ACTAGCAGTGGAGGACTCTTTGGA	1
13035	13036	48	TACTAGCAGTGGAGGACTCTTTGG	1
13036	13037	47	GTACTAGCAGTGGAGGACTCTTTG	1
13037	6078	50	AGTACTAGCAGTGGAGGACTCTTT	1
6078	6079	50	CAGTACTAGCAGTGGAGGACTCTT	1
6079	6080	51	CCAGTACTAGCAGTGGAGGACTCT	1
6080	6081	50	ACCAGTACTAGCAGTGGAGGACTC	1
6081	13042	52	AACCAGTACTAGCAGTGGAGGACT	1
13042	13043	56	GAACCAGTACTAGCAGTGGAGGAC	1
13043	13044	54	GGAACCAGTACTAGCAGTGGAGGA	1
13044	13045	57	TGGAACCAGTACTAGCAGTGGAGG	1
13045	13046	59	TTGGAACCAGTACTAGCAGTGGAG	1
13046	13047	58	TTTGGAACCAGTACTAGCAGTGGA	1
13047	13048	59	TTTTGGAACCAGTACTAGCAGTGG	1
13048	13049	58	ATTTTGGAACCAGTACTAGCAGTG	1
13049	13050	57	AATTTTGGAACCAGTACTAGCAGT	1
13050	13051	54	GAATTTTGGAACCAGTACTAGCAG	1
13051	13052	54	GGAATTTTGGAACCAGTACTAGCA	1
13052	13053	54	GGGAATTTTGGAACCAGTACTAGC	1
13053	6094	58	TGGGAATTTTGGAACCAGTACTAG	1
6094	6095	59	TTGGGAATTTTGGAACCAGTACTA	1
6095	6096	59	TTTGGGAATTTTGGAACCAGTACT	1
6096	13057	59	CTTTGGGAATTTTGGAACCAGTAC	1
13057	13058	59	GCTTTGGGAATTTTGGAACCAGTA	1
13058	13059	59	GGCTTTGGGAATTTTGGAACCAGT	1
13059	6100	59	TGGCTTTGGGAATTTTGGAACCAG	1
6100	6101	57	CTGGCTTTGGGAATTTTGGAACCA	1
6101	6102	57	ACTGGCTTTGGGAATTTTGGAACC	1
6102	6103	56	AACTGGCTTTGGGAATTTTGGAAC	1
6103	6104	58	CAACTGGCTTTGGGAATTTTGGAA	1
6104	13065	59	CCAACTGGCTTTGGGAATTTTGGA	1
13065	13066	60	ACCAACTGGCTTTGGGAATTTTGG	1
13066	6107	60	AACCAACTGGCTTTGGGAATTTTG	1
6107	6108	59	AAACCAACTGGCTTTGGGAATTTT	1
6108	6109	60	TAAACCAACTGGCTTTGGGAATTT	1
6109	13070	62	ATAAACCAACTGGCTTTGGGAATT	1
13070	13071	63	AATAAACCAACTGGCTTTGGGAAT	1
13071	13072	65	AAATAAACCAACTGGCTTTGGGAA	1
13072	13073	63	AAAATAAACCAACTGGCTTTGGGA	1
13073	13074	61	CAAAATAAACCAACTGGCTTTGGG	1
13074	6115	57	ACAAAATAAACCAACTGGCTTTGG	1
6115	13076	57	CACAAAATAAACCAACTGGCTTTG	1
13076	6117	57	GCACAAAATAAACCAACTGGCTTT	1
6117	6118	58	TGCACAAAATAAACCAACTGGCTT	1
6118	6119	57	TTGCACAAAATAAACCAACTGGCT	1
6119	13080	56	TTTGCACAAAATAAACCAACTGGC	1
13080	6121	53	ATTTGCACAAAATAAACCAACTGG	1
6121	13082	52	CATTTGCACAAAATAAACCAACTG	1
13082	6123	51	GCATTTGCACAAAATAAACCAACT	1
6123	13084	49	TGCATTTGCACAAAATAAACCAAC	1
13084	13085	45	ATGCATTTGCACAAAATAAACCAA	1
13085	6126	44	AATGCATTTGCACAAAATAAACCA	1
6126	6127	47	CAATGCATTTGCACAAAATAAACC	1
6127	13088	51	ACAATGCATTTGCACAAAATAAAC	1
13088	13089	52	AACAATGCATTTGCACAAAATAAA	1
13089	13090	51	GAACAATGCATTTGCACAAAATAA	1
13090	6131	51	AGAACAATGCATTTGCACAAAATA	1
6131	6132	50	CAGAACAATGCATTTGCACAAAAT	1
6132	6133	49	CCAGAACAATGCATTTGCACAAAA	1
6133	6134	47	CCCAGAACAATGCATTTGCACAAA	1
6134	13095	42	TCCCAGAACAATGCATTTGCACAA	1
13095	6136	41	ATCCCAGAACAATGCATTTGCACA	1
6136	6137	45	CATCCCAGAACAATGCATTTGCAC	1
6137	6138	42	TCATCCCAGAACAATGCATTTGCA	1
6138	13099	42	CTCATCCCAGAACAATGCATTTGC	1
13099	6140	41	TCTCATCCCAGAACAATGCATTTG	1
6140	6141	41	TTCTCATCCCAGAACAATGCATTT	1
6141	6142	41	TTTCTCATCCCAGAACAATGCATT	1
6142	6143	40	TTTTCTCATCCCAGAACAATGCAT	1
6143	6144	39	CTTTTCTCATCCCAGAACAATGCA	1
6144	13105	39	TCTTTTCTCATCCCAGAACAATGC	1
13105	13106	34	GTCTTTTCTCATCCCAGAACAATG	1
13106	6147	34	AGTCTTTTCTCATCCCAGAACAAT	1
6147	6148	34	CAGTCTTTTCTCATCCCAGAACAA	1
6148	6149	34	CCAGTCTTTTCTCATCCCAGAACA	1
6149	13110	36	ACCAGTCTTTTCTCATCCCAGAAC	1
13110	13111	36	GACCAGTCTTTTCTCATCCCAGAA	1
13111	13112	36	GGACCAGTCTTTTCTCATCCCAGA	1
13112	6153	39	GGGACCAGTCTTTTCTCATCCCAG	1
6153	6154	39	CGGGACCAGTCTTTTCTCATCCCA	1
6154	6155	41	CCGGGACCAGTCTTTTCTCATCCC	1
6155	6156	40	ACCGGGACCAGTCTTTTCTCATCC	1
6156	13117	38	TACCGGGACCAGTCTTTTCTCATC	1
13117	13118	39	GTACCGGGACCAGTCTTTTCTCAT	1
13118	6159	42	AGTACCGGGACCAGTCTTTTCTCA	1
6159	6160	42	AAGTACCGGGACCAGTCTTTTCTC	1
6160	6161	41	CAAGTACCGGGACCAGTCTTTTCT	1
6161	6162	39	GCAAGTACCGGGACCAGTCTTTTC	1
6162	6163	38	TGCAAGTACCGGGACCAGTCTTTT	1
6163	6164	35	CTGCAAGTACCGGGACCAGTCTTT	1
6164	6165	39	ACTGCAAGTACCGGGACCAGTCTT	1
6165	13126	38	AACTGCAAGTACCGGGACCAGTCT	1
13126	13127	38	GAACTGCAAGTACCGGGACCAGTC	1
13127	13128	39	GGAACTGCAAGTACCGGGACCAGT	1
13128	6169	41	TGGAACTGCAAGTACCGGGACCAG	1
6169	6170	41	TTGGAACTGCAAGTACCGGGACCA	1
6170	6171	41	TTTGGAACTGCAAGTACCGGGACC	1
6171	13132	41	ATTTGGAACTGCAAGTACCGGGAC	1
13132	13133	41	TATTTGGAACTGCAAGTACCGGGA	1
13133	13134	44	TTATTTGGAACTGCAAGTACCGGG	1
13134	13135	44	CTTATTTGGAACTGCAAGTACCGG	1
13135	6176	45	GCTTATTTGGAACTGCAAGTACCG	1
6176	6177	45	AGCTTATTTGGAACTGCAAGTACC	1
6177	13138	45	TAGCTTATTTGGAACTGCAAGTAC	1
13138	13139	44	ATAGCTTATTTGGAACTGCAAGTA	1
13139	13140	41	AATAGCTTATTTGGAACTGCAAGT	1
13140	6181	41	AAATAGCTTATTTGGAACTGCAAG	1
6181	6182	39	CAAATAGCTTATTTGGAACTGCAA	1
6182	6183	40	TCAAATAGCTTATTTGGAACTGCA	1
6183	6184	40	ATCAAATAGCTTATTTGGAACTGC	1
6184	6185	43	CATCAAATAGCTTATTTGGAACTG	1
6185	6186	43	ACATCAAATAGCTTATTTGGAACT	1
6186	13147	44	AACATCAAATAGCTTATTTGGAAC	1
13147	13148	46	GAACATCAAATAGCTTATTTGGAA	1
13148	13149	43	GGAACATCAAATAGCTTATTTGGA	1
13149	13150	43	AGGAACATCAAATAGCTTATTTGG	1
13150	6191	42	CAGGAACATCAAATAGCTTATTTG	1
6191	6192	42	ACAGGAACATCAAATAGCTTATTT	1
6192	6193	42	AACAGGAACATCAAATAGCTTATT	1
6193	6194	42	CAACAGGAACATCAAATAGCTTAT	1
6194	6195	42	TCAACAGGAACATCAAATAGCTTA	1
6195	6196	46	ATCAACAGGAACATCAAATAGCTT	1
6196	6197	44	CATCAACAGGAACATCAAATAGCT	1
6197	13158	42	ACATCAACAGGAACATCAAATAGC	1
13158	13159	41	CACATCAACAGGAACATCAAATAG	1
13159	13160	41	GCACATCAACAGGAACATCAAATA	1
13160	13161	41	GGCACATCAACAGGAACATCAAAT	1
13161	13162	39	TGGCACATCAACAGGAACATCAAA	1
13162	6203	38	TTGGCACATCAACAGGAACATCAA	1
6203	6204	38	TTTGGCACATCAACAGGAACATCA	1
6204	13165	34	GTTTGGCACATCAACAGGAACATC	1
13165	13166	32	GGTTTGGCACATCAACAGGAACAT	1
13166	6207	33	GGGTTTGGCACATCAACAGGAACA	1
6207	13168	35	TGGGTTTGGCACATCAACAGGAAC	1
13168	13169	36	TTGGGTTTGGCACATCAACAGGAA	1
13169	13170	37	TTTGGGTTTGGCACATCAACAGGA	1
13170	13171	35	GTTTGGGTTTGGCACATCAACAGG	1
13171	13172	37	GGTTTGGGTTTGGCACATCAACAG	1
13172	6213	39	GGGTTTGGGTTTGGCACATCAACA	1
6213	6214	42	TGGGTTTGGGTTTGGCACATCAAC	1
6214	13175	44	CTGGGTTTGGGTTTGGCACATCAA	1
13175	6216	48	ACTGGGTTTGGGTTTGGCACATCA	1
6216	13177	48	CACTGGGTTTGGGTTTGGCACATC	1
13177	13178	48	GCACTGGGTTTGGGTTTGGCACAT	1
13178	6219	49	AGCACTGGGTTTGGGTTTGGCACA	1
6219	6220	52	AAGCACTGGGTTTGGGTTTGGCAC	1
6220	6221	50	CAAGCACTGGGTTTGGGTTTGGCA	1
6221	13182	52	ACAAGCACTGGGTTTGGGTTTGGC	1
13182	6223	53	CACAAGCACTGGGTTTGGGTTTGG	1
6223	6224	53	CCACAAGCACTGGGTTTGGGTTTG	1
6224	6225	52	TCCACAAGCACTGGGTTTGGGTTT	1
6225	6226	50	CTCCACAAGCACTGGGTTTGGGTT	1
6226	13187	48	CCTCCACAAGCACTGGGTTTGGGT	1
13187	13188	49	ACCTCCACAAGCACTGGGTTTGGG	1
13188	6229	50	AACCTCCACAAGCACTGGGTTTGG	1
6229	13190	50	CAACCTCCACAAGCACTGGGTTTG	1
13190	13191	49	GCAACCTCCACAAGCACTGGGTTT	1
13191	6232	50	AGCAACCTCCACAAGCACTGGGTT	1
6232	13193	50	CAGCAACCTCCACAAGCACTGGGT	1
13193	13194	52	CCAGCAACCTCCACAAGCACTGGG	1
13194	13195	52	GCCAGCAACCTCCACAAGCACTGG	1
13195	6236	52	AGCCAGCAACCTCCACAAGCACTG	1
6236	6237	52	CAGCCAGCAACCTCCACAAGCACT	1
6237	13198	54	CCAGCCAGCAACCTCCACAAGCAC	1
13198	6239	54	GCCAGCCAGCAACCTCCACAAGCA	1
6239	13200	54	AGCCAGCCAGCAACCTCCACAAGC	1
13200	6241	54	TAGCCAGCCAGCAACCTCCACAAG	1
6241	6242	53	TTAGCCAGCCAGCAACCTCCACAA	1
6242	6243	53	TTTAGCCAGCCAGCAACCTCCACA	1
6243	6244	52	ATTTAGCCAGCCAGCAACCTCCAC	1
6244	6245	53	CATTTAGCCAGCCAGCAACCTCCA	1
6245	6246	57	TCATTTAGCCAGCCAGCAACCTCC	1
6246	13207	57	TTCATTTAGCCAGCCAGCAACCTC	1
13207	6248	53	GTTCATTTAGCCAGCCAGCAACCT	1
6248	6249	57	AGTTCATTTAGCCAGCCAGCAACC	1
6249	6250	58	CAGTTCATTTAGCCAGCCAGCAAC	1
6250	13211	59	CCAGTTCATTTAGCCAGCCAGCAA	1
13211	6252	58	ACCAGTTCATTTAGCCAGCCAGCA	1
6252	13213	58	TACCAGTTCATTTAGCCAGCCAGC	1
13213	13214	59	GTACCAGTTCATTTAGCCAGCCAG	1
13214	6255	61	GGTACCAGTTCATTTAGCCAGCCA	1
6255	6256	63	TGGTACCAGTTCATTTAGCCAGCC	1
6256	13217	62	TTGGTACCAGTTCATTTAGCCAGC	1
13217	13218	71	TTTGGTACCAGTTCATTTAGCCAG	1
13218	6259	67	ATTTGGTACCAGTTCATTTAGCCA	1
6259	6260	68	TATTTGGTACCAGTTCATTTAGCC	1
6260	13221	66	TTATTTGGTACCAGTTCATTTAGC	1
13221	13222	66	ATTATTTGGTACCAGTTCATTTAG	1
13222	13223	66	GATTATTTGGTACCAGTTCATTTA	1
13223	13224	62	GGATTATTTGGTACCAGTTCATTT	1
13224	13225	61	AGGATTATTTGGTACCAGTTCATT	1
13225	13226	60	GAGGATTATTTGGTACCAGTTCAT	1
13226	6267	60	GGAGGATTATTTGGTACCAGTTCA	1
6267	6268	59	AGGAGGATTATTTGGTACCAGTTC	1
6268	6269	56	CAGGAGGATTATTTGGTACCAGTT	1
6269	13230	56	CCAGGAGGATTATTTGGTACCAGT	1
13230	13231	55	ACCAGGAGGATTATTTGGTACCAG	1
13231	6272	51	AACCAGGAGGATTATTTGGTACCA	1
6272	6273	51	AAACCAGGAGGATTATTTGGTACC	1
6273	6274	51	CAAACCAGGAGGATTATTTGGTAC	1
6274	6275	50	CCAAACCAGGAGGATTATTTGGTA	1
6275	13236	53	ACCAAACCAGGAGGATTATTTGGT	1
13236	13237	53	GACCAAACCAGGAGGATTATTTGG	1
13237	6278	53	AGACCAAACCAGGAGGATTATTTG	1
6278	6279	53	CAGACCAAACCAGGAGGATTATTT	1
6279	6280	51	ACAGACCAAACCAGGAGGATTATT	1
6280	6281	51	CACAGACCAAACCAGGAGGATTAT	1
6281	6282	52	TCACAGACCAAACCAGGAGGATTA	1
6282	13243	54	TTCACAGACCAAACCAGGAGGATT	1
13243	13244	55	ATTCACAGACCAAACCAGGAGGAT	1
13244	13245	56	AATTCACAGACCAAACCAGGAGGA	1
13245	13246	56	AAATTCACAGACCAAACCAGGAGG	1
13246	13247	56	GAAATTCACAGACCAAACCAGGAG	1
13247	13248	56	GGAAATTCACAGACCAAACCAGGA	1
13248	13249	57	TGGAAATTCACAGACCAAACCAGG	1
13249	6290	56	TTGGAAATTCACAGACCAAACCAG	1
6290	6291	54	TTTGGAAATTCACAGACCAAACCA	1
6291	6292	55	ATTTGGAAATTCACAGACCAAACC	1
6292	13253	59	TATTTGGAAATTCACAGACCAAAC	1
13253	6294	61	TTATTTGGAAATTCACAGACCAAA	1
6294	13255	61	CTTATTTGGAAATTCACAGACCAA	1
13255	6296	60	GCTTATTTGGAAATTCACAGACCA	1
6296	6297	60	GGCTTATTTGGAAATTCACAGACC	1
6297	13258	58	AGGCTTATTTGGAAATTCACAGAC	1
13258	13259	58	GAGGCTTATTTGGAAATTCACAGA	1
13259	13260	64	GGAGGCTTATTTGGAAATTCACAG	1
13260	6301	68	TGGAGGCTTATTTGGAAATTCACA	1
6301	13262	67	CTGGAGGCTTATTTGGAAATTCAC	1
13262	6303	68	ACTGGAGGCTTATTTGGAAATTCA	1
6303	6304	70	TACTGGAGGCTTATTTGGAAATTC	1
6304	13265	74	ATACTGGAGGCTTATTTGGAAATT	1
13265	6306	73	AATACTGGAGGCTTATTTGGAAAT	1
6306	13267	72	CAATACTGGAGGCTTATTTGGAAA	1
13267	13268	71	ACAATACTGGAGGCTTATTTGGAA	1
13268	13269	71	AACAATACTGGAGGCTTATTTGGA	1
13269	13270	62	CAACAATACTGGAGGCTTATTTGG	1
13270	13271	62	GCAACAATACTGGAGGCTTATTTG	1
13271	6312	61	AGCAACAATACTGGAGGCTTATTT	1
6312	6313	60	TAGCAACAATACTGGAGGCTTATT	1
6313	6314	60	CTAGCAACAATACTGGAGGCTTAT	1
6314	6315	60	TCTAGCAACAATACTGGAGGCTTA	1
6315	13276	61	TTCTAGCAACAATACTGGAGGCTT	1
13276	13277	60	GTTCTAGCAACAATACTGGAGGCT	1
13277	13278	61	GGTTCTAGCAACAATACTGGAGGC	1
13278	13279	61	TGGTTCTAGCAACAATACTGGAGG	1
13279	13280	66	TTGGTTCTAGCAACAATACTGGAG	1
13280	13281	67	TTTGGTTCTAGCAACAATACTGGA	1
13281	6322	70	ATTTGGTTCTAGCAACAATACTGG	1
6322	13283	71	CATTTGGTTCTAGCAACAATACTG	1
13283	6324	71	GCATTTGGTTCTAGCAACAATACT	1
6324	6325	70	TGCATTTGGTTCTAGCAACAATAC	1
6325	6326	68	CTGCATTTGGTTCTAGCAACAATA	1
6326	13287	69	TCTGCATTTGGTTCTAGCAACAAT	1
13287	6328	66	ATCTGCATTTGGTTCTAGCAACAA	1
6328	6329	65	CATCTGCATTTGGTTCTAGCAACA	1
6329	13290	66	ACATCTGCATTTGGTTCTAGCAAC	1
13290	13291	66	AACATCTGCATTTGGTTCTAGCAA	1
13291	13292	66	GAACATCTGCATTTGGTTCTAGCA	1
13292	13293	68	GGAACATCTGCATTTGGTTCTAGC	1
13293	6334	67	TGGAACATCTGCATTTGGTTCTAG	1
6334	6335	64	TTGGAACATCTGCATTTGGTTCTA	1
6335	6336	63	TTTGGAACATCTGCATTTGGTTCT	1
6336	6337	61	ATTTGGAACATCTGCATTTGGTTC	1
6337	13298	58	CATTTGGAACATCTGCATTTGGTT	1
13298	13299	55	GCATTTGGAACATCTGCATTTGGT	1
13299	13300	56	AGCATTTGGAACATCTGCATTTGG	1
13300	13301	54	GAGCATTTGGAACATCTGCATTTG	1
13301	13302	51	GGAGCATTTGGAACATCTGCATTT	1
13302	13303	50	AGGAGCATTTGGAACATCTGCATT	1
13303	13304	48	GAGGAGCATTTGGAACATCTGCAT	1
13304	6345	43	GGAGGAGCATTTGGAACATCTGCA	1
6345	13306	42	TGGAGGAGCATTTGGAACATCTGC	1
13306	6347	43	GTGGAGGAGCATTTGGAACATCTG	1
6347	6348	45	AGTGGAGGAGCATTTGGAACATCT	1
6348	6349	44	TAGTGGAGGAGCATTTGGAACATC	1
6349	13310	44	CTAGTGGAGGAGCATTTGGAACAT	1
13310	13311	44	ACTAGTGGAGGAGCATTTGGAACA	1
13311	6352	42	GACTAGTGGAGGAGCATTTGGAAC	1
6352	13313	38	CGACTAGTGGAGGAGCATTTGGAA	1
13313	13314	35	ACGACTAGTGGAGGAGCATTTGGA	1
13314	13315	36	TACGACTAGTGGAGGAGCATTTGG	1
13315	13316	38	GTACGACTAGTGGAGGAGCATTTG	1
13316	6357	37	GGTACGACTAGTGGAGGAGCATTT	1
6357	6358	37	TGGTACGACTAGTGGAGGAGCATT	1
6358	6359	37	TTGGTACGACTAGTGGAGGAGCAT	1
6359	6360	37	TTTGGTACGACTAGTGGAGGAGCA	1
6360	13321	37	CTTTGGTACGACTAGTGGAGGAGC	1
13321	13322	39	GCTTTGGTACGACTAGTGGAGGAG	1
13322	13323	37	GGCTTTGGTACGACTAGTGGAGGA	1
13323	13324	38	TGGCTTTGGTACGACTAGTGGAGG	1
13324	13325	40	CTGGCTTTGGTACGACTAGTGGAG	1
13325	13326	43	ACTGGCTTTGGTACGACTAGTGGA	1
13326	13327	43	TACTGGCTTTGGTACGACTAGTGG	1
13327	13328	44	ATACTGGCTTTGGTACGACTAGTG	1
13328	13329	45	AATACTGGCTTTGGTACGACTAGT	1
13329	13330	44	AAATACTGGCTTTGGTACGACTAG	1
13330	6371	44	AAAATACTGGCTTTGGTACGACTA	1
6371	6372	40	CAAAATACTGGCTTTGGTACGACT	1
6372	13333	39	GCAAAATACTGGCTTTGGTACGAC	1
13333	13334	36	GGCAAAATACTGGCTTTGGTACGA	1
13334	6375	36	GGGCAAAATACTGGCTTTGGTACG	1
6375	6376	37	TGGGCAAAATACTGGCTTTGGTAC	1
6376	6377	38	TTGGGCAAAATACTGGCTTTGGTA	1
6377	13338	40	TTTGGGCAAAATACTGGCTTTGGT	1
13338	6379	39	ATTTGGGCAAAATACTGGCTTTGG	1
6379	6380	39	CATTTGGGCAAAATACTGGCTTTG	1
6380	6381	39	ACATTTGGGCAAAATACTGGCTTT	1
6381	6382	38	AACATTTGGGCAAAATACTGGCTT	1
6382	6383	38	CAACATTTGGGCAAAATACTGGCT	1
6383	13344	39	TCAACATTTGGGCAAAATACTGGC	1
13344	13345	37	GTCAACATTTGGGCAAAATACTGG	1
13345	6386	39	CGTCAACATTTGGGCAAAATACTG	1
6386	6387	39	ACGTCAACATTTGGGCAAAATACT	1
6387	6388	39	AACGTCAACATTTGGGCAAAATAC	1
6388	6389	37	CAACGTCAACATTTGGGCAAAATA	1
6389	6390	38	ACAACGTCAACATTTGGGCAAAAT	1
6390	13351	37	CACAACGTCAACATTTGGGCAAAA	1
13351	13352	36	GCACAACGTCAACATTTGGGCAAA	1
13352	13353	37	GGCACAACGTCAACATTTGGGCAA	1
13353	6394	39	TGGCACAACGTCAACATTTGGGCA	1
6394	13355	40	TTGGCACAACGTCAACATTTGGGC	1
13355	13356	44	TTTGGCACAACGTCAACATTTGGG	1
13356	13357	43	CTTTGGCACAACGTCAACATTTGG	1
13357	13358	41	GCTTTGGCACAACGTCAACATTTG	1
13358	13359	40	GGCTTTGGCACAACGTCAACATTT	1
13359	13360	39	GGGCTTTGGCACAACGTCAACATT	1
13360	13361	38	GGGGCTTTGGCACAACGTCAACAT	1
13361	6402	36	GGGGGCTTTGGCACAACGTCAACA	1
6402	6403	36	AGGGGGCTTTGGCACAACGTCAAC	1
6403	13364	35	CAGGGGGCTTTGGCACAACGTCAA	1
13364	6405	34	ACAGGGGGCTTTGGCACAACGTCA	1
6405	13366	34	TACAGGGGGCTTTGGCACAACGTC	1
13366	13367	33	GTACAGGGGGCTTTGGCACAACGT	1
13367	6408	33	AGTACAGGGGGCTTTGGCACAACG	1
6408	13369	33	TAGTACAGGGGGCTTTGGCACAAC	1
13369	13370	35	GTAGTACAGGGGGCTTTGGCACAA	1
13370	13371	35	GGTAGTACAGGGGGCTTTGGCACA	1
13371	13372	34	GGGTAGTACAGGGGGCTTTGGCAC	1
13372	13373	34	GGGGTAGTACAGGGGGCTTTGGCA	1
13373	13374	31	GGGGGTAGTACAGGGGGCTTTGGC	1
13374	13375	30	TGGGGGTAGTACAGGGGGCTTTGG	1
13375	6416	30	TTGGGGGTAGTACAGGGGGCTTTG	1
6416	6417	28	TTTGGGGGTAGTACAGGGGGCTTT	1
6417	6418	29	CTTTGGGGGTAGTACAGGGGGCTT	1
6418	6419	28	CCTTTGGGGGTAGTACAGGGGGCT	1
6419	13380	35	CCCTTTGGGGGTAGTACAGGGGGC	1
13380	6421	39	CCCCTTTGGGGGTAGTACAGGGGG	1
6421	13382	44	CCCCCTTTGGGGGTAGTACAGGGG	1
13382	13383	46	ACCCCCTTTGGGGGTAGTACAGGG	1
13383	13384	49	AACCCCCTTTGGGGGTAGTACAGG	1
13384	13385	51	GAACCCCCTTTGGGGGTAGTACAG	1
13385	6426	51	GGAACCCCCTTTGGGGGTAGTACA	1
6426	6427	51	TGGAACCCCCTTTGGGGGTAGTAC	1
6427	6428	51	TTGGAACCCCCTTTGGGGGTAGTA	1
6428	13389	53	TTTGGAACCCCCTTTGGGGGTAGT	1
13389	6430	51	ATTTGGAACCCCCTTTGGGGGTAG	1
6430	6431	50	CATTTGGAACCCCCTTTGGGGGTA	1
6431	13392	50	TCATTTGGAACCCCCTTTGGGGGT	1
13392	13393	51	ATCATTTGGAACCCCCTTTGGGGG	1
13393	13394	50	AATCATTTGGAACCCCCTTTGGGG	1
13394	13395	49	AAATCATTTGGAACCCCCTTTGGG	1
13395	13396	49	CAAATCATTTGGAACCCCCTTTGG	1
13396	6437	48	ACAAATCATTTGGAACCCCCTTTG	1
6437	6438	47	AACAAATCATTTGGAACCCCCTTT	1
6438	6439	47	TAACAAATCATTTGGAACCCCCTT	1
6439	6440	47	TTAACAAATCATTTGGAACCCCCT	1
6440	6441	47	TTTAACAAATCATTTGGAACCCCC	1
6441	6442	47	GTTTAACAAATCATTTGGAACCCC	1
6442	6443	47	TGTTTAACAAATCATTTGGAACCC	1
6443	13404	47	ATGTTTAACAAATCATTTGGAACC	1
13404	13405	46	GATGTTTAACAAATCATTTGGAAC	1
13405	13406	44	AGATGTTTAACAAATCATTTGGAA	1
13406	13407	43	AAGATGTTTAACAAATCATTTGGA	1
13407	13408	39	GAAGATGTTTAACAAATCATTTGG	1
13408	6449	39	TGAAGATGTTTAACAAATCATTTG	1
6449	6450	39	TTGAAGATGTTTAACAAATCATTT	1
6450	6451	39	TTTGAAGATGTTTAACAAATCATT	1
6451	13412	39	CTTTGAAGATGTTTAACAAATCAT	1
13412	6453	39	GCTTTGAAGATGTTTAACAAATCA	1
6453	6454	39	TGCTTTGAAGATGTTTAACAAATC	1
6454	6455	39	TTGCTTTGAAGATGTTTAACAAAT	1
6455	13416	39	CTTGCTTTGAAGATGTTTAACAAA	1
13416	6457	39	ACTTGCTTTGAAGATGTTTAACAA	1
6457	6458	39	CACTTGCTTTGAAGATGTTTAACA	1
6458	13419	39	ACACTTGCTTTGAAGATGTTTAAC	1
13419	13420	39	AACACTTGCTTTGAAGATGTTTAA	1
13420	6461	39	AAACACTTGCTTTGAAGATGTTTA	1
6461	13422	36	CAAACACTTGCTTTGAAGATGTTT	1
13422	13423	36	GCAAACACTTGCTTTGAAGATGTT	1
13423	13424	36	AGCAAACACTTGCTTTGAAGATGT	1
13424	13425	36	AAGCAAACACTTGCTTTGAAGATG	1
13425	13426	37	GAAGCAAACACTTGCTTTGAAGAT	1
13426	13427	37	TGAAGCAAACACTTGCTTTGAAGA	1
13427	6468	36	CTGAAGCAAACACTTGCTTTGAAG	1
6468	13429	36	TCTGAAGCAAACACTTGCTTTGAA	1
13429	13430	35	TTCTGAAGCAAACACTTGCTTTGA	1
13430	6471	32	TTTCTGAAGCAAACACTTGCTTTG	1
6471	6472	18	CTTTCTGAAGCAAACACTTGCTTT	1
6472	6473	17	TCTTTCTGAAGCAAACACTTGCTT	1
6473	6474	14	CTCTTTCTGAAGCAAACACTTGCT	1
6474	13435	14	GCTCTTTCTGAAGCAAACACTTGC	1
13435	6476	12	CGCTCTTTCTGAAGCAAACACTTG	1
6476	6477	12	CCGCTCTTTCTGAAGCAAACACTT	1
6477	6478	12	ACCGCTCTTTCTGAAGCAAACACT	1
6478	13439	11	CACCGCTCTTTCTGAAGCAAACAC	1
13439	6480	11	GCACCGCTCTTTCTGAAGCAAACA	1
6480	13441	9	CGCACCGCTCTTTCTGAAGCAAAC	1
13441	13442	9	ACGCACCGCTCTTTCTGAAGCAAA	1
13442	13443	9	GACGCACCGCTCTTTCTGAAGCAA	1
13443	6484	9	AGACGCACCGCTCTTTCTGAAGCA	1
6484	6485	8	CAGACGCACCGCTCTTTCTGAAGC	1
6485	6486	8	CCAGACGCACCGCTCTTTCTGAAG	1
6486	6487	8	TCCAGACGCACCGCTCTTTCTGAA	1
6487	13448	8	CTCCAGACGCACCGCTCTTTCTGA	1
13448	6489	8	ACTCCAGACGCACCGCTCTTTCTG	1
6489	6490	8	CACTCCAGACGCACCGCTCTTTCT	1
6490	6491	8	TCACTCCAGACGCACCGCTCTTTC	1
6491	6492	8	CTCACTCCAGACGCACCGCTCTTT	1
6492	6493	8	TCTCACTCCAGACGCACCGCTCTT	1
6493	6494	8	CTCTCACTCCAGACGCACCGCTCT	1
6494	13455	8	GCTCTCACTCCAGACGCACCGCTC	1
13455	13456	8	GGCTCTCACTCCAGACGCACCGCT	1
13456	13457	8	GGGCTCTCACTCCAGACGCACCGC	1
13457	6498	8	TGGGCTCTCACTCCAGACGCACCG	1
6498	6499	7	CTGGGCTCTCACTCCAGACGCACC	1
6499	13460	6	CCTGGGCTCTCACTCCAGACGCAC	1
13460	13461	6	ACCTGGGCTCTCACTCCAGACGCA	1
13461	13462	6	GACCTGGGCTCTCACTCCAGACGC	1
13462	6503	6	GGACCTGGGCTCTCACTCCAGACG	1
6503	13464	6	CGGACCTGGGCTCTCACTCCAGAC	1
13464	13465	6	GCGGACCTGGGCTCTCACTCCAGA	1
13465	13466	6	GGCGGACCTGGGCTCTCACTCCAG	1
13466	6507	5	GGGCGGACCTGGGCTCTCACTCCA	1
6507	6508	4	CGGGCGGACCTGGGCTCTCACTCC	1
6508	13469	4	ACGGGCGGACCTGGGCTCTCACTC	1
13469	6510	4	GACGGGCGGACCTGGGCTCTCACT	1
6510	13471	4	TGACGGGCGGACCTGGGCTCTCAC	1
13471	13472	4	GTGACGGGCGGACCTGGGCTCTCA	1
13472	13473	3	GGTGACGGGCGGACCTGGGCTCTC	1
13473	6514	3	GGGTGACGGGCGGACCTGGGCTCT	1
6514	13475	2	CGGGTGACGGGCGGACCTGGGCTC	1
13475	13476	2	GCGGGTGACGGGCGGACCTGGGCT	1
13476	13477	2	GGCGGGTGACGGGCGGACCTGGGC	1
13477	13478	1	CGGCGGGTGACGGGCGGACCTGGG	1
13478	13479	1	GCGGCGGGTGACGGGCGGACCTGG	1
13479	13480	1	AGCGGCGGGTGACGGGCGGACCTG	1
13480	6521	1	GAGCGGCGGGTGACGGGCGGACCT	1
6521	13482	1	TGAGCGGCGGGTGACGGGCGGACC	1
13482	13483	1	GTGAGCGGCGGGTGACGGGCGGAC	1
13483	13484	1	GGTGAGCGGCGGGTGACGGGCGGA	1
13484	13485	1	CGGTGAGCGGCGGGTGACGGGCGG	1
13485	6526	1	GCGGTGAGCGGCGGGTGACGGGCG	1
6526	13487	0	CGCGGTGAGCGGCGGGTGACGGGC	1
13487	13488	0	GCGCGGTGAGCGGCGGGTGACGGG	1
13488	6529	0	CGCGCGGTGAGCGGCGGGTGACGG	1
6529	6530	0	CCGCGCGGTGAGCGGCGGGTGACG	1
6530	13491	0	GCCGCGCGGTGAGCGGCGGGTGAC	1
13491	13492	0	GGCCGCGCGGTGAGCGGCGGGTGA	1
13492	13493	0	AGGCCGCGCGGTGAGCGGCGGGTG	1
13493	13494	1	GAGGCCGCGCGGTGAGCGGCGGGT	1
13494	13495	2	GGAGGCCGCGCGGTGAGCGGCGGG	1
13495	6536	2	TGGAGGCCGCGCGGTGAGCGGCGG	1
6536	6537	2	CTGGAGGCCGCGCGGTGAGCGGCG	1
6537	13498	2	TCTGGAGGCCGCGCGGTGAGCGGC	1
13498	13499	2	TTCTGGAGGCCGCGCGGTGAGCGG	1
13499	6540	2	TTTCTGGAGGCCGCGCGGTGAGCG	1
6540	13501	2	TTTTCTGGAGGCCGCGCGGTGAGC	1
13501	13502	2	TTTTTCTGGAGGCCGCGCGGTGAG	1
13502	13503	2	GTTTTTCTGGAGGCCGCGCGGTGA	1
13503	6544	2	GGTTTTTCTGGAGGCCGCGCGGTG	1
6544	13505	2	CGGTTTTTCTGGAGGCCGCGCGGT	1
13505	13506	2	ACGGTTTTTCTGGAGGCCGCGCGG	1
13506	6547	2	GACGGTTTTTCTGGAGGCCGCGCG	1
6547	13508	2	CGACGGTTTTTCTGGAGGCCGCGC	1
13508	13509	2	ACGACGGTTTTTCTGGAGGCCGCG	1
13509	6550	2	GACGACGGTTTTTCTGGAGGCCGC	1
6550	6551	2	CGACGACGGTTTTTCTGGAGGCCG	1
6551	13512	2	GCGACGACGGTTTTTCTGGAGGCC	1
13512	13513	2	GGCGACGACGGTTTTTCTGGAGGC	1
13513	13514	2	CGGCGACGACGGTTTTTCTGGAGG	1
13514	13515	2	GCGGCGACGACGGTTTTTCTGGAG	1
13515	13516	2	GGCGGCGACGACGGTTTTTCTGGA	1
13516	13517	2	CGGCGGCGACGACGGTTTTTCTGG	1
13517	13518	2	GCGGCGGCGACGACGGTTTTTCTG	1
13518	6559	2	GGCGGCGGCGACGACGGTTTTTCT	1
6559	13520	2	CGGCGGCGGCGACGACGGTTTTTC	1
13520	13521	2	GCGGCGGCGGCGACGACGGTTTTT	1
13521	6562	2	AGCGGCGGCGGCGACGACGGTTTT	1
6562	13523	2	CAGCGGCGGCGGCGACGACGGTTT	1
13523	13524	2	GCAGCGGCGGCGGCGACGACGGTT	1
13524	13525	2	GGCAGCGGCGGCGGCGACGACGGT	1
13525	13526	2	TGGCAGCGGCGGCGGCGACGACGG	1
13526	13527	2	GTGGCAGCGGCGGCGGCGACGACG	1
13527	6568	2	GGTGGCAGCGGCGGCGGCGACGAC	1
6568	13529	1	CGGTGGCAGCGGCGGCGGCGACGA	1
13529	13530	1	TCGGTGGCAGCGGCGGCGGCGACG	1
13530	13531	1	GTCGGTGGCAGCGGCGGCGGCGAC	1
13531	13532	1	GGTCGGTGGCAGCGGCGGCGGCGA	1
13532	13533	1	CGGTCGGTGGCAGCGGCGGCGGCG	1
13533	13534	1	GCGGTCGGTGGCAGCGGCGGCGGC	1
13534	13535	1	GGCGGTCGGTGGCAGCGGCGGCGG	1
13535	13536	1	CGGCGGTCGGTGGCAGCGGCGGCG	1
13536	13537	1	GCGGCGGTCGGTGGCAGCGGCGGC	1
13537	13538	1	AGCGGCGGTCGGTGGCAGCGGCGG	1
13538	13539	1	AAGCGGCGGTCGGTGGCAGCGGCG	1
13539	13540	1	GAAGCGGCGGTCGGTGGCAGCGGC	1
13540	6581	1	CGAAGCGGCGGTCGGTGGCAGCGG	1
6581	6582	1	CCGAAGCGGCGGTCGGTGGCAGCG	1
6582	13543	1	CCCGAAGCGGCGGTCGGTGGCAGC	1
13543	6584	1	GCCCGAAGCGGCGGTCGGTGGCAG	1
6584	13545	1	CGCCCGAAGCGGCGGTCGGTGGCA	1
13545	13546	1	GCGCCCGAAGCGGCGGTCGGTGGC	1
13546	6587	1	TGCGCCCGAAGCGGCGGTCGGTGG	1
6587	13548	1	CTGCGCCCGAAGCGGCGGTCGGTG	1
13548	13549	1	GCTGCGCCCGAAGCGGCGGTCGGT	1
13549	13550	1	CGCTGCGCCCGAAGCGGCGGTCGG	1
13550	6591	1	GCGCTGCGCCCGAAGCGGCGGTCG	1
6591	13552	1	CGCGCTGCGCCCGAAGCGGCGGTC	1
13552	13553	1	GCGCGCTGCGCCCGAAGCGGCGGT	1
13553	6594	1	TGCGCGCTGCGCCCGAAGCGGCGG	1
6594	6595	1	CTGCGCGCTGCGCCCGAAGCGGCG	1
6595	13556	1	TCTGCGCGCTGCGCCCGAAGCGGC	1
13556	6597	1	CTCTGCGCGCTGCGCCCGAAGCGG	1
6597	6598	1	CCTCTGCGCGCTGCGCCCGAAGCG	1
6598	13559	1	GCCTCTGCGCGCTGCGCCCGAAGC	1
13559	13560	1	GGCCTCTGCGCGCTGCGCCCGAAG	1
13560	6601	1	AGGCCTCTGCGCGCTGCGCCCGAA	1
6601	13562	1	CAGGCCTCTGCGCGCTGCGCCCGA	1
13562	6603	1	TCAGGCCTCTGCGCGCTGCGCCCG	1
6603	6604	1	GTCAGGCCTCTGCGCGCTGCGCCC	1
6604	6605	1	AGTCAGGCCTCTGCGCGCTGCGCC	1
6605	13566	1	CAGTCAGGCCTCTGCGCGCTGCGC	1
13566	6607	1	GCAGTCAGGCCTCTGCGCGCTGCG	1
6607	13568	1	CGCAGTCAGGCCTCTGCGCGCTGC	1
13568	13569	1	ACGCAGTCAGGCCTCTGCGCGCTG	1
13569	6610	1	GACGCAGTCAGGCCTCTGCGCGCT	1
6610	13571	1	TGACGCAGTCAGGCCTCTGCGCGC	1
13571	6612	1	GTGACGCAGTCAGGCCTCTGCGCG	1
6612	13573	1	TGTGACGCAGTCAGGCCTCTGCGC	1
13573	6614	1	GTGTGACGCAGTCAGGCCTCTGCG	1
6614	13575	1	CGTGTGACGCAGTCAGGCCTCTGC	1
13575	13576	1	GCGTGTGACGCAGTCAGGCCTCTG	1
13576	6617	1	GGCGTGTGACGCAGTCAGGCCTCT	1
6617	-1	0	CGGCGTGTGACGCAGTCAGGCCTC	1
6852	2958	14	CCCAATCCAGTAGCTGTTAAATCG	1
6851	6852	14	CCAATCCAGTAGCTGTTAAATCGT	1
13810	6851	14	CAATCCAGTAGCTGTTAAATCGTG	1
13809	13810	14	AATCCAGTAGCTGTTAAATCGTGA	1
13808	13809	14	ATCCAGTAGCTGTTAAATCGTGAG	1
6847	13808	14	TCCAGTAGCTGTTAAATCGTGAGT	1
6846	6847	14	CCAGTAGCTGTTAAATCGTGAGTT	1
6845	6846	14	CAGTAGCTGTTAAATCGTGAGTTA	1
13804	6845	14	AGTAGCTGTTAAATCGTGAGTTAT	1
13803	13804	14	GTAGCTGTTAAATCGTGAGTTATG	1
6842	13803	12	TAGCTGTTAAATCGTGAGTTATGT	1
13801	6842	12	AGCTGTTAAATCGTGAGTTATGTT	1
13800	13801	12	GCTGTTAAATCGTGAGTTATGTTT	1
6839	13800	11	CTGTTAAATCGTGAGTTATGTTTA	1
6838	6839	11	TGTTAAATCGTGAGTTATGTTTAT	1
13797	6838	11	GTTAAATCGTGAGTTATGTTTATT	1
13796	13797	10	TTAAATCGTGAGTTATGTTTATTG	1
13795	13796	10	TAAATCGTGAGTTATGTTTATTGA	1
13794	13795	10	AAATCGTGAGTTATGTTTATTGAT	1
13793	13794	10	AATCGTGAGTTATGTTTATTGATG	1
6832	13793	10	ATCGTGAGTTATGTTTATTGATGC	1
6831	6832	11	TCGTGAGTTATGTTTATTGATGCT	1
6830	6831	11	CGTGAGTTATGTTTATTGATGCTT	1
13789	6830	11	GTGAGTTATGTTTATTGATGCTTT	1
13788	13789	11	TGAGTTATGTTTATTGATGCTTTG	1
13787	13788	11	GAGTTATGTTTATTGATGCTTTGG	1
13786	13787	11	AGTTATGTTTATTGATGCTTTGGG	1
13785	13786	11	GTTATGTTTATTGATGCTTTGGGG	1
13784	13785	6	TTATGTTTATTGATGCTTTGGGGG	1
13783	13784	6	TATGTTTATTGATGCTTTGGGGGA	1
13782	13783	6	ATGTTTATTGATGCTTTGGGGGAA	1
6821	13782	6	TGTTTATTGATGCTTTGGGGGAAT	1
13780	6821	7	GTTTATTGATGCTTTGGGGGAATG	1
6819	13780	7	TTTATTGATGCTTTGGGGGAATGT	1
6818	6819	8	TTATTGATGCTTTGGGGGAATGTC	1
6817	6818	8	TATTGATGCTTTGGGGGAATGTCC	1
13776	6817	7	ATTGATGCTTTGGGGGAATGTCCA	1
6815	13776	7	TTGATGCTTTGGGGGAATGTCCAC	1
13774	6815	7	TGATGCTTTGGGGGAATGTCCACA	1
13773	13774	7	GATGCTTTGGGGGAATGTCCACAT	1
6812	13773	7	ATGCTTTGGGGGAATGTCCACATT	1
13771	6812	7	TGCTTTGGGGGAATGTCCACATTA	1
13770	13771	7	GCTTTGGGGGAATGTCCACATTAT	1
6809	13770	7	CTTTGGGGGAATGTCCACATTATA	1
13768	6809	7	TTTGGGGGAATGTCCACATTATAG	1
6807	13768	7	TTGGGGGAATGTCCACATTATAGT	1
6806	6807	7	TGGGGGAATGTCCACATTATAGTT	1
13765	6806	7	GGGGGAATGTCCACATTATAGTTG	1
13764	13765	6	GGGGAATGTCCACATTATAGTTGG	1
13763	13764	6	GGGAATGTCCACATTATAGTTGGG	1
13762	13763	6	GGAATGTCCACATTATAGTTGGGG	1
13761	13762	5	GAATGTCCACATTATAGTTGGGGC	1
6800	13761	5	AATGTCCACATTATAGTTGGGGCT	1
13759	6800	5	ATGTCCACATTATAGTTGGGGCTG	1
6798	13759	5	TGTCCACATTATAGTTGGGGCTGT	1
13757	6798	5	GTCCACATTATAGTTGGGGCTGTT	1
6796	13757	4	TCCACATTATAGTTGGGGCTGTTC	1
6795	6796	4	CCACATTATAGTTGGGGCTGTTCT	1
6794	6795	5	CACATTATAGTTGGGGCTGTTCTG	1
6793	6794	5	ACATTATAGTTGGGGCTGTTCTGT	1
6792	6793	5	CATTATAGTTGGGGCTGTTCTGTT	1
13751	6792	5	ATTATAGTTGGGGCTGTTCTGTTA	1
6790	13751	5	TTATAGTTGGGGCTGTTCTGTTAT	1
6789	6790	5	TATAGTTGGGGCTGTTCTGTTATC	1
13748	6789	5	ATAGTTGGGGCTGTTCTGTTATCA	1
13747	13748	5	TAGTTGGGGCTGTTCTGTTATCAA	1
13746	13747	5	AGTTGGGGCTGTTCTGTTATCAAG	1
13745	13746	5	GTTGGGGCTGTTCTGTTATCAAGA	1
13744	13745	6	TTGGGGCTGTTCTGTTATCAAGAA	1
13743	13744	7	TGGGGCTGTTCTGTTATCAAGAAA	1
13742	13743	9	GGGGCTGTTCTGTTATCAAGAAAC	1
13741	13742	10	GGGCTGTTCTGTTATCAAGAAACC	1
6780	13741	11	GGCTGTTCTGTTATCAAGAAACCC	1
13739	6780	10	GCTGTTCTGTTATCAAGAAACCCA	1
6778	13739	10	CTGTTCTGTTATCAAGAAACCCAA	1
13737	6778	10	TGTTCTGTTATCAAGAAACCCAAG	1
13736	13737	10	GTTCTGTTATCAAGAAACCCAAGG	1
6775	13736	10	TTCTGTTATCAAGAAACCCAAGGT	1
6774	6775	10	TCTGTTATCAAGAAACCCAAGGTC	1
6773	6774	10	CTGTTATCAAGAAACCCAAGGTCA	1
13732	6773	10	TGTTATCAAGAAACCCAAGGTCAG	1
13731	13732	10	GTTATCAAGAAACCCAAGGTCAGC	1
6770	13731	10	TTATCAAGAAACCCAAGGTCAGCA	1
6769	6770	10	TATCAAGAAACCCAAGGTCAGCAC	1
6768	6769	9	ATCAAGAAACCCAAGGTCAGCACC	1
6767	6768	9	TCAAGAAACCCAAGGTCAGCACCC	1
6766	6767	8	CAAGAAACCCAAGGTCAGCACCCT	1
13725	6766	8	AAGAAACCCAAGGTCAGCACCCTG	1
6764	13725	8	AGAAACCCAAGGTCAGCACCCTGC	1
13723	6764	8	GAAACCCAAGGTCAGCACCCTGCT	1
6762	13723	8	AAACCCAAGGTCAGCACCCTGCTT	1
6761	6762	8	AACCCAAGGTCAGCACCCTGCTTT	1
6760	6761	8	ACCCAAGGTCAGCACCCTGCTTTT	1
6759	6760	8	CCCAAGGTCAGCACCCTGCTTTTT	1
6758	6759	8	CCAAGGTCAGCACCCTGCTTTTTG	1
6757	6758	9	CAAGGTCAGCACCCTGCTTTTTGA	1
13716	6757	9	AAGGTCAGCACCCTGCTTTTTGAT	1
6755	13716	8	AGGTCAGCACCCTGCTTTTTGATC	1
13714	6755	8	GGTCAGCACCCTGCTTTTTGATCT	1
6753	13714	9	GTCAGCACCCTGCTTTTTGATCTC	1
6752	6753	9	TCAGCACCCTGCTTTTTGATCTCT	1
6751	6752	9	CAGCACCCTGCTTTTTGATCTCTC	1
6750	6751	9	AGCACCCTGCTTTTTGATCTCTCT	1
13709	6750	9	GCACCCTGCTTTTTGATCTCTCTA	1
6748	13709	9	CACCCTGCTTTTTGATCTCTCTAT	1
13707	6748	9	ACCCTGCTTTTTGATCTCTCTATA	1
6746	13707	9	CCCTGCTTTTTGATCTCTCTATAT	1
6745	6746	9	CCTGCTTTTTGATCTCTCTATATA	1
6744	6745	9	CTGCTTTTTGATCTCTCTATATAA	1
13703	6744	9	TGCTTTTTGATCTCTCTATATAAA	1
13702	13703	8	GCTTTTTGATCTCTCTATATAAAT	1
6741	13702	8	CTTTTTGATCTCTCTATATAAATT	1
6740	6741	8	TTTTTGATCTCTCTATATAAATTT	1
6739	6740	8	TTTTGATCTCTCTATATAAATTTT	1
6738	6739	7	TTTGATCTCTCTATATAAATTTTT	1
6737	6738	7	TTGATCTCTCTATATAAATTTTTA	1
13696	6737	7	TGATCTCTCTATATAAATTTTTAA	1
13695	13696	7	GATCTCTCTATATAAATTTTTAAC	1
6734	13695	7	ATCTCTCTATATAAATTTTTAACC	1
6733	6734	7	TCTCTCTATATAAATTTTTAACCC	1
6732	6733	6	CTCTCTATATAAATTTTTAACCCA	1
6731	6732	5	TCTCTATATAAATTTTTAACCCAA	1
6730	6731	4	CTCTATATAAATTTTTAACCCAAG	1
6729	6730	3	TCTATATAAATTTTTAACCCAAGT	1
6728	6729	2	CTATATAAATTTTTAACCCAAGTA	1
6727	6728	2	TATATAAATTTTTAACCCAAGTAT	1
13686	6727	3	ATATAAATTTTTAACCCAAGTATA	1
13685	13686	6	TATAAATTTTTAACCCAAGTATAA	1
13684	13685	6	ATAAATTTTTAACCCAAGTATAAG	1
6723	13684	6	TAAATTTTTAACCCAAGTATAAGT	1
13682	6723	6	AAATTTTTAACCCAAGTATAAGTA	1
13681	13682	6	AATTTTTAACCCAAGTATAAGTAT	1
6720	13681	6	ATTTTTAACCCAAGTATAAGTATT	1
6719	6720	6	TTTTTAACCCAAGTATAAGTATTT	1
6718	6719	6	TTTTAACCCAAGTATAAGTATTTC	1
6717	6718	6	TTTAACCCAAGTATAAGTATTTCA	1
6716	6717	6	TTAACCCAAGTATAAGTATTTCAT	1
13675	6716	6	TAACCCAAGTATAAGTATTTCATA	1
13674	13675	6	AACCCAAGTATAAGTATTTCATAT	1
13673	13674	6	ACCCAAGTATAAGTATTTCATATG	1
6712	13673	6	CCCAAGTATAAGTATTTCATATGT	1
6711	6712	6	CCAAGTATAAGTATTTCATATGTT	1
6710	6711	6	CAAGTATAAGTATTTCATATGTTA	1
13669	6710	7	AAGTATAAGTATTTCATATGTTAT	1
13668	13669	7	AGTATAAGTATTTCATATGTTATG	1
13667	13668	7	GTATAAGTATTTCATATGTTATGT	1
13666	13667	8	TATAAGTATTTCATATGTTATGTA	1
6705	13666	7	ATAAGTATTTCATATGTTATGTAC	1
6704	6705	7	TAAGTATTTCATATGTTATGTACA	1
13663	6704	7	AAGTATTTCATATGTTATGTACAT	1
13662	13663	7	AGTATTTCATATGTTATGTACATA	1
13661	13662	6	GTATTTCATATGTTATGTACATAG	1
6700	13661	6	TATTTCATATGTTATGTACATAGT	1
13659	6700	6	ATTTCATATGTTATGTACATAGTA	1
6698	13659	6	TTTCATATGTTATGTACATAGTAT	1
6697	6698	6	TTCATATGTTATGTACATAGTATC	1
6696	6697	6	TCATATGTTATGTACATAGTATCA	1
6695	6696	6	CATATGTTATGTACATAGTATCAT	1
13654	6695	6	ATATGTTATGTACATAGTATCATA	1
6693	13654	6	TATGTTATGTACATAGTATCATAT	1
13652	6693	6	ATGTTATGTACATAGTATCATATA	1
6691	13652	6	TGTTATGTACATAGTATCATATAT	1
13650	6691	6	GTTATGTACATAGTATCATATATG	1
6689	13650	5	TTATGTACATAGTATCATATATGT	1
6688	6689	5	TATGTACATAGTATCATATATGTT	1
6687	6688	5	ATGTACATAGTATCATATATGTTC	1
6686	6687	5	TGTACATAGTATCATATATGTTCC	1
13645	6686	5	GTACATAGTATCATATATGTTCCT	1
6684	13645	5	TACATAGTATCATATATGTTCCTA	1
6683	6684	5	ACATAGTATCATATATGTTCCTAT	1
6682	6683	5	CATAGTATCATATATGTTCCTATG	1
13641	6682	5	ATAGTATCATATATGTTCCTATGT	1
13640	13641	5	TAGTATCATATATGTTCCTATGTA	1
13639	13640	5	AGTATCATATATGTTCCTATGTAG	1
13638	13639	5	GTATCATATATGTTCCTATGTAGT	1
6677	13638	8	TATCATATATGTTCCTATGTAGTC	1
6676	6677	9	ATCATATATGTTCCTATGTAGTCC	1
6675	6676	10	TCATATATGTTCCTATGTAGTCCC	1
6674	6675	9	CATATATGTTCCTATGTAGTCCCT	1
13633	6674	7	ATATATGTTCCTATGTAGTCCCTA	1
6672	13633	7	TATATGTTCCTATGTAGTCCCTAC	1
13631	6672	7	ATATGTTCCTATGTAGTCCCTACA	1
13630	13631	7	TATGTTCCTATGTAGTCCCTACAA	1
13629	13630	7	ATGTTCCTATGTAGTCCCTACAAT	1
6668	13629	7	TGTTCCTATGTAGTCCCTACAATT	1
13627	6668	7	GTTCCTATGTAGTCCCTACAATTA	1
6666	13627	7	TTCCTATGTAGTCCCTACAATTAA	1
13625	6666	7	TCCTATGTAGTCCCTACAATTAAG	1
6664	13625	7	CCTATGTAGTCCCTACAATTAAGT	1
6663	6664	7	CTATGTAGTCCCTACAATTAAGTC	1
6662	6663	7	TATGTAGTCCCTACAATTAAGTCC	1
6661	6662	6	ATGTAGTCCCTACAATTAAGTCCT	1
6660	6661	6	TGTAGTCCCTACAATTAAGTCCTC	1
13619	6660	6	GTAGTCCCTACAATTAAGTCCTCT	1
13618	13619	6	TAGTCCCTACAATTAAGTCCTCTG	1
13617	13618	6	AGTCCCTACAATTAAGTCCTCTGG	1
13616	13617	6	GTCCCTACAATTAAGTCCTCTGGT	1
6655	13616	6	TCCCTACAATTAAGTCCTCTGGTA	1
6654	6655	6	CCCTACAATTAAGTCCTCTGGTAA	1
6653	6654	6	CCTACAATTAAGTCCTCTGGTAAT	1
6652	6653	6	CTACAATTAAGTCCTCTGGTAATT	1
6651	6652	6	TACAATTAAGTCCTCTGGTAATTA	1
6650	6651	6	ACAATTAAGTCCTCTGGTAATTAT	1
6649	6650	6	CAATTAAGTCCTCTGGTAATTATC	1
13608	6649	6	AATTAAGTCCTCTGGTAATTATCA	1
6647	13608	6	ATTAAGTCCTCTGGTAATTATCAT	1
6646	6647	6	TTAAGTCCTCTGGTAATTATCATA	1
6645	6646	6	TAAGTCCTCTGGTAATTATCATAC	1
13604	6645	6	AAGTCCTCTGGTAATTATCATACA	1
13603	13604	6	AGTCCTCTGGTAATTATCATACAA	1
13602	13603	6	GTCCTCTGGTAATTATCATACAAA	1
6641	13602	6	TCCTCTGGTAATTATCATACAAAA	1
6640	6641	6	CCTCTGGTAATTATCATACAAAAT	1
6639	6640	6	CTCTGGTAATTATCATACAAAATG	1
6638	6639	6	TCTGGTAATTATCATACAAAATGT	1
6637	6638	6	CTGGTAATTATCATACAAAATGTA	1
6636	6637	6	TGGTAATTATCATACAAAATGTAT	1
13595	6636	6	GGTAATTATCATACAAAATGTATT	1
13594	13595	6	GTAATTATCATACAAAATGTATTG	1
6633	13594	6	TAATTATCATACAAAATGTATTGC	1
13592	6633	6	AATTATCATACAAAATGTATTGCA	1
6631	13592	6	ATTATCATACAAAATGTATTGCAT	1
6630	6631	6	TTATCATACAAAATGTATTGCATT	1
6629	6630	6	TATCATACAAAATGTATTGCATTT	1
13588	6629	6	ATCATACAAAATGTATTGCATTTA	1
6627	13588	6	TCATACAAAATGTATTGCATTTAC	1
6626	6627	6	CATACAAAATGTATTGCATTTACA	1
6625	6626	3	ATACAAAATGTATTGCATTTACAC	1
6624	6625	2	TACAAAATGTATTGCATTTACACC	1
13583	6624	1	ACAAAATGTATTGCATTTACACCA	1
6622	13583	1	CAAAATGTATTGCATTTACACCAA	1
13581	6622	1	AAAATGTATTGCATTTACACCAAA	1
13580	13581	1	AAATGTATTGCATTTACACCAAAT	1
13579	13580	1	AATGTATTGCATTTACACCAAATA	1
13578	13579	1	ATGTATTGCATTTACACCAAATAA	1
13920	12252	10	ACAACCAGTGGCGGGCTCTTCGGT	1
13849	13850	7	TGGGTTTGGCACAAATAACAGTGG	1
13850	6891	7	TTGGGTTTGGCACAAATAACAGTG	1
13848	12230	1	GGTTTGGCACAAATAACAGTGGGG	1
13847	13848	1	GTTTGGCACAAATAACAGTGGGGG	1
6891	13852	8	TTTGGGTTTGGCACAAATAACAGT	1
6886	13847	1	TTTGGCACAAATAACAGTGGGGGC	1
13852	13853	8	TTTTGGGTTTGGCACAAATAACAG	1
6885	6886	1	TTGGCACAAATAACAGTGGGGGCA	1
13844	6885	2	TGGCACAAATAACAGTGGGGGCAG	1
13853	6894	8	ATTTTGGGTTTGGCACAAATAACA	1
13843	13844	1	GGCACAAATAACAGTGGGGGCAGG	1
13842	13843	1	GCACAAATAACAGTGGGGGCAGGA	1
6894	6895	8	AATTTTGGGTTTGGCACAAATAAC	1
6881	13842	1	CACAAATAACAGTGGGGGCAGGAT	1
6880	6881	1	ACAAATAACAGTGGGGGCAGGATT	1
6895	6896	8	CAATTTTGGGTTTGGCACAAATAA	1
6879	6880	1	CAAATAACAGTGGGGGCAGGATTT	1
6878	6879	1	AAATAACAGTGGGGGCAGGATTTT	1
6896	6897	8	CCAATTTTGGGTTTGGCACAAATA	1
6877	6878	1	AATAACAGTGGGGGCAGGATTTTT	1
13836	6877	1	ATAACAGTGGGGGCAGGATTTTTG	1
6897	6898	8	TCCAATTTTGGGTTTGGCACAAAT	1
13835	13836	1	TAACAGTGGGGGCAGGATTTTTGG	1
13834	13835	1	AACAGTGGGGGCAGGATTTTTGGA	1
6898	6899	8	TTCCAATTTTGGGTTTGGCACAAA	1
13833	13834	1	ACAGTGGGGGCAGGATTTTTGGAA	1
13832	13833	1	CAGTGGGGGCAGGATTTTTGGAAG	1
6899	13860	8	CTTCCAATTTTGGGTTTGGCACAA	1
13831	13832	1	AGTGGGGGCAGGATTTTTGGAAGT	1
13830	13831	1	GTGGGGGCAGGATTTTTGGAAGTA	1
13860	6901	8	ACTTCCAATTTTGGGTTTGGCACA	1
13829	13830	1	TGGGGGCAGGATTTTTGGAAGTAA	1
13828	13829	1	GGGGGCAGGATTTTTGGAAGTAAG	1
6901	13862	8	CACTTCCAATTTTGGGTTTGGCAC	1
13827	13828	1	GGGGCAGGATTTTTGGAAGTAAGC	1
13826	13827	1	GGGCAGGATTTTTGGAAGTAAGCC	1
13862	6903	8	ACACTTCCAATTTTGGGTTTGGCA	1
13825	13826	1	GGCAGGATTTTTGGAAGTAAGCCA	1
13824	13825	1	GCAGGATTTTTGGAAGTAAGCCAG	1
6903	13864	8	AACACTTCCAATTTTGGGTTTGGC	1
6863	13824	2	CAGGATTTTTGGAAGTAAGCCAGC	1
6862	6863	1	AGGATTTTTGGAAGTAAGCCAGCC	1
13864	13865	8	AAACACTTCCAATTTTGGGTTTGG	1
13821	6862	1	GGATTTTTGGAAGTAAGCCAGCCG	1
13820	13821	1	GATTTTTGGAAGTAAGCCAGCCGC	1
13865	6906	8	CAAACACTTCCAATTTTGGGTTTG	1
6859	13820	1	ATTTTTGGAAGTAAGCCAGCCGCT	1
13818	6859	1	TTTTTGGAAGTAAGCCAGCCGCTG	1
6906	6907	8	ACAAACACTTCCAATTTTGGGTTT	1
13817	13818	1	TTTTGGAAGTAAGCCAGCCGCTGG	1
13816	13817	1	TTTGGAAGTAAGCCAGCCGCTGGA	1
6907	13868	8	TACAAACACTTCCAATTTTGGGTT	1
13815	13816	1	TTGGAAGTAAGCCAGCCGCTGGAA	1
13814	13815	1	TGGAAGTAAGCCAGCCGCTGGAAA	1
13868	13869	7	ATACAAACACTTCCAATTTTGGGT	1
13813	13814	1	GGAAGTAAGCCAGCCGCTGGAAAT	1
6959	13920	10	CAACCAGTGGCGGGCTCTTCGGTA	1
13869	13870	7	AATACAAACACTTCCAATTTTGGG	1
13870	6911	7	CAATACAAACACTTCCAATTTTGG	1
13918	6959	10	AACCAGTGGCGGGCTCTTCGGTAA	1
6911	6912	7	CCAATACAAACACTTCCAATTTTG	1
6957	13918	9	ACCAGTGGCGGGCTCTTCGGTAAC	1
6912	6913	7	ACCAATACAAACACTTCCAATTTT	1
6956	6957	9	CCAGTGGCGGGCTCTTCGGTAACA	1
6955	6956	9	CAGTGGCGGGCTCTTCGGTAACAA	1
6913	13874	7	AACCAATACAAACACTTCCAATTT	1
13914	6955	9	AGTGGCGGGCTCTTCGGTAACAAA	1
13874	13875	7	GAACCAATACAAACACTTCCAATT	1
13913	13914	9	GTGGCGGGCTCTTCGGTAACAAAC	1
6952	13913	9	TGGCGGGCTCTTCGGTAACAAACC	1
13875	13876	7	GGAACCAATACAAACACTTCCAAT	1
13911	6952	9	GGCGGGCTCTTCGGTAACAAACCA	1
13876	6917	7	AGGAACCAATACAAACACTTCCAA	1
13910	13911	9	GCGGGCTCTTCGGTAACAAACCAA	1
6949	13910	9	CGGGCTCTTCGGTAACAAACCAAC	1
6917	6918	7	TAGGAACCAATACAAACACTTCCA	1
13908	6949	9	GGGCTCTTCGGTAACAAACCAACC	1
6918	6919	7	TTAGGAACCAATACAAACACTTCC	1
6947	13908	9	GGCTCTTCGGTAACAAACCAACCC	1
13906	6947	8	GCTCTTCGGTAACAAACCAACCCT	1
6919	6920	7	TTTAGGAACCAATACAAACACTTC	1
6945	13906	7	CTCTTCGGTAACAAACCAACCCTG	1
6920	6921	7	CTTTAGGAACCAATACAAACACTT	1
6944	6945	7	TCTTCGGTAACAAACCAACCCTGA	1
6943	6944	7	CTTCGGTAACAAACCAACCCTGAC	1
6921	13882	7	ACTTTAGGAACCAATACAAACACT	1
6942	6943	7	TTCGGTAACAAACCAACCCTGACT	1
13882	13883	7	GACTTTAGGAACCAATACAAACAC	1
6941	6942	7	TCGGTAACAAACCAACCCTGACTT	1
6940	6941	8	CGGTAACAAACCAACCCTGACTTT	1
13883	6924	7	TGACTTTAGGAACCAATACAAACA	1
13899	6940	10	GGTAACAAACCAACCCTGACTTTA	1
6924	6925	7	CTGACTTTAGGAACCAATACAAAC	1
13898	13899	10	GTAACAAACCAACCCTGACTTTAG	1
13897	13898	10	TAACAAACCAACCCTGACTTTAGG	1
6925	6926	7	CCTGACTTTAGGAACCAATACAAA	1
13896	13897	10	AACAAACCAACCCTGACTTTAGGA	1
6926	13887	7	CCCTGACTTTAGGAACCAATACAA	1
13895	13896	11	ACAAACCAACCCTGACTTTAGGAA	1
6934	13895	10	CAAACCAACCCTGACTTTAGGAAC	1
13887	6928	7	ACCCTGACTTTAGGAACCAATACA	1
6933	6934	10	AAACCAACCCTGACTTTAGGAACC	1
6928	6929	7	AACCCTGACTTTAGGAACCAATAC	1
13892	6933	10	AACCAACCCTGACTTTAGGAACCA	1
13891	13892	8	ACCAACCCTGACTTTAGGAACCAA	1
6929	6930	7	CAACCCTGACTTTAGGAACCAATA	1
6930	13891	7	CCAACCCTGACTTTAGGAACCAAT	1
6618	-1	0	TTATTTGGTGTAAATGCAATACAT	1
6853	-1	0	ATTTCCAGCGGCTGGCTTACTTCC	1
