Component 1
3674	3673	1	AGTTGCCTGGGGGCCTCCAGCTCC	1
3673	7439	1	TAGTTGCCTGGGGGCCTCCAGCTC	1
7439	3671	1	GTAGTTGCCTGGGGGCCTCCAGCT	1
3671	7437	1	TGTAGTTGCCTGGGGGCCTCCAGC	1
7437	7436	1	GTGTAGTTGCCTGGGGGCCTCCAG	1
7436	3668	1	GGTGTAGTTGCCTGGGGGCCTCCA	1
3668	3667	1	CGGTGTAGTTGCCTGGGGGCCTCC	1
3667	7433	1	ACGGTGTAGTTGCCTGGGGGCCTC	1
7433	7432	1	GACGGTGTAGTTGCCTGGGGGCCT	1
7432	3664	1	GGACGGTGTAGTTGCCTGGGGGCC	1
3664	7430	1	TGGACGGTGTAGTTGCCTGGGGGC	1
7430	7429	1	GTGGACGGTGTAGTTGCCTGGGGG	1
7429	7428	1	CGTGGACGGTGTAGTTGCCTGGGG	1
7428	7427	1	ACGTGGACGGTGTAGTTGCCTGGG	1
7427	7426	1	TACGTGGACGGTGTAGTTGCCTGG	1
7426	7425	1	GTACGTGGACGGTGTAGTTGCCTG	1
7425	7424	1	GGTACGTGGACGGTGTAGTTGCCT	1
7424	3656	1	GGGTACGTGGACGGTGTAGTTGCC	1
3656	3655	1	TGGGTACGTGGACGGTGTAGTTGC	1
3655	3654	1	CTGGGTACGTGGACGGTGTAGTTG	1
3654	3653	1	TCTGGGTACGTGGACGGTGTAGTT	1
3653	3652	1	CTCTGGGTACGTGGACGGTGTAGT	1
3652	3651	1	CCTCTGGGTACGTGGACGGTGTAG	1
3651	3650	1	CCCTCTGGGTACGTGGACGGTGTA	1
3650	7416	1	CCCCTCTGGGTACGTGGACGGTGT	1
7416	7415	1	GCCCCTCTGGGTACGTGGACGGTG	1
7415	7414	1	AGCCCCTCTGGGTACGTGGACGGT	1
7414	3646	1	CAGCCCCTCTGGGTACGTGGACGG	1
3646	3645	1	CCAGCCCCTCTGGGTACGTGGACG	1
3645	7411	1	CCCAGCCCCTCTGGGTACGTGGAC	1
7411	7410	1	GCCCAGCCCCTCTGGGTACGTGGA	1
7410	7409	1	GGCCCAGCCCCTCTGGGTACGTGG	1
7409	7408	1	GGGCCCAGCCCCTCTGGGTACGTG	1
7408	7407	1	AGGGCCCAGCCCCTCTGGGTACGT	1
7407	7406	1	GAGGGCCCAGCCCCTCTGGGTACG	1
7406	7405	1	GGAGGGCCCAGCCCCTCTGGGTAC	1
7405	3637	1	GGGAGGGCCCAGCCCCTCTGGGTA	1
3637	7403	1	TGGGAGGGCCCAGCCCCTCTGGGT	1
7403	7402	1	GTGGGAGGGCCCAGCCCCTCTGGG	1
7402	7401	1	GGTGGGAGGGCCCAGCCCCTCTGG	1
7401	3633	1	TGGTGGGAGGGCCCAGCCCCTCTG	1
3633	3632	1	CTGGTGGGAGGGCCCAGCCCCTCT	1
3632	3631	1	TCTGGTGGGAGGGCCCAGCCCCTC	1
3631	3630	1	CTCTGGTGGGAGGGCCCAGCCCCT	1
3630	3629	1	TCTCTGGTGGGAGGGCCCAGCCCC	1
3629	7395	1	GTCTCTGGTGGGAGGGCCCAGCCC	1
7395	3627	1	GGTCTCTGGTGGGAGGGCCCAGCC	1
3627	7393	1	TGGTCTCTGGTGGGAGGGCCCAGC	1
7393	3625	1	GTGGTCTCTGGTGGGAGGGCCCAG	1
3625	3624	1	CGTGGTCTCTGGTGGGAGGGCCCA	1
3624	7390	2	GCGTGGTCTCTGGTGGGAGGGCCC	1
7390	7389	2	GGCGTGGTCTCTGGTGGGAGGGCC	1
7389	7388	1	GGGCGTGGTCTCTGGTGGGAGGGC	1
7388	7387	1	AGGGCGTGGTCTCTGGTGGGAGGG	1
7387	3619	1	CAGGGCGTGGTCTCTGGTGGGAGG	1
3619	7385	1	CCAGGGCGTGGTCTCTGGTGGGAG	1
7385	7384	1	ACCAGGGCGTGGTCTCTGGTGGGA	1
7384	7383	1	CACCAGGGCGTGGTCTCTGGTGGG	1
7383	7382	1	ACACCAGGGCGTGGTCTCTGGTGG	1
7382	7381	1	CACACCAGGGCGTGGTCTCTGGTG	1
7381	7380	1	GCACACCAGGGCGTGGTCTCTGGT	1
7380	7379	1	GGCACACCAGGGCGTGGTCTCTGG	1
7379	3611	1	AGGCACACCAGGGCGTGGTCTCTG	1
3611	3610	1	AAGGCACACCAGGGCGTGGTCTCT	1
3610	3609	1	TAAGGCACACCAGGGCGTGGTCTC	1
3609	3608	1	CTAAGGCACACCAGGGCGTGGTCT	1
3608	3607	1	CCTAAGGCACACCAGGGCGTGGTC	1
3607	3606	1	CCCTAAGGCACACCAGGGCGTGGT	1
3606	7372	1	CCCCTAAGGCACACCAGGGCGTGG	1
7372	7371	1	GCCCCTAAGGCACACCAGGGCGTG	1
7371	7370	1	GGCCCCTAAGGCACACCAGGGCGT	1
7370	3602	3	GGGCCCCTAAGGCACACCAGGGCG	1
3602	7368	3	AGGGCCCCTAAGGCACACCAGGGC	1
7368	7367	3	CAGGGCCCCTAAGGCACACCAGGG	1
7367	7366	3	CCAGGGCCCCTAAGGCACACCAGG	1
7366	7365	3	ACCAGGGCCCCTAAGGCACACCAG	1
7365	3597	3	AACCAGGGCCCCTAAGGCACACCA	1
3597	3596	3	AAACCAGGGCCCCTAAGGCACACC	1
3596	7362	3	CAAACCAGGGCCCCTAAGGCACAC	1
7362	3594	3	ACAAACCAGGGCCCCTAAGGCACA	1
3594	3593	5	AACAAACCAGGGCCCCTAAGGCAC	1
3593	3592	5	TAACAAACCAGGGCCCCTAAGGCA	1
3592	7358	7	CTAACAAACCAGGGCCCCTAAGGC	1
7358	7357	7	ACTAACAAACCAGGGCCCCTAAGG	1
7357	7356	7	GACTAACAAACCAGGGCCCCTAAG	1
7356	7355	8	AGACTAACAAACCAGGGCCCCTAA	1
7355	3587	8	GAGACTAACAAACCAGGGCCCCTA	1
3587	3586	8	AGAGACTAACAAACCAGGGCCCCT	1
3586	3585	9	CAGAGACTAACAAACCAGGGCCCC	1
3585	3584	9	TCAGAGACTAACAAACCAGGGCCC	1
3584	3583	9	CTCAGAGACTAACAAACCAGGGCC	1
3583	7349	9	ACTCAGAGACTAACAAACCAGGGC	1
7349	7348	9	CACTCAGAGACTAACAAACCAGGG	1
7348	7347	9	ACACTCAGAGACTAACAAACCAGG	1
7347	7346	9	CACACTCAGAGACTAACAAACCAG	1
7346	3578	9	GCACACTCAGAGACTAACAAACCA	1
3578	3577	10	TGCACACTCAGAGACTAACAAACC	1
3577	7343	12	CTGCACACTCAGAGACTAACAAAC	1
7343	7342	13	ACTGCACACTCAGAGACTAACAAA	1
7342	3574	13	AACTGCACACTCAGAGACTAACAA	1
3574	3573	13	CAACTGCACACTCAGAGACTAACA	1
3573	7339	13	GCAACTGCACACTCAGAGACTAAC	1
7339	3571	12	AGCAACTGCACACTCAGAGACTAA	1
3571	7337	12	CAGCAACTGCACACTCAGAGACTA	1
7337	3569	12	GCAGCAACTGCACACTCAGAGACT	1
3569	7335	13	TGCAGCAACTGCACACTCAGAGAC	1
7335	7334	13	GTGCAGCAACTGCACACTCAGAGA	1
7334	7333	15	TGTGCAGCAACTGCACACTCAGAG	1
7333	7332	15	ATGTGCAGCAACTGCACACTCAGA	1
7332	3564	15	CATGTGCAGCAACTGCACACTCAG	1
3564	3563	15	CCATGTGCAGCAACTGCACACTCA	1
3563	3562	15	CCCATGTGCAGCAACTGCACACTC	1
3562	3561	15	CCCCATGTGCAGCAACTGCACACT	1
3561	7327	15	GCCCCATGTGCAGCAACTGCACAC	1
7327	7326	15	GGCCCCATGTGCAGCAACTGCACA	1
7326	7325	15	GGGCCCCATGTGCAGCAACTGCAC	1
7325	3557	15	AGGGCCCCATGTGCAGCAACTGCA	1
3557	3556	19	CAGGGCCCCATGTGCAGCAACTGC	1
3556	7322	21	CCAGGGCCCCATGTGCAGCAACTG	1
7322	3554	25	GCCAGGGCCCCATGTGCAGCAACT	1
3554	7320	37	CGCCAGGGCCCCATGTGCAGCAAC	1
7320	7319	40	GCGCCAGGGCCCCATGTGCAGCAA	1
7319	3551	41	AGCGCCAGGGCCCCATGTGCAGCA	1
3551	7317	40	AAGCGCCAGGGCCCCATGTGCAGC	1
7317	7316	41	CAAGCGCCAGGGCCCCATGTGCAG	1
7316	3548	41	GCAAGCGCCAGGGCCCCATGTGCA	1
3548	7314	42	AGCAAGCGCCAGGGCCCCATGTGC	1
7314	7313	43	CAGCAAGCGCCAGGGCCCCATGTG	1
7313	7312	43	GCAGCAAGCGCCAGGGCCCCATGT	1
7312	7311	45	TGCAGCAAGCGCCAGGGCCCCATG	1
7311	7310	46	GTGCAGCAAGCGCCAGGGCCCCAT	1
7310	3542	46	GGTGCAGCAAGCGCCAGGGCCCCA	1
3542	3541	43	TGGTGCAGCAAGCGCCAGGGCCCC	1
3541	3540	44	TTGGTGCAGCAAGCGCCAGGGCCC	1
3540	3539	43	GTTGGTGCAGCAAGCGCCAGGGCC	1
3539	7305	43	AGTTGGTGCAGCAAGCGCCAGGGC	1
7305	7304	43	AAGTTGGTGCAGCAAGCGCCAGGG	1
7304	7303	43	GAAGTTGGTGCAGCAAGCGCCAGG	1
7303	7302	54	GGAAGTTGGTGCAGCAAGCGCCAG	1
7302	3534	60	AGGAAGTTGGTGCAGCAAGCGCCA	1
3534	3533	77	CAGGAAGTTGGTGCAGCAAGCGCC	1
3533	7299	77	ACAGGAAGTTGGTGCAGCAAGCGC	1
7299	3531	80	AACAGGAAGTTGGTGCAGCAAGCG	1
3531	3530	83	CAACAGGAAGTTGGTGCAGCAAGC	1
3530	3529	83	CCAACAGGAAGTTGGTGCAGCAAG	1
3529	7295	83	CCCAACAGGAAGTTGGTGCAGCAA	1
7295	7294	84	GCCCAACAGGAAGTTGGTGCAGCA	1
7294	7293	88	GGCCCAACAGGAAGTTGGTGCAGC	1
7293	3525	88	GGGCCCAACAGGAAGTTGGTGCAG	1
3525	3524	86	CGGGCCCAACAGGAAGTTGGTGCA	1
3524	7290	85	ACGGGCCCAACAGGAAGTTGGTGC	1
7290	3522	86	CACGGGCCCAACAGGAAGTTGGTG	1
3522	7288	85	CCACGGGCCCAACAGGAAGTTGGT	1
7288	7287	86	ACCACGGGCCCAACAGGAAGTTGG	1
7287	7286	90	GACCACGGGCCCAACAGGAAGTTG	1
7286	7285	93	GGACCACGGGCCCAACAGGAAGTT	1
7285	7284	93	AGGACCACGGGCCCAACAGGAAGT	1
7284	3516	92	AAGGACCACGGGCCCAACAGGAAG	1
3516	3515	90	CAAGGACCACGGGCCCAACAGGAA	1
3515	7281	87	CCAAGGACCACGGGCCCAACAGGA	1
7281	3513	87	TCCAAGGACCACGGGCCCAACAGG	1
3513	3512	87	CTCCAAGGACCACGGGCCCAACAG	1
3512	3511	86	CCTCCAAGGACCACGGGCCCAACA	1
3511	7277	87	GCCTCCAAGGACCACGGGCCCAAC	1
7277	7276	87	TGCCTCCAAGGACCACGGGCCCAA	1
7276	3508	87	ATGCCTCCAAGGACCACGGGCCCA	1
3508	3507	87	CATGCCTCCAAGGACCACGGGCCC	1
3507	3506	86	GCATGCCTCCAAGGACCACGGGCC	1
3506	7272	88	TGCATGCCTCCAAGGACCACGGGC	1
7272	7271	90	CTGCATGCCTCCAAGGACCACGGG	1
7271	7270	91	ACTGCATGCCTCCAAGGACCACGG	1
7270	7269	102	AACTGCATGCCTCCAAGGACCACG	1
7269	3501	100	GAACTGCATGCCTCCAAGGACCAC	1
3501	3500	97	TGAACTGCATGCCTCCAAGGACCA	1
3500	3499	100	CTGAACTGCATGCCTCCAAGGACC	1
3499	7265	102	GCTGAACTGCATGCCTCCAAGGAC	1
7265	7264	101	TGCTGAACTGCATGCCTCCAAGGA	1
7264	7263	101	CTGCTGAACTGCATGCCTCCAAGG	1
7263	7262	103	TCTGCTGAACTGCATGCCTCCAAG	1
7262	3494	103	GTCTGCTGAACTGCATGCCTCCAA	1
3494	3493	105	TGTCTGCTGAACTGCATGCCTCCA	1
3493	3492	103	CTGTCTGCTGAACTGCATGCCTCC	1
3492	3491	102	ACTGTCTGCTGAACTGCATGCCTC	1
3491	3490	103	CACTGTCTGCTGAACTGCATGCCT	1
3490	7256	105	TCACTGTCTGCTGAACTGCATGCC	1
7256	7255	105	GTCACTGTCTGCTGAACTGCATGC	1
7255	7254	105	AGTCACTGTCTGCTGAACTGCATG	1
7254	7253	107	GAGTCACTGTCTGCTGAACTGCAT	1
7253	3485	110	TGAGTCACTGTCTGCTGAACTGCA	1
3485	7251	120	CTGAGTCACTGTCTGCTGAACTGC	1
7251	7250	111	GCTGAGTCACTGTCTGCTGAACTG	1
7250	3482	107	GGCTGAGTCACTGTCTGCTGAACT	1
3482	7248	90	TGGCTGAGTCACTGTCTGCTGAAC	1
7248	7247	90	ATGGCTGAGTCACTGTCTGCTGAA	1
7247	7246	88	GATGGCTGAGTCACTGTCTGCTGA	1
7246	3478	85	GGATGGCTGAGTCACTGTCTGCTG	1
3478	7244	86	TGGATGGCTGAGTCACTGTCTGCT	1
7244	7243	91	GTGGATGGCTGAGTCACTGTCTGC	1
7243	7242	92	GGTGGATGGCTGAGTCACTGTCTG	1
7242	3474	89	GGGTGGATGGCTGAGTCACTGTCT	1
3474	3473	88	TGGGTGGATGGCTGAGTCACTGTC	1
3473	7239	88	TTGGGTGGATGGCTGAGTCACTGT	1
7239	3471	88	GTTGGGTGGATGGCTGAGTCACTG	1
3471	3470	87	TGTTGGGTGGATGGCTGAGTCACT	1
3470	3469	87	ATGTTGGGTGGATGGCTGAGTCAC	1
3469	3468	88	CATGTTGGGTGGATGGCTGAGTCA	1
3468	3467	88	GCATGTTGGGTGGATGGCTGAGTC	1
3467	3466	85	CGCATGTTGGGTGGATGGCTGAGT	1
3466	3465	87	CCGCATGTTGGGTGGATGGCTGAG	1
3465	7231	86	TCCGCATGTTGGGTGGATGGCTGA	1
7231	7230	94	TTCCGCATGTTGGGTGGATGGCTG	1
7230	3462	94	GTTCCGCATGTTGGGTGGATGGCT	1
3462	7228	93	CGTTCCGCATGTTGGGTGGATGGC	1
7228	3460	93	ACGTTCCGCATGTTGGGTGGATGG	1
3460	3459	94	CACGTTCCGCATGTTGGGTGGATG	1
3459	7225	94	ACACGTTCCGCATGTTGGGTGGAT	1
7225	7224	96	GACACGTTCCGCATGTTGGGTGGA	1
7224	7223	97	AGACACGTTCCGCATGTTGGGTGG	1
7223	7222	97	GAGACACGTTCCGCATGTTGGGTG	1
7222	7221	133	AGAGACACGTTCCGCATGTTGGGT	1
7221	7220	143	AAGAGACACGTTCCGCATGTTGGG	1
7220	7219	159	GAAGAGACACGTTCCGCATGTTGG	1
7219	3451	169	AGAAGAGACACGTTCCGCATGTTG	1
3451	7217	160	CAGAAGAGACACGTTCCGCATGTT	1
7217	7216	156	GCAGAAGAGACACGTTCCGCATGT	1
7216	3448	159	TGCAGAAGAGACACGTTCCGCATG	1
3448	3447	160	CTGCAGAAGAGACACGTTCCGCAT	1
3447	3446	165	CCTGCAGAAGAGACACGTTCCGCA	1
3446	7212	178	ACCTGCAGAAGAGACACGTTCCGC	1
7212	3444	178	GACCTGCAGAAGAGACACGTTCCG	1
3444	7210	181	GGACCTGCAGAAGAGACACGTTCC	1
7210	3442	181	GGGACCTGCAGAAGAGACACGTTC	1
3442	3441	180	CGGGACCTGCAGAAGAGACACGTT	1
3441	7207	181	CCGGGACCTGCAGAAGAGACACGT	1
7207	7206	182	ACCGGGACCTGCAGAAGAGACACG	1
7206	7205	182	GACCGGGACCTGCAGAAGAGACAC	1
7205	3437	180	GGACCGGGACCTGCAGAAGAGACA	1
3437	7203	181	TGGACCGGGACCTGCAGAAGAGAC	1
7203	7202	181	GTGGACCGGGACCTGCAGAAGAGA	1
7202	3434	183	TGTGGACCGGGACCTGCAGAAGAG	1
3434	7200	181	CTGTGGACCGGGACCTGCAGAAGA	1
7200	7199	174	GCTGTGGACCGGGACCTGCAGAAG	1
7199	3431	176	TGCTGTGGACCGGGACCTGCAGAA	1
3431	3430	176	CTGCTGTGGACCGGGACCTGCAGA	1
3430	3429	176	CCTGCTGTGGACCGGGACCTGCAG	1
3429	3428	178	TCCTGCTGTGGACCGGGACCTGCA	1
3428	7194	178	ATCCTGCTGTGGACCGGGACCTGC	1
7194	7193	176	AATCCTGCTGTGGACCGGGACCTG	1
7193	7192	177	GAATCCTGCTGTGGACCGGGACCT	1
7192	7191	171	GGAATCCTGCTGTGGACCGGGACC	1
7191	7190	170	GGGAATCCTGCTGTGGACCGGGAC	1
7190	7189	170	GGGGAATCCTGCTGTGGACCGGGA	1
7189	7188	169	GGGGGAATCCTGCTGTGGACCGGG	1
7188	7187	169	AGGGGGAATCCTGCTGTGGACCGG	1
7187	3419	168	GAGGGGGAATCCTGCTGTGGACCG	1
3419	3418	176	AGAGGGGGAATCCTGCTGTGGACC	1
3418	7184	177	CAGAGGGGGAATCCTGCTGTGGAC	1
7184	7183	182	ACAGAGGGGGAATCCTGCTGTGGA	1
7183	7182	177	CACAGAGGGGGAATCCTGCTGTGG	1
7182	3414	178	TCACAGAGGGGGAATCCTGCTGTG	1
3414	7180	171	TTCACAGAGGGGGAATCCTGCTGT	1
7180	3412	175	TTTCACAGAGGGGGAATCCTGCTG	1
3412	3411	168	TTTTCACAGAGGGGGAATCCTGCT	1
3411	3410	177	CTTTTCACAGAGGGGGAATCCTGC	1
3410	7176	184	CCTTTTCACAGAGGGGGAATCCTG	1
7176	3408	186	GCCTTTTCACAGAGGGGGAATCCT	1
3408	3407	179	TGCCTTTTCACAGAGGGGGAATCC	1
3407	3406	182	GTGCCTTTTCACAGAGGGGGAATC	1
3406	7172	180	CGTGCCTTTTCACAGAGGGGGAAT	1
7172	7171	178	GCGTGCCTTTTCACAGAGGGGGAA	1
7171	7170	177	AGCGTGCCTTTTCACAGAGGGGGA	1
7170	7169	142	CAGCGTGCCTTTTCACAGAGGGGG	1
7169	7168	133	TCAGCGTGCCTTTTCACAGAGGGG	1
7168	7167	121	ATCAGCGTGCCTTTTCACAGAGGG	1
7167	7166	115	GATCAGCGTGCCTTTTCACAGAGG	1
7166	3398	112	AGATCAGCGTGCCTTTTCACAGAG	1
3398	7164	112	CAGATCAGCGTGCCTTTTCACAGA	1
7164	7163	112	ACAGATCAGCGTGCCTTTTCACAG	1
7163	3395	113	GACAGATCAGCGTGCCTTTTCACA	1
3395	3394	109	AGACAGATCAGCGTGCCTTTTCAC	1
3394	3393	97	CAGACAGATCAGCGTGCCTTTTCA	1
3393	3392	99	CCAGACAGATCAGCGTGCCTTTTC	1
3392	3391	97	TCCAGACAGATCAGCGTGCCTTTT	1
3391	3390	97	ATCCAGACAGATCAGCGTGCCTTT	1
3390	3389	99	TATCCAGACAGATCAGCGTGCCTT	1
3389	3388	100	TTATCCAGACAGATCAGCGTGCCT	1
3388	3387	97	CTTATCCAGACAGATCAGCGTGCC	1
3387	3386	94	ACTTATCCAGACAGATCAGCGTGC	1
3386	3385	93	CACTTATCCAGACAGATCAGCGTG	1
3385	3384	96	ACACTTATCCAGACAGATCAGCGT	1
3384	3383	102	CACACTTATCCAGACAGATCAGCG	1
3383	7149	99	CCACACTTATCCAGACAGATCAGC	1
7149	7148	103	GCCACACTTATCCAGACAGATCAG	1
7148	3380	104	GGCCACACTTATCCAGACAGATCA	1
3380	3379	102	CGGCCACACTTATCCAGACAGATC	1
3379	7145	102	CCGGCCACACTTATCCAGACAGAT	1
7145	7144	102	GCCGGCCACACTTATCCAGACAGA	1
7144	7143	100	GGCCGGCCACACTTATCCAGACAG	1
7143	7142	103	GGGCCGGCCACACTTATCCAGACA	1
7142	7141	106	GGGGCCGGCCACACTTATCCAGAC	1
7141	7140	107	TGGGGCCGGCCACACTTATCCAGA	1
7140	3372	106	ATGGGGCCGGCCACACTTATCCAG	1
3372	3371	106	CATGGGGCCGGCCACACTTATCCA	1
3371	3370	108	ACATGGGGCCGGCCACACTTATCC	1
3370	3369	109	TACATGGGGCCGGCCACACTTATC	1
3369	7135	108	ATACATGGGGCCGGCCACACTTAT	1
7135	7134	107	GATACATGGGGCCGGCCACACTTA	1
7134	3366	101	GGATACATGGGGCCGGCCACACTT	1
3366	3365	99	CGGATACATGGGGCCGGCCACACT	1
3365	3364	98	CCGGATACATGGGGCCGGCCACAC	1
3364	3363	96	TCCGGATACATGGGGCCGGCCACA	1
3363	7129	98	TTCCGGATACATGGGGCCGGCCAC	1
7129	3361	98	ATTCCGGATACATGGGGCCGGCCA	1
3361	3360	100	GATTCCGGATACATGGGGCCGGCC	1
3360	7126	101	TGATTCCGGATACATGGGGCCGGC	1
7126	7125	98	TTGATTCCGGATACATGGGGCCGG	1
7125	7124	94	GTTGATTCCGGATACATGGGGCCG	1
7124	3356	95	GGTTGATTCCGGATACATGGGGCC	1
3356	7122	96	TGGTTGATTCCGGATACATGGGGC	1
7122	7121	95	GTGGTTGATTCCGGATACATGGGG	1
7121	7120	98	CGTGGTTGATTCCGGATACATGGG	1
7120	3352	97	CCGTGGTTGATTCCGGATACATGG	1
3352	3351	103	CCCGTGGTTGATTCCGGATACATG	1
3351	7117	100	CCCCGTGGTTGATTCCGGATACAT	1
7117	7116	102	ACCCCGTGGTTGATTCCGGATACA	1
7116	7115	100	GACCCCGTGGTTGATTCCGGATAC	1
7115	7114	99	GGACCCCGTGGTTGATTCCGGATA	1
7114	7113	100	GGGACCCCGTGGTTGATTCCGGAT	1
7113	7112	100	GGGGACCCCGTGGTTGATTCCGGA	1
7112	3344	104	TGGGGACCCCGTGGTTGATTCCGG	1
3344	3343	100	CTGGGGACCCCGTGGTTGATTCCG	1
3343	3342	98	GCTGGGGACCCCGTGGTTGATTCC	1
3342	7108	98	AGCTGGGGACCCCGTGGTTGATTC	1
7108	3340	98	GAGCTGGGGACCCCGTGGTTGATT	1
3340	7106	97	CGAGCTGGGGACCCCGTGGTTGAT	1
7106	7105	98	TCGAGCTGGGGACCCCGTGGTTGA	1
7105	7104	98	GTCGAGCTGGGGACCCCGTGGTTG	1
7104	7103	99	AGTCGAGCTGGGGACCCCGTGGTT	1
7103	7102	98	GAGTCGAGCTGGGGACCCCGTGGT	1
7102	7101	101	AGAGTCGAGCTGGGGACCCCGTGG	1
7101	7100	107	GAGAGTCGAGCTGGGGACCCCGTG	1
7100	7099	106	GGAGAGTCGAGCTGGGGACCCCGT	1
7099	3331	102	GGGAGAGTCGAGCTGGGGACCCCG	1
3331	3330	104	AGGGAGAGTCGAGCTGGGGACCCC	1
3330	3329	97	CAGGGAGAGTCGAGCTGGGGACCC	1
3329	3328	96	GCAGGGAGAGTCGAGCTGGGGACC	1
3328	3327	95	CGCAGGGAGAGTCGAGCTGGGGAC	1
3327	7093	95	CCGCAGGGAGAGTCGAGCTGGGGA	1
7093	7092	98	GCCGCAGGGAGAGTCGAGCTGGGG	1
7092	7091	101	TGCCGCAGGGAGAGTCGAGCTGGG	1
7091	7090	102	CTGCCGCAGGGAGAGTCGAGCTGG	1
7090	7089	101	TCTGCCGCAGGGAGAGTCGAGCTG	1
7089	3321	101	GTCTGCCGCAGGGAGAGTCGAGCT	1
3321	7087	100	TGTCTGCCGCAGGGAGAGTCGAGC	1
7087	3319	101	CTGTCTGCCGCAGGGAGAGTCGAG	1
3319	7085	97	CCTGTCTGCCGCAGGGAGAGTCGA	1
7085	3317	100	GCCTGTCTGCCGCAGGGAGAGTCG	1
3317	7083	102	AGCCTGTCTGCCGCAGGGAGAGTC	1
7083	7082	101	GAGCCTGTCTGCCGCAGGGAGAGT	1
7082	7081	102	GGAGCCTGTCTGCCGCAGGGAGAG	1
7081	7080	103	GGGAGCCTGTCTGCCGCAGGGAGA	1
7080	7079	100	GGGGAGCCTGTCTGCCGCAGGGAG	1
7079	7078	100	GGGGGAGCCTGTCTGCCGCAGGGA	1
7078	7077	103	CGGGGGAGCCTGTCTGCCGCAGGG	1
7077	3309	102	CCGGGGGAGCCTGTCTGCCGCAGG	1
3309	3308	106	CCCGGGGGAGCCTGTCTGCCGCAG	1
3308	3307	104	TCCCGGGGGAGCCTGTCTGCCGCA	1
3307	3306	105	ATCCCGGGGGAGCCTGTCTGCCGC	1
3306	3305	107	CATCCCGGGGGAGCCTGTCTGCCG	1
3305	3304	108	TCATCCCGGGGGAGCCTGTCTGCC	1
3304	7070	112	ATCATCCCGGGGGAGCCTGTCTGC	1
7070	7069	115	GATCATCCCGGGGGAGCCTGTCTG	1
7069	3301	125	AGATCATCCCGGGGGAGCCTGTCT	1
3301	7067	130	TAGATCATCCCGGGGGAGCCTGTC	1
7067	7066	125	GTAGATCATCCCGGGGGAGCCTGT	1
7066	3298	131	TGTAGATCATCCCGGGGGAGCCTG	1
3298	3675	13	CTGTAGATCATCCCGGGGGAGCCT	1
3298	3297	124	CTGTAGATCATCCCGGGGGAGCCT	1
3297	3296	134	CCTGTAGATCATCCCGGGGGAGCC	1
3296	7062	135	TCCTGTAGATCATCCCGGGGGAGC	1
7062	7061	138	TTCCTGTAGATCATCCCGGGGGAG	1
7061	7060	137	ATTCCTGTAGATCATCCCGGGGGA	1
7060	7059	138	GATTCCTGTAGATCATCCCGGGGG	1
7059	7058	139	AGATTCCTGTAGATCATCCCGGGG	1
7058	3290	138	CAGATTCCTGTAGATCATCCCGGG	1
3290	3289	142	CCAGATTCCTGTAGATCATCCCGG	1
3289	3288	137	CCCAGATTCCTGTAGATCATCCCG	1
3288	3287	137	GCCCAGATTCCTGTAGATCATCCC	1
3287	3286	135	TGCCCAGATTCCTGTAGATCATCC	1
3286	3285	136	TTGCCCAGATTCCTGTAGATCATC	1
3285	7051	139	TTTGCCCAGATTCCTGTAGATCAT	1
7051	7050	141	ATTTGCCCAGATTCCTGTAGATCA	1
7050	7049	142	GATTTGCCCAGATTCCTGTAGATC	1
7049	3281	142	AGATTTGCCCAGATTCCTGTAGAT	1
3281	3280	141	CAGATTTGCCCAGATTCCTGTAGA	1
3280	7046	142	CCAGATTTGCCCAGATTCCTGTAG	1
7046	3735	1	GCCAGATTTGCCCAGATTCCTGTA	1
7046	7045	164	GCCAGATTTGCCCAGATTCCTGTA	1
7045	7044	165	GGCCAGATTTGCCCAGATTCCTGT	1
7044	3276	173	AGGCCAGATTTGCCCAGATTCCTG	1
3276	3275	174	AAGGCCAGATTTGCCCAGATTCCT	1
3275	3274	177	GAAGGCCAGATTTGCCCAGATTCC	1
3274	3273	177	CGAAGGCCAGATTTGCCCAGATTC	1
3273	3272	181	CCGAAGGCCAGATTTGCCCAGATT	1
3272	7038	185	CCCGAAGGCCAGATTTGCCCAGAT	1
7038	7037	184	ACCCGAAGGCCAGATTTGCCCAGA	1
7037	7036	183	GACCCGAAGGCCAGATTTGCCCAG	1
7036	3268	182	AGACCCGAAGGCCAGATTTGCCCA	1
3268	7034	184	GAGACCCGAAGGCCAGATTTGCCC	1
7034	3266	187	GGAGACCCGAAGGCCAGATTTGCC	1
3266	7032	186	AGGAGACCCGAAGGCCAGATTTGC	1
7032	7031	187	CAGGAGACCCGAAGGCCAGATTTG	1
7031	7030	184	GCAGGAGACCCGAAGGCCAGATTT	1
7030	7029	183	GGCAGGAGACCCGAAGGCCAGATT	1
7029	3261	191	AGGCAGGAGACCCGAAGGCCAGAT	1
3261	3260	194	CAGGCAGGAGACCCGAAGGCCAGA	1
3260	3259	196	CCAGGCAGGAGACCCGAAGGCCAG	1
3259	3258	197	CCCAGGCAGGAGACCCGAAGGCCA	1
3258	3257	198	CCCCAGGCAGGAGACCCGAAGGCC	1
3257	7023	194	GCCCCAGGCAGGAGACCCGAAGGC	1
7023	7022	198	AGCCCCAGGCAGGAGACCCGAAGG	1
7022	3254	197	AAGCCCCAGGCAGGAGACCCGAAG	1
3254	3253	201	CAAGCCCCAGGCAGGAGACCCGAA	1
3253	7019	199	CCAAGCCCCAGGCAGGAGACCCGA	1
7019	3251	196	TCCAAGCCCCAGGCAGGAGACCCG	1
3251	3250	200	TTCCAAGCCCCAGGCAGGAGACCC	1
3250	3249	190	GTTCCAAGCCCCAGGCAGGAGACC	1
3249	7015	187	TGTTCCAAGCCCCAGGCAGGAGAC	1
7015	7014	206	ATGTTCCAAGCCCCAGGCAGGAGA	1
7014	3246	202	CATGTTCCAAGCCCCAGGCAGGAG	1
3246	3245	196	CCATGTTCCAAGCCCCAGGCAGGA	1
3245	7011	191	CCCATGTTCCAAGCCCCAGGCAGG	1
7011	3243	200	ACCCATGTTCCAAGCCCCAGGCAG	1
3243	3242	195	CACCCATGTTCCAAGCCCCAGGCA	1
3242	7008	196	TCACCCATGTTCCAAGCCCCAGGC	1
7008	7007	197	GTCACCCATGTTCCAAGCCCCAGG	1
7007	7006	204	GGTCACCCATGTTCCAAGCCCCAG	1
7006	3238	202	AGGTCACCCATGTTCCAAGCCCCA	1
3238	3237	200	AAGGTCACCCATGTTCCAAGCCCC	1
3237	3236	203	GAAGGTCACCCATGTTCCAAGCCC	1
3236	3235	202	CGAAGGTCACCCATGTTCCAAGCC	1
3235	3234	200	CCGAAGGTCACCCATGTTCCAAGC	1
3234	3233	196	CCCGAAGGTCACCCATGTTCCAAG	1
3233	3232	192	CCCCGAAGGTCACCCATGTTCCAA	1
3232	3231	192	CCCCCGAAGGTCACCCATGTTCCA	1
3231	6997	192	GCCCCCGAAGGTCACCCATGTTCC	1
6997	3229	190	GGCCCCCGAAGGTCACCCATGTTC	1
3229	3228	190	TGGCCCCCGAAGGTCACCCATGTT	1
3228	6994	186	CTGGCCCCCGAAGGTCACCCATGT	1
6994	3226	188	TCTGGCCCCCGAAGGTCACCCATG	1
3226	6992	187	ATCTGGCCCCCGAAGGTCACCCAT	1
6992	3224	180	GATCTGGCCCCCGAAGGTCACCCA	1
3224	3223	177	TGATCTGGCCCCCGAAGGTCACCC	1
3223	3222	175	GTGATCTGGCCCCCGAAGGTCACC	1
3222	3221	184	CGTGATCTGGCCCCCGAAGGTCAC	1
3221	3220	178	CCGTGATCTGGCCCCCGAAGGTCA	1
3220	6986	174	TCCGTGATCTGGCCCCCGAAGGTC	1
6986	6985	174	ATCCGTGATCTGGCCCCCGAAGGT	1
6985	6984	175	CATCCGTGATCTGGCCCCCGAAGG	1
6984	3216	177	TCATCCGTGATCTGGCCCCCGAAG	1
3216	3215	170	CTCATCCGTGATCTGGCCCCCGAA	1
3215	6981	165	TCTCATCCGTGATCTGGCCCCCGA	1
6981	3213	161	ATCTCATCCGTGATCTGGCCCCCG	1
3213	3212	158	CATCTCATCCGTGATCTGGCCCCC	1
3212	3211	159	CCATCTCATCCGTGATCTGGCCCC	1
3211	3210	155	GCCATCTCATCCGTGATCTGGCCC	1
3210	3209	150	TGCCATCTCATCCGTGATCTGGCC	1
3209	6975	145	CTGCCATCTCATCCGTGATCTGGC	1
6975	3207	143	TCTGCCATCTCATCCGTGATCTGG	1
3207	6973	136	CTCTGCCATCTCATCCGTGATCTG	1
6973	3205	133	GCTCTGCCATCTCATCCGTGATCT	1
3205	6971	133	TGCTCTGCCATCTCATCCGTGATC	1
6971	6970	131	GTGCTCTGCCATCTCATCCGTGAT	1
6970	6969	128	GGTGCTCTGCCATCTCATCCGTGA	1
6969	3201	134	AGGTGCTCTGCCATCTCATCCGTG	1
3201	6967	130	TAGGTGCTCTGCCATCTCATCCGT	1
6967	3199	133	TTAGGTGCTCTGCCATCTCATCCG	1
3199	3198	132	ATTAGGTGCTCTGCCATCTCATCC	1
3198	3197	125	CATTAGGTGCTCTGCCATCTCATC	1
3197	6963	124	TCATTAGGTGCTCTGCCATCTCAT	1
6963	6962	104	GTCATTAGGTGCTCTGCCATCTCA	1
6962	6961	93	GGTCATTAGGTGCTCTGCCATCTC	1
6961	3193	96	AGGTCATTAGGTGCTCTGCCATCT	1
3193	3192	95	AAGGTCATTAGGTGCTCTGCCATC	1
3192	3191	90	CAAGGTCATTAGGTGCTCTGCCAT	1
3191	3190	95	CCAAGGTCATTAGGTGCTCTGCCA	1
3190	6956	94	GCCAAGGTCATTAGGTGCTCTGCC	1
6956	6955	85	GGCCAAGGTCATTAGGTGCTCTGC	1
6955	3187	84	AGGCCAAGGTCATTAGGTGCTCTG	1
3187	3186	86	TAGGCCAAGGTCATTAGGTGCTCT	1
3186	3185	87	GTAGGCCAAGGTCATTAGGTGCTC	1
3185	3184	84	CGTAGGCCAAGGTCATTAGGTGCT	1
3184	6950	92	TCGTAGGCCAAGGTCATTAGGTGC	1
6950	3182	93	ATCGTAGGCCAAGGTCATTAGGTG	1
3182	6948	94	TATCGTAGGCCAAGGTCATTAGGT	1
6948	6947	95	TTATCGTAGGCCAAGGTCATTAGG	1
6947	3179	96	ATTATCGTAGGCCAAGGTCATTAG	1
3179	3178	95	CATTATCGTAGGCCAAGGTCATTA	1
3178	6944	96	CCATTATCGTAGGCCAAGGTCATT	1
6944	3176	99	GCCATTATCGTAGGCCAAGGTCAT	1
3176	3175	99	TGCCATTATCGTAGGCCAAGGTCA	1
3175	6941	96	ATGCCATTATCGTAGGCCAAGGTC	1
6941	6940	97	GATGCCATTATCGTAGGCCAAGGT	1
6940	6939	99	TGATGCCATTATCGTAGGCCAAGG	1
6939	6938	100	TTGATGCCATTATCGTAGGCCAAG	1
6938	6937	104	GTTGATGCCATTATCGTAGGCCAA	1
6937	3169	103	GGTTGATGCCATTATCGTAGGCCA	1
3169	3168	113	AGGTTGATGCCATTATCGTAGGCC	1
3168	6934	116	CAGGTTGATGCCATTATCGTAGGC	1
6934	6933	119	ACAGGTTGATGCCATTATCGTAGG	1
6933	6932	127	AACAGGTTGATGCCATTATCGTAG	1
6932	3164	127	GAACAGGTTGATGCCATTATCGTA	1
3164	6930	126	CGAACAGGTTGATGCCATTATCGT	1
6930	3162	130	TCGAACAGGTTGATGCCATTATCG	1
3162	3161	130	ATCGAACAGGTTGATGCCATTATC	1
3161	6927	130	TATCGAACAGGTTGATGCCATTAT	1
6927	3159	131	GTATCGAACAGGTTGATGCCATTA	1
3159	3158	129	CGTATCGAACAGGTTGATGCCATT	1
3158	6924	131	CCGTATCGAACAGGTTGATGCCAT	1
6924	3156	132	GCCGTATCGAACAGGTTGATGCCA	1
3156	3155	138	CGCCGTATCGAACAGGTTGATGCC	1
3155	6921	135	CCGCCGTATCGAACAGGTTGATGC	1
6921	3153	143	TCCGCCGTATCGAACAGGTTGATG	1
3153	3152	142	CTCCGCCGTATCGAACAGGTTGAT	1
3152	6918	125	CCTCCGCCGTATCGAACAGGTTGA	1
6918	6917	130	ACCTCCGCCGTATCGAACAGGTTG	1
6917	6916	143	GACCTCCGCCGTATCGAACAGGTT	1
6916	6915	149	AGACCTCCGCCGTATCGAACAGGT	1
6915	6914	154	TAGACCTCCGCCGTATCGAACAGG	1
6914	3146	155	GTAGACCTCCGCCGTATCGAACAG	1
3146	3145	157	CGTAGACCTCCGCCGTATCGAACA	1
3145	6911	157	GCGTAGACCTCCGCCGTATCGAAC	1
6911	3143	158	AGCGTAGACCTCCGCCGTATCGAA	1
3143	6909	160	CAGCGTAGACCTCCGCCGTATCGA	1
6909	3141	159	GCAGCGTAGACCTCCGCCGTATCG	1
3141	3140	160	AGCAGCGTAGACCTCCGCCGTATC	1
3140	3139	161	CAGCAGCGTAGACCTCCGCCGTAT	1
3139	3138	161	CCAGCAGCGTAGACCTCCGCCGTA	1
3138	6904	163	TCCAGCAGCGTAGACCTCCGCCGT	1
6904	3136	168	TTCCAGCAGCGTAGACCTCCGCCG	1
3136	3135	173	TTTCCAGCAGCGTAGACCTCCGCC	1
3135	3134	174	TTTTCCAGCAGCGTAGACCTCCGC	1
3134	3133	180	CTTTTCCAGCAGCGTAGACCTCCG	1
3133	3132	181	GCTTTTCCAGCAGCGTAGACCTCC	1
3132	3131	176	AGCTTTTCCAGCAGCGTAGACCTC	1
3131	3130	177	CAGCTTTTCCAGCAGCGTAGACCT	1
3130	3129	181	TCAGCTTTTCCAGCAGCGTAGACC	1
3129	3128	186	TTCAGCTTTTCCAGCAGCGTAGAC	1
3128	6894	181	CTTCAGCTTTTCCAGCAGCGTAGA	1
6894	3126	190	ACTTCAGCTTTTCCAGCAGCGTAG	1
3126	3125	187	CACTTCAGCTTTTCCAGCAGCGTA	1
3125	6891	187	CCACTTCAGCTTTTCCAGCAGCGT	1
6891	3123	190	ACCACTTCAGCTTTTCCAGCAGCG	1
3123	6889	188	TACCACTTCAGCTTTTCCAGCAGC	1
6889	6888	193	ATACCACTTCAGCTTTTCCAGCAG	1
6888	3120	191	AATACCACTTCAGCTTTTCCAGCA	1
3120	3119	188	TAATACCACTTCAGCTTTTCCAGC	1
3119	3118	186	CTAATACCACTTCAGCTTTTCCAG	1
3118	3117	177	CCTAATACCACTTCAGCTTTTCCA	1
3117	3116	166	CCCTAATACCACTTCAGCTTTTCC	1
3116	3115	165	TCCCTAATACCACTTCAGCTTTTC	1
3115	6881	161	TTCCCTAATACCACTTCAGCTTTT	1
6881	3113	148	GTTCCCTAATACCACTTCAGCTTT	1
3113	3112	147	TGTTCCCTAATACCACTTCAGCTT	1
3112	6878	147	ATGTTCCCTAATACCACTTCAGCT	1
6878	6877	146	GATGTTCCCTAATACCACTTCAGC	1
6877	6876	145	TGATGTTCCCTAATACCACTTCAG	1
6876	3108	145	ATGATGTTCCCTAATACCACTTCA	1
3108	3107	145	AATGATGTTCCCTAATACCACTTC	1
3107	3106	147	TAATGATGTTCCCTAATACCACTT	1
3106	3105	145	TTAATGATGTTCCCTAATACCACT	1
3105	3104	145	CTTAATGATGTTCCCTAATACCAC	1
3104	3103	144	TCTTAATGATGTTCCCTAATACCA	1
3103	3102	143	TTCTTAATGATGTTCCCTAATACC	1
3102	3101	132	CTTCTTAATGATGTTCCCTAATAC	1
3101	3100	132	TCTTCTTAATGATGTTCCCTAATA	1
3100	3099	133	TTCTTCTTAATGATGTTCCCTAAT	1
3099	3098	124	CTTCTTCTTAATGATGTTCCCTAA	1
3098	3097	106	CCTTCTTCTTAATGATGTTCCCTA	1
3097	3096	100	CCCTTCTTCTTAATGATGTTCCCT	1
3096	3095	98	TCCCTTCTTCTTAATGATGTTCCC	1
3095	3094	99	ATCCCTTCTTCTTAATGATGTTCC	1
3094	3093	99	CATCCCTTCTTCTTAATGATGTTC	1
3093	3092	97	CCATCCCTTCTTCTTAATGATGTT	1
3092	3091	95	TCCATCCCTTCTTCTTAATGATGT	1
3091	3090	97	CTCCATCCCTTCTTCTTAATGATG	1
3090	6856	95	TCTCCATCCCTTCTTCTTAATGAT	1
6856	6855	95	GTCTCCATCCCTTCTTCTTAATGA	1
6855	3087	92	CGTCTCCATCCCTTCTTCTTAATG	1
3087	6853	93	CCGTCTCCATCCCTTCTTCTTAAT	1
6853	6852	93	ACCGTCTCCATCCCTTCTTCTTAA	1
6852	6851	89	GACCGTCTCCATCCCTTCTTCTTA	1
6851	3083	85	GGACCGTCTCCATCCCTTCTTCTT	1
3083	3082	85	TGGACCGTCTCCATCCCTTCTTCT	1
3082	6848	83	CTGGACCGTCTCCATCCCTTCTTC	1
6848	6847	83	GCTGGACCGTCTCCATCCCTTCTT	1
6847	3079	87	GGCTGGACCGTCTCCATCCCTTCT	1
3079	3078	92	AGGCTGGACCGTCTCCATCCCTTC	1
3078	3077	90	AAGGCTGGACCGTCTCCATCCCTT	1
3077	3076	84	CAAGGCTGGACCGTCTCCATCCCT	1
3076	3075	88	ACAAGGCTGGACCGTCTCCATCCC	1
3075	3074	77	GACAAGGCTGGACCGTCTCCATCC	1
3074	3073	80	TGACAAGGCTGGACCGTCTCCATC	1
3073	6839	88	ATGACAAGGCTGGACCGTCTCCAT	1
6839	3071	90	GATGACAAGGCTGGACCGTCTCCA	1
3071	3070	100	TGATGACAAGGCTGGACCGTCTCC	1
3070	6836	101	GTGATGACAAGGCTGGACCGTCTC	1
6836	3068	110	GGTGATGACAAGGCTGGACCGTCT	1
3068	6834	121	TGGTGATGACAAGGCTGGACCGTC	1
6834	6833	123	GTGGTGATGACAAGGCTGGACCGT	1
6833	3065	133	GGTGGTGATGACAAGGCTGGACCG	1
3065	3064	134	TGGTGGTGATGACAAGGCTGGACC	1
3064	3063	138	TTGGTGGTGATGACAAGGCTGGAC	1
3063	6829	143	CTTGGTGGTGATGACAAGGCTGGA	1
6829	6828	148	TCTTGGTGGTGATGACAAGGCTGG	1
6828	6827	151	ATCTTGGTGGTGATGACAAGGCTG	1
6827	3059	153	GATCTTGGTGGTGATGACAAGGCT	1
3059	6825	152	AGATCTTGGTGGTGATGACAAGGC	1
6825	6824	153	AAGATCTTGGTGGTGATGACAAGG	1
6824	6823	153	GAAGATCTTGGTGGTGATGACAAG	1
6823	3055	154	AGAAGATCTTGGTGGTGATGACAA	1
3055	3054	158	CAGAAGATCTTGGTGGTGATGACA	1
3054	3053	173	CCAGAAGATCTTGGTGGTGATGAC	1
3053	3052	175	CCCAGAAGATCTTGGTGGTGATGA	1
3052	3051	184	CCCCAGAAGATCTTGGTGGTGATG	1
3051	3050	189	ACCCCAGAAGATCTTGGTGGTGAT	1
3050	3049	194	CACCCCAGAAGATCTTGGTGGTGA	1
3049	3048	201	CCACCCCAGAAGATCTTGGTGGTG	1
3048	6814	200	TCCACCCCAGAAGATCTTGGTGGT	1
6814	6813	205	TTCCACCCCAGAAGATCTTGGTGG	1
6813	3045	204	TTTCCACCCCAGAAGATCTTGGTG	1
3045	6811	200	TTTTCCACCCCAGAAGATCTTGGT	1
6811	6810	200	CTTTTCCACCCCAGAAGATCTTGG	1
6810	3042	197	GCTTTTCCACCCCAGAAGATCTTG	1
3042	3041	195	CGCTTTTCCACCCCAGAAGATCTT	1
3041	3040	200	CCGCTTTTCCACCCCAGAAGATCT	1
3040	3039	200	TCCGCTTTTCCACCCCAGAAGATC	1
3039	3038	198	CTCCGCTTTTCCACCCCAGAAGAT	1
3038	6804	197	TCTCCGCTTTTCCACCCCAGAAGA	1
6804	6803	200	GTCTCCGCTTTTCCACCCCAGAAG	1
6803	3035	201	AGTCTCCGCTTTTCCACCCCAGAA	1
3035	6801	201	CAGTCTCCGCTTTTCCACCCCAGA	1
6801	3033	204	TCAGTCTCCGCTTTTCCACCCCAG	1
3033	3032	200	CTCAGTCTCCGCTTTTCCACCCCA	1
3032	3031	200	TCTCAGTCTCCGCTTTTCCACCCC	1
3031	3030	201	CTCTCAGTCTCCGCTTTTCCACCC	1
3030	3029	195	TCTCTCAGTCTCCGCTTTTCCACC	1
3029	3028	194	CTCTCTCAGTCTCCGCTTTTCCAC	1
3028	3027	190	CCTCTCTCAGTCTCCGCTTTTCCA	1
3027	6793	185	GCCTCTCTCAGTCTCCGCTTTTCC	1
6793	6792	183	GGCCTCTCTCAGTCTCCGCTTTTC	1
6792	6791	185	AGGCCTCTCTCAGTCTCCGCTTTT	1
6791	3023	179	AAGGCCTCTCTCAGTCTCCGCTTT	1
3023	6789	179	AAAGGCCTCTCTCAGTCTCCGCTT	1
6789	6788	181	GAAAGGCCTCTCTCAGTCTCCGCT	1
6788	6787	179	GGAAAGGCCTCTCTCAGTCTCCGC	1
6787	3019	178	TGGAAAGGCCTCTCTCAGTCTCCG	1
3019	3018	173	CTGGAAAGGCCTCTCTCAGTCTCC	1
3018	3017	167	CCTGGAAAGGCCTCTCTCAGTCTC	1
3017	3016	156	TCCTGGAAAGGCCTCTCTCAGTCT	1
3016	3015	149	TTCCTGGAAAGGCCTCTCTCAGTC	1
3015	6781	146	CTTCCTGGAAAGGCCTCTCTCAGT	1
6781	3013	139	GCTTCCTGGAAAGGCCTCTCTCAG	1
3013	3012	139	TGCTTCCTGGAAAGGCCTCTCTCA	1
3012	3011	137	GTGCTTCCTGGAAAGGCCTCTCTC	1
3011	3010	133	TGTGCTTCCTGGAAAGGCCTCTCT	1
3010	3009	131	ATGTGCTTCCTGGAAAGGCCTCTC	1
3009	3008	132	TATGTGCTTCCTGGAAAGGCCTCT	1
3008	3007	134	TTATGTGCTTCCTGGAAAGGCCTC	1
3007	3006	132	ATTATGTGCTTCCTGGAAAGGCCT	1
3006	3005	135	AATTATGTGCTTCCTGGAAAGGCC	1
3005	6771	137	CAATTATGTGCTTCCTGGAAAGGC	1
6771	6770	137	TCAATTATGTGCTTCCTGGAAAGG	1
6770	3002	137	TTCAATTATGTGCTTCCTGGAAAG	1
3002	3001	122	CTTCAATTATGTGCTTCCTGGAAA	1
3001	3000	117	CCTTCAATTATGTGCTTCCTGGAA	1
3000	6766	109	TCCTTCAATTATGTGCTTCCTGGA	1
6766	6765	101	GTCCTTCAATTATGTGCTTCCTGG	1
6765	2997	102	AGTCCTTCAATTATGTGCTTCCTG	1
2997	2996	97	CAGTCCTTCAATTATGTGCTTCCT	1
2996	2995	103	TCAGTCCTTCAATTATGTGCTTCC	1
2995	2994	106	TTCAGTCCTTCAATTATGTGCTTC	1
2994	2993	106	TTTCAGTCCTTCAATTATGTGCTT	1
2993	2992	107	CTTTCAGTCCTTCAATTATGTGCT	1
2992	6758	106	GCTTTCAGTCCTTCAATTATGTGC	1
6758	6757	105	CGCTTTCAGTCCTTCAATTATGTG	1
6757	6756	108	ACGCTTTCAGTCCTTCAATTATGT	1
6756	6755	106	GACGCTTTCAGTCCTTCAATTATG	1
6755	6754	111	GGACGCTTTCAGTCCTTCAATTAT	1
6754	6753	109	GGGACGCTTTCAGTCCTTCAATTA	1
6753	2985	111	AGGGACGCTTTCAGTCCTTCAATT	1
2985	2984	107	CAGGGACGCTTTCAGTCCTTCAAT	1
2984	2983	105	CCAGGGACGCTTTCAGTCCTTCAA	1
2983	2982	104	TCCAGGGACGCTTTCAGTCCTTCA	1
2982	6748	105	CTCCAGGGACGCTTTCAGTCCTTC	1
6748	2980	106	GCTCCAGGGACGCTTTCAGTCCTT	1
2980	2979	112	CGCTCCAGGGACGCTTTCAGTCCT	1
2979	2978	111	CCGCTCCAGGGACGCTTTCAGTCC	1
2978	6744	111	GCCGCTCCAGGGACGCTTTCAGTC	1
6744	6743	110	AGCCGCTCCAGGGACGCTTTCAGT	1
6743	6742	109	CAGCCGCTCCAGGGACGCTTTCAG	1
6742	2974	110	GCAGCCGCTCCAGGGACGCTTTCA	1
2974	2973	112	TGCAGCCGCTCCAGGGACGCTTTC	1
2973	6739	108	CTGCAGCCGCTCCAGGGACGCTTT	1
6739	2971	106	GCTGCAGCCGCTCCAGGGACGCTT	1
2971	2970	106	AGCTGCAGCCGCTCCAGGGACGCT	1
2970	2969	106	CAGCTGCAGCCGCTCCAGGGACGC	1
2969	2968	96	CCAGCTGCAGCCGCTCCAGGGACG	1
2968	2967	95	TCCAGCTGCAGCCGCTCCAGGGAC	1
2967	6733	96	CTCCAGCTGCAGCCGCTCCAGGGA	1
6733	6732	97	ACTCCAGCTGCAGCCGCTCCAGGG	1
6732	6731	100	TACTCCAGCTGCAGCCGCTCCAGG	1
6731	2963	96	GTACTCCAGCTGCAGCCGCTCCAG	1
2963	2962	96	CGTACTCCAGCTGCAGCCGCTCCA	1
2962	2961	96	ACGTACTCCAGCTGCAGCCGCTCC	1
2961	2960	96	CACGTACTCCAGCTGCAGCCGCTC	1
2960	2959	89	CCACGTACTCCAGCTGCAGCCGCT	1
2959	6725	92	TCCACGTACTCCAGCTGCAGCCGC	1
6725	2957	94	ATCCACGTACTCCAGCTGCAGCCG	1
2957	2956	95	CATCCACGTACTCCAGCTGCAGCC	1
2956	6722	97	ACATCCACGTACTCCAGCTGCAGC	1
6722	2954	97	CACATCCACGTACTCCAGCTGCAG	1
2954	2953	97	CCACATCCACGTACTCCAGCTGCA	1
2953	6719	96	ACCACATCCACGTACTCCAGCTGC	1
6719	2951	97	AACCACATCCACGTACTCCAGCTG	1
2951	2950	98	AAACCACATCCACGTACTCCAGCT	1
2950	6716	97	AAAACCACATCCACGTACTCCAGC	1
6716	2948	99	AAAAACCACATCCACGTACTCCAG	1
2948	2947	105	CAAAAACCACATCCACGTACTCCA	1
2947	6713	105	GCAAAAACCACATCCACGTACTCC	1
6713	2945	104	GGCAAAAACCACATCCACGTACTC	1
2945	2944	106	TGGCAAAAACCACATCCACGTACT	1
2944	6710	104	TTGGCAAAAACCACATCCACGTAC	1
6710	6709	100	GTTGGCAAAAACCACATCCACGTA	1
6709	6708	101	GGTTGGCAAAAACCACATCCACGT	1
6708	2940	107	CGGTTGGCAAAAACCACATCCACG	1
2940	6706	110	GCGGTTGGCAAAAACCACATCCAC	1
6706	6705	107	GGCGGTTGGCAAAAACCACATCCA	1
6705	2937	103	GGGCGGTTGGCAAAAACCACATCC	1
2937	2936	103	TGGGCGGTTGGCAAAAACCACATC	1
2936	2935	97	CTGGGCGGTTGGCAAAAACCACAT	1
2935	2934	102	TCTGGGCGGTTGGCAAAAACCACA	1
2934	6700	102	GTCTGGGCGGTTGGCAAAAACCAC	1
6700	6699	102	GGTCTGGGCGGTTGGCAAAAACCA	1
6699	6698	105	GGGTCTGGGCGGTTGGCAAAAACC	1
6698	6697	104	GGGGTCTGGGCGGTTGGCAAAAAC	1
6697	6696	104	TGGGGTCTGGGCGGTTGGCAAAAA	1
6696	6695	108	TTGGGGTCTGGGCGGTTGGCAAAA	1
6695	6694	102	GTTGGGGTCTGGGCGGTTGGCAAA	1
6694	6693	102	TGTTGGGGTCTGGGCGGTTGGCAA	1
6693	2925	103	GTGTTGGGGTCTGGGCGGTTGGCA	1
2925	6691	104	CGTGTTGGGGTCTGGGCGGTTGGC	1
6691	6690	103	GCGTGTTGGGGTCTGGGCGGTTGG	1
6690	6689	103	GGCGTGTTGGGGTCTGGGCGGTTG	1
6689	2921	103	GGGCGTGTTGGGGTCTGGGCGGTT	1
2921	6687	110	TGGGCGTGTTGGGGTCTGGGCGGT	1
6687	2919	109	ATGGGCGTGTTGGGGTCTGGGCGG	1
2919	2918	110	CATGGGCGTGTTGGGGTCTGGGCG	1
2918	6684	111	CCATGGGCGTGTTGGGGTCTGGGC	1
6684	6683	111	TCCATGGGCGTGTTGGGGTCTGGG	1
6683	2915	113	TTCCATGGGCGTGTTGGGGTCTGG	1
2915	2914	107	CTTCCATGGGCGTGTTGGGGTCTG	1
2914	2913	114	TCTTCCATGGGCGTGTTGGGGTCT	1
2913	2912	121	CTCTTCCATGGGCGTGTTGGGGTC	1
2912	6678	123	TCTCTTCCATGGGCGTGTTGGGGT	1
6678	6677	134	GTCTCTTCCATGGGCGTGTTGGGG	1
6677	6676	140	GGTCTCTTCCATGGGCGTGTTGGG	1
6676	6675	142	CGGTCTCTTCCATGGGCGTGTTGG	1
6675	2907	149	ACGGTCTCTTCCATGGGCGTGTTG	1
2907	6673	150	CACGGTCTCTTCCATGGGCGTGTT	1
6673	6672	150	GCACGGTCTCTTCCATGGGCGTGT	1
6672	2904	155	CGCACGGTCTCTTCCATGGGCGTG	1
2904	2903	156	CCGCACGGTCTCTTCCATGGGCGT	1
2903	6669	167	CCCGCACGGTCTCTTCCATGGGCG	1
6669	6668	172	GCCCGCACGGTCTCTTCCATGGGC	1
6668	6667	172	GGCCCGCACGGTCTCTTCCATGGG	1
6667	6666	171	TGGCCCGCACGGTCTCTTCCATGG	1
6666	2898	172	ATGGCCCGCACGGTCTCTTCCATG	1
2898	2897	170	CATGGCCCGCACGGTCTCTTCCAT	1
2897	2896	170	TCATGGCCCGCACGGTCTCTTCCA	1
2896	6662	171	GTCATGGCCCGCACGGTCTCTTCC	1
6662	6661	173	GGTCATGGCCCGCACGGTCTCTTC	1
6661	2893	174	GGGTCATGGCCCGCACGGTCTCTT	1
2893	2892	175	TGGGTCATGGCCCGCACGGTCTCT	1
2892	2891	176	ATGGGTCATGGCCCGCACGGTCTC	1
2891	2890	175	CATGGGTCATGGCCCGCACGGTCT	1
2890	6656	173	ACATGGGTCATGGCCCGCACGGTC	1
6656	6655	171	GACATGGGTCATGGCCCGCACGGT	1
6655	6654	168	TGACATGGGTCATGGCCCGCACGG	1
6654	6653	172	ATGACATGGGTCATGGCCCGCACG	1
6653	6652	174	GATGACATGGGTCATGGCCCGCAC	1
6652	2884	177	TGATGACATGGGTCATGGCCCGCA	1
2884	6650	177	TTGATGACATGGGTCATGGCCCGC	1
6650	2882	171	GTTGATGACATGGGTCATGGCCCG	1
2882	2881	170	GGTTGATGACATGGGTCATGGCCC	1
2881	2880	172	TGGTTGATGACATGGGTCATGGCC	1
2880	2879	175	CTGGTTGATGACATGGGTCATGGC	1
2879	2878	175	CCTGGTTGATGACATGGGTCATGG	1
2878	2877	175	CCCTGGTTGATGACATGGGTCATG	1
2877	2876	169	CCCCTGGTTGATGACATGGGTCAT	1
2876	2875	170	TCCCCTGGTTGATGACATGGGTCA	1
2875	2874	176	ATCCCCTGGTTGATGACATGGGTC	1
2874	6640	177	CATCCCCTGGTTGATGACATGGGT	1
6640	6639	178	CCATCCCCTGGTTGATGACATGGG	1
6639	6638	179	GCCATCCCCTGGTTGATGACATGG	1
6638	2870	178	GGCCATCCCCTGGTTGATGACATG	1
2870	6636	176	TGGCCATCCCCTGGTTGATGACAT	1
6636	2868	170	ATGGCCATCCCCTGGTTGATGACA	1
2868	6634	173	CATGGCCATCCCCTGGTTGATGAC	1
6634	6633	173	ACATGGCCATCCCCTGGTTGATGA	1
6633	6632	178	TACATGGCCATCCCCTGGTTGATG	1
6632	6631	177	GTACATGGCCATCCCCTGGTTGAT	1
6631	6630	172	AGTACATGGCCATCCCCTGGTTGA	1
6630	2862	171	CAGTACATGGCCATCCCCTGGTTG	1
2862	2861	163	CCAGTACATGGCCATCCCCTGGTT	1
2861	2860	149	CCCAGTACATGGCCATCCCCTGGT	1
2860	6626	147	CCCCAGTACATGGCCATCCCCTGG	1
6626	2858	135	GCCCCAGTACATGGCCATCCCCTG	1
2858	2857	135	TGCCCCAGTACATGGCCATCCCCT	1
2857	2856	133	GTGCCCCAGTACATGGCCATCCCC	1
2856	2855	127	TGTGCCCCAGTACATGGCCATCCC	1
2855	2854	120	ATGTGCCCCAGTACATGGCCATCC	1
2854	2853	123	GATGTGCCCCAGTACATGGCCATC	1
2853	6619	117	TGATGTGCCCCAGTACATGGCCAT	1
6619	2851	117	GTGATGTGCCCCAGTACATGGCCA	1
2851	6617	111	CGTGATGTGCCCCAGTACATGGCC	1
6617	6616	116	GCGTGATGTGCCCCAGTACATGGC	1
6616	6615	117	AGCGTGATGTGCCCCAGTACATGG	1
6615	2847	124	CAGCGTGATGTGCCCCAGTACATG	1
2847	2846	120	CCAGCGTGATGTGCCCCAGTACAT	1
2846	2845	123	TCCAGCGTGATGTGCCCCAGTACA	1
2845	6611	121	CTCCAGCGTGATGTGCCCCAGTAC	1
6611	6610	116	GCTCCAGCGTGATGTGCCCCAGTA	1
6610	6609	113	AGCTCCAGCGTGATGTGCCCCAGT	1
6609	6608	117	GAGCTCCAGCGTGATGTGCCCCAG	1
6608	2840	119	GGAGCTCCAGCGTGATGTGCCCCA	1
2840	2839	125	TGGAGCTCCAGCGTGATGTGCCCC	1
2839	2838	127	ATGGAGCTCCAGCGTGATGTGCCC	1
2838	2837	130	CATGGAGCTCCAGCGTGATGTGCC	1
2837	6603	128	CCATGGAGCTCCAGCGTGATGTGC	1
6603	2835	127	TCCATGGAGCTCCAGCGTGATGTG	1
2835	6601	124	CTCCATGGAGCTCCAGCGTGATGT	1
6601	2833	120	TCTCCATGGAGCTCCAGCGTGATG	1
2833	6599	114	ATCTCCATGGAGCTCCAGCGTGAT	1
6599	6598	117	GATCTCCATGGAGCTCCAGCGTGA	1
6598	6597	118	TGATCTCCATGGAGCTCCAGCGTG	1
6597	2829	121	ATGATCTCCATGGAGCTCCAGCGT	1
2829	2828	121	CATGATCTCCATGGAGCTCCAGCG	1
2828	6594	115	CCATGATCTCCATGGAGCTCCAGC	1
6594	2826	111	TCCATGATCTCCATGGAGCTCCAG	1
2826	2825	108	CTCCATGATCTCCATGGAGCTCCA	1
2825	2824	108	CCTCCATGATCTCCATGGAGCTCC	1
2824	6590	106	GCCTCCATGATCTCCATGGAGCTC	1
6590	2822	106	GGCCTCCATGATCTCCATGGAGCT	1
2822	6588	113	AGGCCTCCATGATCTCCATGGAGC	1
6588	6587	116	TAGGCCTCCATGATCTCCATGGAG	1
6587	6586	115	GTAGGCCTCCATGATCTCCATGGA	1
6586	6585	113	AGTAGGCCTCCATGATCTCCATGG	1
6585	2817	113	GAGTAGGCCTCCATGATCTCCATG	1
2817	2816	111	CGAGTAGGCCTCCATGATCTCCAT	1
2816	2815	108	CCGAGTAGGCCTCCATGATCTCCA	1
2815	2814	112	ACCGAGTAGGCCTCCATGATCTCC	1
2814	2813	109	CACCGAGTAGGCCTCCATGATCTC	1
2813	2812	109	CCACCGAGTAGGCCTCCATGATCT	1
2812	6578	111	GCCACCGAGTAGGCCTCCATGATC	1
6578	6577	111	AGCCACCGAGTAGGCCTCCATGAT	1
6577	6576	110	GAGCCACCGAGTAGGCCTCCATGA	1
6576	2808	109	CGAGCCACCGAGTAGGCCTCCATG	1
2808	6574	108	CCGAGCCACCGAGTAGGCCTCCAT	1
6574	2806	103	GCCGAGCCACCGAGTAGGCCTCCA	1
2806	2805	101	TGCCGAGCCACCGAGTAGGCCTCC	1
2805	2804	97	CTGCCGAGCCACCGAGTAGGCCTC	1
2804	2803	98	ACTGCCGAGCCACCGAGTAGGCCT	1
2803	6569	98	AACTGCCGAGCCACCGAGTAGGCC	1
6569	6568	95	GAACTGCCGAGCCACCGAGTAGGC	1
6568	6567	94	TGAACTGCCGAGCCACCGAGTAGG	1
6567	6566	94	TTGAACTGCCGAGCCACCGAGTAG	1
6566	6565	91	GTTGAACTGCCGAGCCACCGAGTA	1
6565	6564	81	GGTTGAACTGCCGAGCCACCGAGT	1
6564	2796	90	AGGTTGAACTGCCGAGCCACCGAG	1
2796	6562	88	CAGGTTGAACTGCCGAGCCACCGA	1
6562	2794	87	TCAGGTTGAACTGCCGAGCCACCG	1
2794	6560	86	ATCAGGTTGAACTGCCGAGCCACC	1
6560	6559	86	GATCAGGTTGAACTGCCGAGCCAC	1
6559	6558	85	GGATCAGGTTGAACTGCCGAGCCA	1
6558	2790	80	GGGATCAGGTTGAACTGCCGAGCC	1
2790	6556	78	CGGGATCAGGTTGAACTGCCGAGC	1
6556	6555	79	GCGGGATCAGGTTGAACTGCCGAG	1
6555	6554	73	GGCGGGATCAGGTTGAACTGCCGA	1
6554	2786	78	GGGCGGGATCAGGTTGAACTGCCG	1
2786	2785	77	TGGGCGGGATCAGGTTGAACTGCC	1
2785	6551	79	ATGGGCGGGATCAGGTTGAACTGC	1
6551	6550	79	GATGGGCGGGATCAGGTTGAACTG	1
6550	2782	80	AGATGGGCGGGATCAGGTTGAACT	1
2782	6548	81	CAGATGGGCGGGATCAGGTTGAAC	1
6548	2780	81	GCAGATGGGCGGGATCAGGTTGAA	1
2780	6546	79	CGCAGATGGGCGGGATCAGGTTGA	1
6546	2778	80	TCGCAGATGGGCGGGATCAGGTTG	1
2778	6544	77	CTCGCAGATGGGCGGGATCAGGTT	1
6544	6543	75	GCTCGCAGATGGGCGGGATCAGGT	1
6543	6542	83	TGCTCGCAGATGGGCGGGATCAGG	1
6542	2774	83	TTGCTCGCAGATGGGCGGGATCAG	1
2774	2773	84	CTTGCTCGCAGATGGGCGGGATCA	1
2773	2772	84	GCTTGCTCGCAGATGGGCGGGATC	1
2772	2771	84	CGCTTGCTCGCAGATGGGCGGGAT	1
2771	6537	79	CCGCTTGCTCGCAGATGGGCGGGA	1
6537	6536	74	TCCGCTTGCTCGCAGATGGGCGGG	1
6536	6535	74	TTCCGCTTGCTCGCAGATGGGCGG	1
6535	2767	91	ATTCCGCTTGCTCGCAGATGGGCG	1
2767	6533	94	TATTCCGCTTGCTCGCAGATGGGC	1
6533	6532	98	ATATTCCGCTTGCTCGCAGATGGG	1
6532	6531	105	GATATTCCGCTTGCTCGCAGATGG	1
6531	6530	120	TGATATTCCGCTTGCTCGCAGATG	1
6530	6529	117	GTGATATTCCGCTTGCTCGCAGAT	1
6529	6528	117	TGTGATATTCCGCTTGCTCGCAGA	1
6528	2760	123	ATGTGATATTCCGCTTGCTCGCAG	1
2760	2759	142	CATGTGATATTCCGCTTGCTCGCA	1
2759	6525	165	ACATGTGATATTCCGCTTGCTCGC	1
6525	2757	165	AACATGTGATATTCCGCTTGCTCG	1
2757	6523	169	GAACATGTGATATTCCGCTTGCTC	1
6523	2755	168	GGAACATGTGATATTCCGCTTGCT	1
2755	2754	168	TGGAACATGTGATATTCCGCTTGC	1
2754	2753	168	CTGGAACATGTGATATTCCGCTTG	1
2753	2752	169	TCTGGAACATGTGATATTCCGCTT	1
2752	2751	168	CTCTGGAACATGTGATATTCCGCT	1
2751	2750	177	CCTCTGGAACATGTGATATTCCGC	1
2750	2749	175	CCCTCTGGAACATGTGATATTCCG	1
2749	2748	175	TCCCTCTGGAACATGTGATATTCC	1
2748	2747	173	CTCCCTCTGGAACATGTGATATTC	1
2747	2746	170	TCTCCCTCTGGAACATGTGATATT	1
2746	2745	170	TTCTCCCTCTGGAACATGTGATAT	1
2745	2744	163	CTTCTCCCTCTGGAACATGTGATA	1
2744	6510	161	CCTTCTCCCTCTGGAACATGTGAT	1
6510	2742	160	ACCTTCTCCCTCTGGAACATGTGA	1
2742	2741	167	CACCTTCTCCCTCTGGAACATGTG	1
2741	6507	169	CCACCTTCTCCCTCTGGAACATGT	1
6507	2739	172	TCCACCTTCTCCCTCTGGAACATG	1
2739	2738	174	CTCCACCTTCTCCCTCTGGAACAT	1
2738	2737	173	CCTCCACCTTCTCCCTCTGGAACA	1
2737	6503	172	ACCTCCACCTTCTCCCTCTGGAAC	1
6503	6502	172	GACCTCCACCTTCTCCCTCTGGAA	1
6502	6501	171	GGACCTCCACCTTCTCCCTCTGGA	1
6501	2733	171	TGGACCTCCACCTTCTCCCTCTGG	1
2733	6499	170	CTGGACCTCCACCTTCTCCCTCTG	1
6499	2731	170	GCTGGACCTCCACCTTCTCCCTCT	1
2731	2730	171	AGCTGGACCTCCACCTTCTCCCTC	1
2730	2729	169	CAGCTGGACCTCCACCTTCTCCCT	1
2729	2728	171	GCAGCTGGACCTCCACCTTCTCCC	1
2728	2727	170	GGCAGCTGGACCTCCACCTTCTCC	1
2727	2726	168	TGGCAGCTGGACCTCCACCTTCTC	1
2726	2725	167	CTGGCAGCTGGACCTCCACCTTCT	1
2725	2724	167	TCTGGCAGCTGGACCTCCACCTTC	1
2724	6490	159	CTCTGGCAGCTGGACCTCCACCTT	1
6490	2722	159	GCTCTGGCAGCTGGACCTCCACCT	1
2722	2721	172	AGCTCTGGCAGCTGGACCTCCACC	1
2721	6487	177	CAGCTCTGGCAGCTGGACCTCCAC	1
6487	2719	177	ACAGCTCTGGCAGCTGGACCTCCA	1
2719	2718	173	AACAGCTCTGGCAGCTGGACCTCC	1
2718	6484	172	GAACAGCTCTGGCAGCTGGACCTC	1
6484	2716	166	GGAACAGCTCTGGCAGCTGGACCT	1
2716	6482	157	TGGAACAGCTCTGGCAGCTGGACC	1
6482	6481	155	GTGGAACAGCTCTGGCAGCTGGAC	1
6481	6480	151	TGTGGAACAGCTCTGGCAGCTGGA	1
6480	2712	142	TTGTGGAACAGCTCTGGCAGCTGG	1
2712	2711	125	CTTGTGGAACAGCTCTGGCAGCTG	1
2711	2710	131	TCTTGTGGAACAGCTCTGGCAGCT	1
2710	6476	131	ATCTTGTGGAACAGCTCTGGCAGC	1
6476	2708	129	TATCTTGTGGAACAGCTCTGGCAG	1
2708	2707	111	CTATCTTGTGGAACAGCTCTGGCA	1
2707	6473	96	CCTATCTTGTGGAACAGCTCTGGC	1
6473	2705	100	TCCTATCTTGTGGAACAGCTCTGG	1
2705	2704	99	CTCCTATCTTGTGGAACAGCTCTG	1
2704	2703	98	ACTCCTATCTTGTGGAACAGCTCT	1
2703	2702	102	TACTCCTATCTTGTGGAACAGCTC	1
2702	2701	104	CTACTCCTATCTTGTGGAACAGCT	1
2701	6467	107	CCTACTCCTATCTTGTGGAACAGC	1
6467	2699	108	ACCTACTCCTATCTTGTGGAACAG	1
2699	2698	107	CACCTACTCCTATCTTGTGGAACA	1
2698	6464	109	GCACCTACTCCTATCTTGTGGAAC	1
6464	6463	111	GGCACCTACTCCTATCTTGTGGAA	1
6463	6462	111	TGGCACCTACTCCTATCTTGTGGA	1
6462	6461	119	ATGGCACCTACTCCTATCTTGTGG	1
6461	2693	120	CATGGCACCTACTCCTATCTTGTG	1
2693	6459	121	TCATGGCACCTACTCCTATCTTGT	1
6459	6458	123	GTCATGGCACCTACTCCTATCTTG	1
6458	6457	127	GGTCATGGCACCTACTCCTATCTT	1
6457	2689	123	AGGTCATGGCACCTACTCCTATCT	1
2689	2688	123	CAGGTCATGGCACCTACTCCTATC	1
2688	6454	128	CCAGGTCATGGCACCTACTCCTAT	1
6454	6453	127	ACCAGGTCATGGCACCTACTCCTA	1
6453	2685	128	GACCAGGTCATGGCACCTACTCCT	1
2685	6451	127	GGACCAGGTCATGGCACCTACTCC	1
6451	6450	125	GGGACCAGGTCATGGCACCTACTC	1
6450	2682	122	GGGGACCAGGTCATGGCACCTACT	1
2682	6448	125	AGGGGACCAGGTCATGGCACCTAC	1
6448	2680	126	GAGGGGACCAGGTCATGGCACCTA	1
2680	2679	130	AGAGGGGACCAGGTCATGGCACCT	1
2679	2678	129	CAGAGGGGACCAGGTCATGGCACC	1
2678	6444	131	CCAGAGGGGACCAGGTCATGGCAC	1
6444	2676	130	GCCAGAGGGGACCAGGTCATGGCA	1
2676	6442	143	CGCCAGAGGGGACCAGGTCATGGC	1
6442	2674	141	ACGCCAGAGGGGACCAGGTCATGG	1
2674	6440	141	CACGCCAGAGGGGACCAGGTCATG	1
6440	2672	142	GCACGCCAGAGGGGACCAGGTCAT	1
2672	2671	143	CGCACGCCAGAGGGGACCAGGTCA	1
2671	6437	145	CCGCACGCCAGAGGGGACCAGGTC	1
6437	6436	135	GCCGCACGCCAGAGGGGACCAGGT	1
6436	6435	133	TGCCGCACGCCAGAGGGGACCAGG	1
6435	6434	132	ATGCCGCACGCCAGAGGGGACCAG	1
6434	2666	133	GATGCCGCACGCCAGAGGGGACCA	1
2666	2665	135	CGATGCCGCACGCCAGAGGGGACC	1
2665	6431	137	ACGATGCCGCACGCCAGAGGGGAC	1
6431	6430	132	GACGATGCCGCACGCCAGAGGGGA	1
6430	6429	134	AGACGATGCCGCACGCCAGAGGGG	1
6429	6428	136	GAGACGATGCCGCACGCCAGAGGG	1
6428	6427	138	TGAGACGATGCCGCACGCCAGAGG	1
6427	2659	142	CTGAGACGATGCCGCACGCCAGAG	1
2659	2658	134	CCTGAGACGATGCCGCACGCCAGA	1
2658	2657	128	CCCTGAGACGATGCCGCACGCCAG	1
2657	2656	125	TCCCTGAGACGATGCCGCACGCCA	1
2656	2655	126	TTCCCTGAGACGATGCCGCACGCC	1
2655	6421	124	CTTCCCTGAGACGATGCCGCACGC	1
6421	2653	125	ACTTCCCTGAGACGATGCCGCACG	1
2653	6419	127	TACTTCCCTGAGACGATGCCGCAC	1
6419	2651	128	ATACTTCCCTGAGACGATGCCGCA	1
2651	6417	125	CATACTTCCCTGAGACGATGCCGC	1
6417	2649	125	TCATACTTCCCTGAGACGATGCCG	1
2649	2648	122	GTCATACTTCCCTGAGACGATGCC	1
2648	2647	123	TGTCATACTTCCCTGAGACGATGC	1
2647	6413	124	CTGTCATACTTCCCTGAGACGATG	1
6413	2645	136	GCTGTCATACTTCCCTGAGACGAT	1
2645	2644	135	CGCTGTCATACTTCCCTGAGACGA	1
2644	2643	137	CCGCTGTCATACTTCCCTGAGACG	1
2643	2642	142	CCCGCTGTCATACTTCCCTGAGAC	1
2642	6408	140	TCCCGCTGTCATACTTCCCTGAGA	1
6408	6407	144	ATCCCGCTGTCATACTTCCCTGAG	1
6407	6406	139	GATCCCGCTGTCATACTTCCCTGA	1
6406	6405	140	GGATCCCGCTGTCATACTTCCCTG	1
6405	2637	137	GGGATCCCGCTGTCATACTTCCCT	1
2637	2636	132	TGGGATCCCGCTGTCATACTTCCC	1
2636	6402	127	GTGGGATCCCGCTGTCATACTTCC	1
6402	6401	127	GGTGGGATCCCGCTGTCATACTTC	1
6401	6400	126	GGGTGGGATCCCGCTGTCATACTT	1
6400	2632	133	AGGGTGGGATCCCGCTGTCATACT	1
2632	6398	132	TAGGGTGGGATCCCGCTGTCATAC	1
6398	6397	130	GTAGGGTGGGATCCCGCTGTCATA	1
6397	6396	127	AGTAGGGTGGGATCCCGCTGTCAT	1
6396	6395	127	GAGTAGGGTGGGATCCCGCTGTCA	1
6395	2627	134	GGAGTAGGGTGGGATCCCGCTGTC	1
2627	2626	132	TGGAGTAGGGTGGGATCCCGCTGT	1
2626	2625	142	CTGGAGTAGGGTGGGATCCCGCTG	1
2625	2624	146	TCTGGAGTAGGGTGGGATCCCGCT	1
2624	6390	146	CTCTGGAGTAGGGTGGGATCCCGC	1
6390	2622	150	GCTCTGGAGTAGGGTGGGATCCCG	1
2622	2621	150	GGCTCTGGAGTAGGGTGGGATCCC	1
2621	6387	150	AGGCTCTGGAGTAGGGTGGGATCC	1
6387	6386	149	GAGGCTCTGGAGTAGGGTGGGATC	1
6386	6385	145	GGAGGCTCTGGAGTAGGGTGGGAT	1
6385	6384	144	GGGAGGCTCTGGAGTAGGGTGGGA	1
6384	6383	143	AGGGAGGCTCTGGAGTAGGGTGGG	1
6383	6382	145	CAGGGAGGCTCTGGAGTAGGGTGG	1
6382	2614	150	TCAGGGAGGCTCTGGAGTAGGGTG	1
2614	6380	156	TTCAGGGAGGCTCTGGAGTAGGGT	1
6380	2612	166	CTTCAGGGAGGCTCTGGAGTAGGG	1
2612	2611	166	CCTTCAGGGAGGCTCTGGAGTAGG	1
2611	6377	166	CCCTTCAGGGAGGCTCTGGAGTAG	1
6377	6376	165	GCCCTTCAGGGAGGCTCTGGAGTA	1
6376	6375	162	AGCCCTTCAGGGAGGCTCTGGAGT	1
6375	6374	158	TAGCCCTTCAGGGAGGCTCTGGAG	1
6374	6373	156	GTAGCCCTTCAGGGAGGCTCTGGA	1
6373	6372	157	GGTAGCCCTTCAGGGAGGCTCTGG	1
6372	2604	157	TGGTAGCCCTTCAGGGAGGCTCTG	1
2604	2603	155	CTGGTAGCCCTTCAGGGAGGCTCT	1
2603	2602	152	ACTGGTAGCCCTTCAGGGAGGCTC	1
2602	2601	150	CACTGGTAGCCCTTCAGGGAGGCT	1
2601	6367	146	CCACTGGTAGCCCTTCAGGGAGGC	1
6367	6366	146	ACCACTGGTAGCCCTTCAGGGAGG	1
6366	2598	146	AACCACTGGTAGCCCTTCAGGGAG	1
2598	6364	146	CAACCACTGGTAGCCCTTCAGGGA	1
6364	6363	148	TCAACCACTGGTAGCCCTTCAGGG	1
6363	2595	145	TTCAACCACTGGTAGCCCTTCAGG	1
2595	2594	144	CTTCAACCACTGGTAGCCCTTCAG	1
2594	2593	130	CCTTCAACCACTGGTAGCCCTTCA	1
2593	6359	133	TCCTTCAACCACTGGTAGCCCTTC	1
6359	2591	129	GTCCTTCAACCACTGGTAGCCCTT	1
2591	2590	126	TGTCCTTCAACCACTGGTAGCCCT	1
2590	2589	131	TTGTCCTTCAACCACTGGTAGCCC	1
2589	2588	129	CTTGTCCTTCAACCACTGGTAGCC	1
2588	6354	128	TCTTGTCCTTCAACCACTGGTAGC	1
6354	6353	125	ATCTTGTCCTTCAACCACTGGTAG	1
6353	6352	126	GATCTTGTCCTTCAACCACTGGTA	1
6352	6351	125	GGATCTTGTCCTTCAACCACTGGT	1
6351	6350	126	AGGATCTTGTCCTTCAACCACTGG	1
6350	2582	128	CAGGATCTTGTCCTTCAACCACTG	1
2582	2581	127	TCAGGATCTTGTCCTTCAACCACT	1
2581	6347	123	CTCAGGATCTTGTCCTTCAACCAC	1
6347	2579	124	ACTCAGGATCTTGTCCTTCAACCA	1
2579	2578	126	CACTCAGGATCTTGTCCTTCAACC	1
2578	2577	127	TCACTCAGGATCTTGTCCTTCAAC	1
2577	2576	126	CTCACTCAGGATCTTGTCCTTCAA	1
2576	2575	117	CCTCACTCAGGATCTTGTCCTTCA	1
2575	2574	115	TCCTCACTCAGGATCTTGTCCTTC	1
2574	2573	99	CTCCTCACTCAGGATCTTGTCCTT	1
2573	2572	95	CCTCCTCACTCAGGATCTTGTCCT	1
2572	2571	94	CCCTCCTCACTCAGGATCTTGTCC	1
2571	6337	94	ACCCTCCTCACTCAGGATCTTGTC	1
6337	6336	92	GACCCTCCTCACTCAGGATCTTGT	1
6336	6335	102	CGACCCTCCTCACTCAGGATCTTG	1
6335	6334	104	GCGACCCTCCTCACTCAGGATCTT	1
6334	2566	103	GGCGACCCTCCTCACTCAGGATCT	1
2566	6332	103	CGGCGACCCTCCTCACTCAGGATC	1
6332	6331	103	GCGGCGACCCTCCTCACTCAGGAT	1
6331	6330	101	GGCGGCGACCCTCCTCACTCAGGA	1
6330	6329	98	TGGCGGCGACCCTCCTCACTCAGG	1
6329	6328	88	CTGGCGGCGACCCTCCTCACTCAG	1
6328	2560	84	GCTGGCGGCGACCCTCCTCACTCA	1
2560	2559	84	TGCTGGCGGCGACCCTCCTCACTC	1
2559	2558	84	CTGCTGGCGGCGACCCTCCTCACT	1
2558	6324	87	CCTGCTGGCGGCGACCCTCCTCAC	1
6324	6323	87	GCCTGCTGGCGGCGACCCTCCTCA	1
6323	2555	91	GGCCTGCTGGCGGCGACCCTCCTC	1
2555	2554	89	TGGCCTGCTGGCGGCGACCCTCCT	1
2554	2553	95	TTGGCCTGCTGGCGGCGACCCTCC	1
2553	6319	98	CTTGGCCTGCTGGCGGCGACCCTC	1
6319	2551	98	GCTTGGCCTGCTGGCGGCGACCCT	1
2551	2550	103	AGCTTGGCCTGCTGGCGGCGACCC	1
2550	2549	105	CAGCTTGGCCTGCTGGCGGCGACC	1
2549	6315	111	TCAGCTTGGCCTGCTGGCGGCGAC	1
6315	2547	110	TTCAGCTTGGCCTGCTGGCGGCGA	1
2547	2546	117	CTTCAGCTTGGCCTGCTGGCGGCG	1
2546	6312	119	CCTTCAGCTTGGCCTGCTGGCGGC	1
6312	6311	124	TCCTTCAGCTTGGCCTGCTGGCGG	1
6311	6310	124	TTCCTTCAGCTTGGCCTGCTGGCG	1
6310	6309	122	GTTCCTTCAGCTTGGCCTGCTGGC	1
6309	6308	120	AGTTCCTTCAGCTTGGCCTGCTGG	1
6308	6307	120	CAGTTCCTTCAGCTTGGCCTGCTG	1
6307	2539	119	GCAGTTCCTTCAGCTTGGCCTGCT	1
2539	2538	119	TGCAGTTCCTTCAGCTTGGCCTGC	1
2538	2537	115	CTGCAGTTCCTTCAGCTTGGCCTG	1
2537	2536	110	CCTGCAGTTCCTTCAGCTTGGCCT	1
2536	6302	109	GCCTGCAGTTCCTTCAGCTTGGCC	1
6302	6301	109	GGCCTGCAGTTCCTTCAGCTTGGC	1
6301	6300	110	TGGCCTGCAGTTCCTTCAGCTTGG	1
6300	2532	111	ATGGCCTGCAGTTCCTTCAGCTTG	1
2532	2531	111	AATGGCCTGCAGTTCCTTCAGCTT	1
2531	6297	116	CAATGGCCTGCAGTTCCTTCAGCT	1
6297	6296	119	GCAATGGCCTGCAGTTCCTTCAGC	1
6296	2528	120	GGCAATGGCCTGCAGTTCCTTCAG	1
2528	2527	120	CGGCAATGGCCTGCAGTTCCTTCA	1
2527	2526	117	TCGGCAATGGCCTGCAGTTCCTTC	1
2526	6292	116	TTCGGCAATGGCCTGCAGTTCCTT	1
6292	2524	113	GTTCGGCAATGGCCTGCAGTTCCT	1
2524	2523	117	CGTTCGGCAATGGCCTGCAGTTCC	1
2523	6289	115	GCGTTCGGCAATGGCCTGCAGTTC	1
6289	6288	116	GGCGTTCGGCAATGGCCTGCAGTT	1
6288	6287	114	AGGCGTTCGGCAATGGCCTGCAGT	1
6287	2519	115	CAGGCGTTCGGCAATGGCCTGCAG	1
2519	2518	113	CCAGGCGTTCGGCAATGGCCTGCA	1
2518	6284	114	CCCAGGCGTTCGGCAATGGCCTGC	1
6284	2516	106	GCCCAGGCGTTCGGCAATGGCCTG	1
2516	2515	105	AGCCCAGGCGTTCGGCAATGGCCT	1
2515	6281	106	CAGCCCAGGCGTTCGGCAATGGCC	1
6281	6280	103	GCAGCCCAGGCGTTCGGCAATGGC	1
6280	6279	102	TGCAGCCCAGGCGTTCGGCAATGG	1
6279	6278	101	GTGCAGCCCAGGCGTTCGGCAATG	1
6278	6277	98	GGTGCAGCCCAGGCGTTCGGCAAT	1
6277	6276	94	GGGTGCAGCCCAGGCGTTCGGCAA	1
6276	2508	91	AGGGTGCAGCCCAGGCGTTCGGCA	1
2508	6274	93	TAGGGTGCAGCCCAGGCGTTCGGC	1
6274	6273	93	GTAGGGTGCAGCCCAGGCGTTCGG	1
6273	6272	90	GGTAGGGTGCAGCCCAGGCGTTCG	1
6272	6271	91	GGGTAGGGTGCAGCCCAGGCGTTC	1
6271	2503	87	GGGGTAGGGTGCAGCCCAGGCGTT	1
2503	2502	86	TGGGGTAGGGTGCAGCCCAGGCGT	1
2502	6268	88	CTGGGGTAGGGTGCAGCCCAGGCG	1
6268	6267	93	GCTGGGGTAGGGTGCAGCCCAGGC	1
6267	6266	94	AGCTGGGGTAGGGTGCAGCCCAGG	1
6266	2498	94	CAGCTGGGGTAGGGTGCAGCCCAG	1
2498	2497	95	CCAGCTGGGGTAGGGTGCAGCCCA	1
2497	2496	89	GCCAGCTGGGGTAGGGTGCAGCCC	1
2496	2495	90	GGCCAGCTGGGGTAGGGTGCAGCC	1
2495	6261	86	TGGCCAGCTGGGGTAGGGTGCAGC	1
6261	2493	87	ATGGCCAGCTGGGGTAGGGTGCAG	1
2493	2492	80	TATGGCCAGCTGGGGTAGGGTGCA	1
2492	6258	84	CTATGGCCAGCTGGGGTAGGGTGC	1
6258	6257	85	GCTATGGCCAGCTGGGGTAGGGTG	1
6257	6256	85	GGCTATGGCCAGCTGGGGTAGGGT	1
6256	6255	89	AGGCTATGGCCAGCTGGGGTAGGG	1
6255	2487	90	CAGGCTATGGCCAGCTGGGGTAGG	1
2487	6253	91	CCAGGCTATGGCCAGCTGGGGTAG	1
6253	2485	94	ACCAGGCTATGGCCAGCTGGGGTA	1
2485	6251	95	CACCAGGCTATGGCCAGCTGGGGT	1
6251	6250	101	GCACCAGGCTATGGCCAGCTGGGG	1
6250	6249	101	GGCACCAGGCTATGGCCAGCTGGG	1
6249	6248	100	AGGCACCAGGCTATGGCCAGCTGG	1
6248	2480	103	CAGGCACCAGGCTATGGCCAGCTG	1
2480	2479	105	TCAGGCACCAGGCTATGGCCAGCT	1
2479	2478	102	CTCAGGCACCAGGCTATGGCCAGC	1
2478	2477	100	CCTCAGGCACCAGGCTATGGCCAG	1
2477	2476	100	TCCTCAGGCACCAGGCTATGGCCA	1
2476	2475	101	TTCCTCAGGCACCAGGCTATGGCC	1
2475	6241	100	ATTCCTCAGGCACCAGGCTATGGC	1
6241	6240	107	CATTCCTCAGGCACCAGGCTATGG	1
6240	2472	110	TCATTCCTCAGGCACCAGGCTATG	1
2472	2471	107	CTCATTCCTCAGGCACCAGGCTAT	1
2471	2470	103	CCTCATTCCTCAGGCACCAGGCTA	1
2470	2469	100	CCCTCATTCCTCAGGCACCAGGCT	1
2469	6235	105	ACCCTCATTCCTCAGGCACCAGGC	1
6235	6234	98	CACCCTCATTCCTCAGGCACCAGG	1
6234	6233	99	ACACCCTCATTCCTCAGGCACCAG	1
6233	2465	100	GACACCCTCATTCCTCAGGCACCA	1
2465	2464	100	TGACACCCTCATTCCTCAGGCACC	1
2464	6230	99	CTGACACCCTCATTCCTCAGGCAC	1
6230	2462	103	GCTGACACCCTCATTCCTCAGGCA	1
2462	6228	103	AGCTGACACCCTCATTCCTCAGGC	1
6228	6227	103	GAGCTGACACCCTCATTCCTCAGG	1
6227	2459	103	GGAGCTGACACCCTCATTCCTCAG	1
2459	2458	103	CGGAGCTGACACCCTCATTCCTCA	1
2458	2457	104	ACGGAGCTGACACCCTCATTCCTC	1
2457	2456	104	CACGGAGCTGACACCCTCATTCCT	1
2456	2455	103	GCACGGAGCTGACACCCTCATTCC	1
2455	6221	103	AGCACGGAGCTGACACCCTCATTC	1
6221	6220	103	AAGCACGGAGCTGACACCCTCATT	1
6220	6219	104	GAAGCACGGAGCTGACACCCTCAT	1
6219	2451	107	AGAAGCACGGAGCTGACACCCTCA	1
2451	2450	107	CAGAAGCACGGAGCTGACACCCTC	1
2450	2449	103	CCAGAAGCACGGAGCTGACACCCT	1
2449	2448	96	CCCAGAAGCACGGAGCTGACACCC	1
2448	2447	97	ACCCAGAAGCACGGAGCTGACACC	1
2447	6213	96	CACCCAGAAGCACGGAGCTGACAC	1
6213	2445	96	GCACCCAGAAGCACGGAGCTGACA	1
2445	6211	96	AGCACCCAGAAGCACGGAGCTGAC	1
6211	6210	95	AAGCACCCAGAAGCACGGAGCTGA	1
6210	6209	99	GAAGCACCCAGAAGCACGGAGCTG	1
6209	2441	92	GGAAGCACCCAGAAGCACGGAGCT	1
2441	6207	92	TGGAAGCACCCAGAAGCACGGAGC	1
6207	6206	88	TTGGAAGCACCCAGAAGCACGGAG	1
6206	6205	86	ATTGGAAGCACCCAGAAGCACGGA	1
6205	6204	87	CATTGGAAGCACCCAGAAGCACGG	1
6204	2436	84	GCATTGGAAGCACCCAGAAGCACG	1
2436	2435	83	TGCATTGGAAGCACCCAGAAGCAC	1
2435	2434	77	CTGCATTGGAAGCACCCAGAAGCA	1
2434	6200	75	TCTGCATTGGAAGCACCCAGAAGC	1
6200	6199	76	TTCTGCATTGGAAGCACCCAGAAG	1
6199	6198	75	GTTCTGCATTGGAAGCACCCAGAA	1
6198	6197	77	TGTTCTGCATTGGAAGCACCCAGA	1
6197	6196	78	TTGTTCTGCATTGGAAGCACCCAG	1
6196	2428	77	GTTGTTCTGCATTGGAAGCACCCA	1
2428	2427	77	AGTTGTTCTGCATTGGAAGCACCC	1
2427	2426	78	AAGTTGTTCTGCATTGGAAGCACC	1
2426	6192	79	TAAGTTGTTCTGCATTGGAAGCAC	1
6192	2424	81	ATAAGTTGTTCTGCATTGGAAGCA	1
2424	2423	105	CATAAGTTGTTCTGCATTGGAAGC	1
2423	2422	105	CCATAAGTTGTTCTGCATTGGAAG	1
2422	2421	99	TCCATAAGTTGTTCTGCATTGGAA	1
2421	6187	98	CTCCATAAGTTGTTCTGCATTGGA	1
6187	6186	102	TCTCCATAAGTTGTTCTGCATTGG	1
6186	6185	104	TTCTCCATAAGTTGTTCTGCATTG	1
6185	2417	102	GTTCTCCATAAGTTGTTCTGCATT	1
2417	6183	95	TGTTCTCCATAAGTTGTTCTGCAT	1
6183	2415	97	ATGTTCTCCATAAGTTGTTCTGCA	1
2415	2414	99	AATGTTCTCCATAAGTTGTTCTGC	1
2414	2413	99	CAATGTTCTCCATAAGTTGTTCTG	1
2413	2412	103	CCAATGTTCTCCATAAGTTGTTCT	1
2412	2411	107	TCCAATGTTCTCCATAAGTTGTTC	1
2411	6177	110	CTCCAATGTTCTCCATAAGTTGTT	1
6177	6176	111	GCTCCAATGTTCTCCATAAGTTGT	1
6176	2408	110	TGCTCCAATGTTCTCCATAAGTTG	1
2408	6174	112	TTGCTCCAATGTTCTCCATAAGTT	1
6174	6173	112	ATTGCTCCAATGTTCTCCATAAGT	1
6173	6172	118	TATTGCTCCAATGTTCTCCATAAG	1
6172	6171	119	GTATTGCTCCAATGTTCTCCATAA	1
6171	2403	121	TGTATTGCTCCAATGTTCTCCATA	1
2403	2402	121	CTGTATTGCTCCAATGTTCTCCAT	1
2402	2401	119	CCTGTATTGCTCCAATGTTCTCCA	1
2401	2400	120	ACCTGTATTGCTCCAATGTTCTCC	1
2400	6166	118	GACCTGTATTGCTCCAATGTTCTC	1
6166	2398	123	GGACCTGTATTGCTCCAATGTTCT	1
2398	6164	126	AGGACCTGTATTGCTCCAATGTTC	1
6164	6163	124	AAGGACCTGTATTGCTCCAATGTT	1
6163	6162	123	GAAGGACCTGTATTGCTCCAATGT	1
6162	2394	124	GGAAGGACCTGTATTGCTCCAATG	1
2394	2393	124	TGGAAGGACCTGTATTGCTCCAAT	1
2393	2392	130	TTGGAAGGACCTGTATTGCTCCAA	1
2392	2391	135	TTTGGAAGGACCTGTATTGCTCCA	1
2391	2390	141	TTTTGGAAGGACCTGTATTGCTCC	1
2390	2389	141	ATTTTGGAAGGACCTGTATTGCTC	1
2389	2388	147	AATTTTGGAAGGACCTGTATTGCT	1
2388	6154	147	CAATTTTGGAAGGACCTGTATTGC	1
6154	6153	150	ACAATTTTGGAAGGACCTGTATTG	1
6153	2385	149	GACAATTTTGGAAGGACCTGTATT	1
2385	6151	147	CGACAATTTTGGAAGGACCTGTAT	1
6151	6150	148	ACGACAATTTTGGAAGGACCTGTA	1
6150	6149	151	GACGACAATTTTGGAAGGACCTGT	1
6149	2381	155	AGACGACAATTTTGGAAGGACCTG	1
2381	2380	154	AAGACGACAATTTTGGAAGGACCT	1
2380	6146	157	GAAGACGACAATTTTGGAAGGACC	1
6146	6145	160	GGAAGACGACAATTTTGGAAGGAC	1
6145	6144	161	TGGAAGACGACAATTTTGGAAGGA	1
6144	6143	163	ATGGAAGACGACAATTTTGGAAGG	1
6143	2375	165	GATGGAAGACGACAATTTTGGAAG	1
2375	6141	161	CGATGGAAGACGACAATTTTGGAA	1
6141	6140	161	ACGATGGAAGACGACAATTTTGGA	1
6140	6139	159	GACGATGGAAGACGACAATTTTGG	1
6139	2371	137	GGACGATGGAAGACGACAATTTTG	1
2371	6137	139	TGGACGATGGAAGACGACAATTTT	1
6137	2369	140	GTGGACGATGGAAGACGACAATTT	1
2369	2368	138	CGTGGACGATGGAAGACGACAATT	1
2368	2367	138	TCGTGGACGATGGAAGACGACAAT	1
2367	2366	136	CTCGTGGACGATGGAAGACGACAA	1
2366	2365	137	TCTCGTGGACGATGGAAGACGACA	1
2365	6131	140	ATCTCGTGGACGATGGAAGACGAC	1
6131	6130	137	GATCTCGTGGACGATGGAAGACGA	1
6130	2362	133	CGATCTCGTGGACGATGGAAGACG	1
2362	6128	132	TCGATCTCGTGGACGATGGAAGAC	1
6128	6127	129	GTCGATCTCGTGGACGATGGAAGA	1
6127	2359	122	TGTCGATCTCGTGGACGATGGAAG	1
2359	6125	123	CTGTCGATCTCGTGGACGATGGAA	1
6125	6124	124	GCTGTCGATCTCGTGGACGATGGA	1
6124	6123	131	TGCTGTCGATCTCGTGGACGATGG	1
6123	6122	136	ATGCTGTCGATCTCGTGGACGATG	1
6122	6121	138	AATGCTGTCGATCTCGTGGACGAT	1
6121	6120	152	GAATGCTGTCGATCTCGTGGACGA	1
6120	2352	156	AGAATGCTGTCGATCTCGTGGACG	1
2352	2351	164	CAGAATGCTGTCGATCTCGTGGAC	1
2351	2350	158	CCAGAATGCTGTCGATCTCGTGGA	1
2350	6116	157	CCCAGAATGCTGTCGATCTCGTGG	1
6116	2348	158	GCCCAGAATGCTGTCGATCTCGTG	1
2348	6114	164	TGCCCAGAATGCTGTCGATCTCGT	1
6114	2346	170	TTGCCCAGAATGCTGTCGATCTCG	1
2346	2345	168	ATTGCCCAGAATGCTGTCGATCTC	1
2345	2344	169	TATTGCCCAGAATGCTGTCGATCT	1
2344	2343	173	TTATTGCCCAGAATGCTGTCGATC	1
2343	6109	171	TTTATTGCCCAGAATGCTGTCGAT	1
6109	6108	176	GTTTATTGCCCAGAATGCTGTCGA	1
6108	6107	170	GGTTTATTGCCCAGAATGCTGTCG	1
6107	6106	162	GGGTTTATTGCCCAGAATGCTGTC	1
6106	6105	165	AGGGTTTATTGCCCAGAATGCTGT	1
6105	6104	173	TAGGGTTTATTGCCCAGAATGCTG	1
6104	2336	169	GTAGGGTTTATTGCCCAGAATGCT	1
2336	2335	169	TGTAGGGTTTATTGCCCAGAATGC	1
2335	6101	167	CTGTAGGGTTTATTGCCCAGAATG	1
6101	6100	170	GCTGTAGGGTTTATTGCCCAGAAT	1
6100	6099	171	TGCTGTAGGGTTTATTGCCCAGAA	1
6099	6098	170	TTGCTGTAGGGTTTATTGCCCAGA	1
6098	2330	172	TTTGCTGTAGGGTTTATTGCCCAG	1
2330	2329	165	TTTTGCTGTAGGGTTTATTGCCCA	1
2329	2328	170	TTTTTGCTGTAGGGTTTATTGCCC	1
2328	2327	168	CTTTTTGCTGTAGGGTTTATTGCC	1
2327	6093	161	CCTTTTTGCTGTAGGGTTTATTGC	1
6093	6092	158	TCCTTTTTGCTGTAGGGTTTATTG	1
6092	6091	156	GTCCTTTTTGCTGTAGGGTTTATT	1
6091	6090	157	AGTCCTTTTTGCTGTAGGGTTTAT	1
6090	2322	156	TAGTCCTTTTTGCTGTAGGGTTTA	1
2322	2321	162	ATAGTCCTTTTTGCTGTAGGGTTT	1
2321	2320	161	TATAGTCCTTTTTGCTGTAGGGTT	1
2320	6086	163	CTATAGTCCTTTTTGCTGTAGGGT	1
6086	6085	165	TCTATAGTCCTTTTTGCTGTAGGG	1
6085	6084	165	ATCTATAGTCCTTTTTGCTGTAGG	1
6084	6083	166	GATCTATAGTCCTTTTTGCTGTAG	1
6083	6082	170	GGATCTATAGTCCTTTTTGCTGTA	1
6082	6081	172	AGGATCTATAGTCCTTTTTGCTGT	1
6081	2313	171	TAGGATCTATAGTCCTTTTTGCTG	1
2313	2312	169	TTAGGATCTATAGTCCTTTTTGCT	1
2312	6078	174	CTTAGGATCTATAGTCCTTTTTGC	1
6078	6077	173	ACTTAGGATCTATAGTCCTTTTTG	1
6077	6076	172	GACTTAGGATCTATAGTCCTTTTT	1
6076	2308	171	AGACTTAGGATCTATAGTCCTTTT	1
2308	6074	172	TAGACTTAGGATCTATAGTCCTTT	1
6074	2306	160	GTAGACTTAGGATCTATAGTCCTT	1
2306	2305	158	AGTAGACTTAGGATCTATAGTCCT	1
2305	6071	156	GAGTAGACTTAGGATCTATAGTCC	1
6071	6070	150	GGAGTAGACTTAGGATCTATAGTC	1
6070	6069	144	GGGAGTAGACTTAGGATCTATAGT	1
6069	6068	125	GGGGAGTAGACTTAGGATCTATAG	1
6068	6067	125	TGGGGAGTAGACTTAGGATCTATA	1
6067	6066	122	GTGGGGAGTAGACTTAGGATCTAT	1
6066	6065	123	GGTGGGGAGTAGACTTAGGATCTA	1
6065	6064	125	GGGTGGGGAGTAGACTTAGGATCT	1
6064	6063	120	GGGGTGGGGAGTAGACTTAGGATC	1
6063	6062	117	AGGGGTGGGGAGTAGACTTAGGAT	1
6062	6061	106	GAGGGGTGGGGAGTAGACTTAGGA	1
6061	6060	108	CGAGGGGTGGGGAGTAGACTTAGG	1
6060	2292	102	ACGAGGGGTGGGGAGTAGACTTAG	1
2292	6058	98	CACGAGGGGTGGGGAGTAGACTTA	1
6058	6057	97	GCACGAGGGGTGGGGAGTAGACTT	1
6057	6056	93	GGCACGAGGGGTGGGGAGTAGACT	1
6056	6055	89	GGGCACGAGGGGTGGGGAGTAGAC	1
6055	6054	86	GGGGCACGAGGGGTGGGGAGTAGA	1
6054	6053	80	TGGGGCACGAGGGGTGGGGAGTAG	1
6053	6052	70	GTGGGGCACGAGGGGTGGGGAGTA	1
6052	6051	69	GGTGGGGCACGAGGGGTGGGGAGT	1
6051	2283	71	GGGTGGGGCACGAGGGGTGGGGAG	1
2283	6049	71	CGGGTGGGGCACGAGGGGTGGGGA	1
6049	6048	70	CCGGGTGGGGCACGAGGGGTGGGG	1
6048	6047	70	TCCGGGTGGGGCACGAGGGGTGGG	1
6047	6046	73	GTCCGGGTGGGGCACGAGGGGTGG	1
6046	2278	70	TGTCCGGGTGGGGCACGAGGGGTG	1
2278	6044	71	CTGTCCGGGTGGGGCACGAGGGGT	1
6044	6043	71	ACTGTCCGGGTGGGGCACGAGGGG	1
6043	6042	71	AACTGTCCGGGTGGGGCACGAGGG	1
6042	6041	74	GAACTGTCCGGGTGGGGCACGAGG	1
6041	6040	77	GGAACTGTCCGGGTGGGGCACGAG	1
6040	6039	75	GGGAACTGTCCGGGTGGGGCACGA	1
6039	2271	85	CGGGAACTGTCCGGGTGGGGCACG	1
2271	6037	86	CCGGGAACTGTCCGGGTGGGGCAC	1
6037	2269	84	ACCGGGAACTGTCCGGGTGGGGCA	1
2269	6035	85	AACCGGGAACTGTCCGGGTGGGGC	1
6035	6034	84	GAACCGGGAACTGTCCGGGTGGGG	1
6034	6033	88	GGAACCGGGAACTGTCCGGGTGGG	1
6033	6032	84	GGGAACCGGGAACTGTCCGGGTGG	1
6032	6031	91	AGGGAACCGGGAACTGTCCGGGTG	1
6031	6030	89	GAGGGAACCGGGAACTGTCCGGGT	1
6030	6029	95	GGAGGGAACCGGGAACTGTCCGGG	1
6029	6028	99	AGGAGGGAACCGGGAACTGTCCGG	1
6028	2260	102	GAGGAGGGAACCGGGAACTGTCCG	1
2260	2259	101	CGAGGAGGGAACCGGGAACTGTCC	1
2259	6025	100	ACGAGGAGGGAACCGGGAACTGTC	1
6025	6024	99	GACGAGGAGGGAACCGGGAACTGT	1
6024	6023	99	AGACGAGGAGGGAACCGGGAACTG	1
6023	2255	99	GAGACGAGGAGGGAACCGGGAACT	1
2255	2254	109	AGAGACGAGGAGGGAACCGGGAAC	1
2254	6020	109	CAGAGACGAGGAGGGAACCGGGAA	1
6020	6019	105	ACAGAGACGAGGAGGGAACCGGGA	1
6019	6018	109	AACAGAGACGAGGAGGGAACCGGG	1
6018	2250	118	GAACAGAGACGAGGAGGGAACCGG	1
2250	2249	120	CGAACAGAGACGAGGAGGGAACCG	1
2249	2248	116	GCGAACAGAGACGAGGAGGGAACC	1
2248	6014	113	AGCGAACAGAGACGAGGAGGGAAC	1
6014	2246	113	GAGCGAACAGAGACGAGGAGGGAA	1
2246	6012	112	CGAGCGAACAGAGACGAGGAGGGA	1
6012	6011	112	GCGAGCGAACAGAGACGAGGAGGG	1
6011	6010	111	AGCGAGCGAACAGAGACGAGGAGG	1
6010	6009	114	AAGCGAGCGAACAGAGACGAGGAG	1
6009	6008	110	GAAGCGAGCGAACAGAGACGAGGA	1
6008	6007	114	AGAAGCGAGCGAACAGAGACGAGG	1
6007	6006	115	CAGAAGCGAGCGAACAGAGACGAG	1
6006	6005	115	GCAGAAGCGAGCGAACAGAGACGA	1
6005	2237	116	AGCAGAAGCGAGCGAACAGAGACG	1
2237	6003	116	CAGCAGAAGCGAGCGAACAGAGAC	1
6003	6002	118	ACAGCAGAAGCGAGCGAACAGAGA	1
6002	6001	123	AACAGCAGAAGCGAGCGAACAGAG	1
6001	6000	128	GAACAGCAGAAGCGAGCGAACAGA	1
6000	5999	133	GGAACAGCAGAAGCGAGCGAACAG	1
5999	2231	130	TGGAACAGCAGAAGCGAGCGAACA	1
2231	5997	133	TTGGAACAGCAGAAGCGAGCGAAC	1
5997	2229	135	TTTGGAACAGCAGAAGCGAGCGAA	1
2229	5995	133	CTTTGGAACAGCAGAAGCGAGCGA	1
5995	5994	133	GCTTTGGAACAGCAGAAGCGAGCG	1
5994	5993	131	GGCTTTGGAACAGCAGAAGCGAGC	1
5993	5992	128	TGGCTTTGGAACAGCAGAAGCGAG	1
5992	5991	127	TTGGCTTTGGAACAGCAGAAGCGA	1
5991	2223	135	TTTGGCTTTGGAACAGCAGAAGCG	1
2223	5989	138	ATTTGGCTTTGGAACAGCAGAAGC	1
5989	5988	137	CATTTGGCTTTGGAACAGCAGAAG	1
5988	5987	138	GCATTTGGCTTTGGAACAGCAGAA	1
5987	5986	129	TGCATTTGGCTTTGGAACAGCAGA	1
5986	2218	128	CTGCATTTGGCTTTGGAACAGCAG	1
2218	2217	125	TCTGCATTTGGCTTTGGAACAGCA	1
2217	5983	128	CTCTGCATTTGGCTTTGGAACAGC	1
5983	2215	129	ACTCTGCATTTGGCTTTGGAACAG	1
2215	2214	122	CACTCTGCATTTGGCTTTGGAACA	1
2214	2213	122	ACACTCTGCATTTGGCTTTGGAAC	1
2213	2212	115	CACACTCTGCATTTGGCTTTGGAA	1
2212	5978	113	CCACACTCTGCATTTGGCTTTGGA	1
5978	5977	105	ACCACACTCTGCATTTGGCTTTGG	1
5977	5976	101	AACCACACTCTGCATTTGGCTTTG	1
5976	2208	101	GAACCACACTCTGCATTTGGCTTT	1
2208	5974	98	TGAACCACACTCTGCATTTGGCTT	1
5974	2206	99	GTGAACCACACTCTGCATTTGGCT	1
2206	5972	114	TGTGAACCACACTCTGCATTTGGC	1
5972	5971	113	ATGTGAACCACACTCTGCATTTGG	1
5971	5970	119	GATGTGAACCACACTCTGCATTTG	1
5970	2202	114	GGATGTGAACCACACTCTGCATTT	1
2202	2201	114	TGGATGTGAACCACACTCTGCATT	1
2201	2200	115	TTGGATGTGAACCACACTCTGCAT	1
2200	2199	117	TTTGGATGTGAACCACACTCTGCA	1
2199	2198	115	CTTTGGATGTGAACCACACTCTGC	1
2198	2197	116	CCTTTGGATGTGAACCACACTCTG	1
2197	2196	116	CCCTTTGGATGTGAACCACACTCT	1
2196	2195	118	TCCCTTTGGATGTGAACCACACTC	1
2195	2194	119	TTCCCTTTGGATGTGAACCACACT	1
2194	5960	123	TTTCCCTTTGGATGTGAACCACAC	1
5960	5959	123	ATTTCCCTTTGGATGTGAACCACA	1
5959	2191	127	GATTTCCCTTTGGATGTGAACCAC	1
2191	2190	123	TGATTTCCCTTTGGATGTGAACCA	1
2190	2189	123	GTGATTTCCCTTTGGATGTGAACC	1
2189	5955	121	AGTGATTTCCCTTTGGATGTGAAC	1
5955	5954	123	TAGTGATTTCCCTTTGGATGTGAA	1
5954	5953	124	ATAGTGATTTCCCTTTGGATGTGA	1
5953	5952	129	CATAGTGATTTCCCTTTGGATGTG	1
5952	5951	131	GCATAGTGATTTCCCTTTGGATGT	1
5951	5950	132	GGCATAGTGATTTCCCTTTGGATG	1
5950	5949	125	GGGCATAGTGATTTCCCTTTGGAT	1
5949	5948	124	TGGGCATAGTGATTTCCCTTTGGA	1
5948	5947	120	CTGGGCATAGTGATTTCCCTTTGG	1
5947	5946	119	TCTGGGCATAGTGATTTCCCTTTG	1
5946	2178	117	GTCTGGGCATAGTGATTTCCCTTT	1
2178	2177	112	CGTCTGGGCATAGTGATTTCCCTT	1
2177	2176	116	ACGTCTGGGCATAGTGATTTCCCT	1
2176	2175	116	CACGTCTGGGCATAGTGATTTCCC	1
2175	2174	119	TCACGTCTGGGCATAGTGATTTCC	1
2174	2173	118	GTCACGTCTGGGCATAGTGATTTC	1
2173	2172	120	TGTCACGTCTGGGCATAGTGATTT	1
2172	2171	114	CTGTCACGTCTGGGCATAGTGATT	1
2171	2170	109	CCTGTCACGTCTGGGCATAGTGAT	1
2170	5936	108	CCCTGTCACGTCTGGGCATAGTGA	1
5936	2168	111	TCCCTGTCACGTCTGGGCATAGTG	1
2168	5934	109	TTCCCTGTCACGTCTGGGCATAGT	1
5934	5933	114	ATTCCCTGTCACGTCTGGGCATAG	1
5933	2165	116	GATTCCCTGTCACGTCTGGGCATA	1
2165	2164	113	CGATTCCCTGTCACGTCTGGGCAT	1
2164	5930	112	TCGATTCCCTGTCACGTCTGGGCA	1
5930	5929	113	GTCGATTCCCTGTCACGTCTGGGC	1
5929	5928	115	GGTCGATTCCCTGTCACGTCTGGG	1
5928	5927	116	AGGTCGATTCCCTGTCACGTCTGG	1
5927	5926	117	GAGGTCGATTCCCTGTCACGTCTG	1
5926	2158	116	GGAGGTCGATTCCCTGTCACGTCT	1
2158	2157	118	TGGAGGTCGATTCCCTGTCACGTC	1
2157	5923	119	TTGGAGGTCGATTCCCTGTCACGT	1
5923	2155	122	TTTGGAGGTCGATTCCCTGTCACG	1
2155	5921	122	CTTTGGAGGTCGATTCCCTGTCAC	1
5921	2153	111	ACTTTGGAGGTCGATTCCCTGTCA	1
2153	2152	112	GACTTTGGAGGTCGATTCCCTGTC	1
2152	5918	106	TGACTTTGGAGGTCGATTCCCTGT	1
5918	5917	103	GTGACTTTGGAGGTCGATTCCCTG	1
5917	2149	104	GGTGACTTTGGAGGTCGATTCCCT	1
2149	2148	105	CGGTGACTTTGGAGGTCGATTCCC	1
2148	5914	102	GCGGTGACTTTGGAGGTCGATTCC	1
5914	2146	96	GGCGGTGACTTTGGAGGTCGATTC	1
2146	2145	94	TGGCGGTGACTTTGGAGGTCGATT	1
2145	2144	91	CTGGCGGTGACTTTGGAGGTCGAT	1
2144	5910	92	TCTGGCGGTGACTTTGGAGGTCGA	1
5910	2142	94	ATCTGGCGGTGACTTTGGAGGTCG	1
2142	5908	90	CATCTGGCGGTGACTTTGGAGGTC	1
5908	5907	90	GCATCTGGCGGTGACTTTGGAGGT	1
5907	5906	85	GGCATCTGGCGGTGACTTTGGAGG	1
5906	5905	87	CGGCATCTGGCGGTGACTTTGGAG	1
5905	5904	84	GCGGCATCTGGCGGTGACTTTGGA	1
5904	5903	82	GGCGGCATCTGGCGGTGACTTTGG	1
5903	2135	77	AGGCGGCATCTGGCGGTGACTTTG	1
2135	5901	75	CAGGCGGCATCTGGCGGTGACTTT	1
5901	5900	72	GCAGGCGGCATCTGGCGGTGACTT	1
5900	2132	69	GGCAGGCGGCATCTGGCGGTGACT	1
2132	5898	69	CGGCAGGCGGCATCTGGCGGTGAC	1
5898	5897	68	GCGGCAGGCGGCATCTGGCGGTGA	1
5897	5896	69	AGCGGCAGGCGGCATCTGGCGGTG	1
5896	5895	68	AAGCGGCAGGCGGCATCTGGCGGT	1
5895	5894	72	GAAGCGGCAGGCGGCATCTGGCGG	1
5894	2126	74	AGAAGCGGCAGGCGGCATCTGGCG	1
2126	5892	76	AAGAAGCGGCAGGCGGCATCTGGC	1
5892	5891	72	GAAGAAGCGGCAGGCGGCATCTGG	1
5891	5890	72	TGAAGAAGCGGCAGGCGGCATCTG	1
5890	2122	66	GTGAAGAAGCGGCAGGCGGCATCT	1
2122	2121	68	AGTGAAGAAGCGGCAGGCGGCATC	1
2121	2120	65	CAGTGAAGAAGCGGCAGGCGGCAT	1
2120	2119	62	CCAGTGAAGAAGCGGCAGGCGGCA	1
2119	5885	63	TCCAGTGAAGAAGCGGCAGGCGGC	1
5885	5884	63	ATCCAGTGAAGAAGCGGCAGGCGG	1
5884	5883	60	TATCCAGTGAAGAAGCGGCAGGCG	1
5883	5882	59	GTATCCAGTGAAGAAGCGGCAGGC	1
5882	5881	56	AGTATCCAGTGAAGAAGCGGCAGG	1
5881	5880	53	CAGTATCCAGTGAAGAAGCGGCAG	1
5880	5879	54	ACAGTATCCAGTGAAGAAGCGGCA	1
5879	5878	55	GACAGTATCCAGTGAAGAAGCGGC	1
5878	5877	57	GGACAGTATCCAGTGAAGAAGCGG	1
5877	2109	62	CGGACAGTATCCAGTGAAGAAGCG	1
2109	5875	64	TCGGACAGTATCCAGTGAAGAAGC	1
5875	5874	69	GTCGGACAGTATCCAGTGAAGAAG	1
5874	5873	71	TGTCGGACAGTATCCAGTGAAGAA	1
5873	5872	71	TTGTCGGACAGTATCCAGTGAAGA	1
5872	2104	74	GTTGTCGGACAGTATCCAGTGAAG	1
2104	2103	81	CGTTGTCGGACAGTATCCAGTGAA	1
2103	5869	85	CCGTTGTCGGACAGTATCCAGTGA	1
5869	5868	85	TCCGTTGTCGGACAGTATCCAGTG	1
5868	5867	84	ATCCGTTGTCGGACAGTATCCAGT	1
5867	5866	89	CATCCGTTGTCGGACAGTATCCAG	1
5866	2098	104	GCATCCGTTGTCGGACAGTATCCA	1
2098	2097	103	GGCATCCGTTGTCGGACAGTATCC	1
2097	2096	102	TGGCATCCGTTGTCGGACAGTATC	1
2096	2095	106	CTGGCATCCGTTGTCGGACAGTAT	1
2095	2094	106	CCTGGCATCCGTTGTCGGACAGTA	1
2094	2093	106	CCCTGGCATCCGTTGTCGGACAGT	1
2093	2092	111	CCCCTGGCATCCGTTGTCGGACAG	1
2092	2091	113	TCCCCTGGCATCCGTTGTCGGACA	1
2091	2090	120	ATCCCCTGGCATCCGTTGTCGGAC	1
2090	2089	121	CATCCCCTGGCATCCGTTGTCGGA	1
2089	5855	125	CCATCCCCTGGCATCCGTTGTCGG	1
5855	2087	131	GCCATCCCCTGGCATCCGTTGTCG	1
2087	5853	132	TGCCATCCCCTGGCATCCGTTGTC	1
5853	5852	131	ATGCCATCCCCTGGCATCCGTTGT	1
5852	2084	135	GATGCCATCCCCTGGCATCCGTTG	1
2084	2083	137	TGATGCCATCCCCTGGCATCCGTT	1
2083	5849	140	CTGATGCCATCCCCTGGCATCCGT	1
5849	2081	147	ACTGATGCCATCCCCTGGCATCCG	1
2081	2080	151	AACTGATGCCATCCCCTGGCATCC	1
2080	2079	152	TAACTGATGCCATCCCCTGGCATC	1
2079	2078	155	CTAACTGATGCCATCCCCTGGCAT	1
2078	2077	157	CCTAACTGATGCCATCCCCTGGCA	1
2077	2076	161	CCCTAACTGATGCCATCCCCTGGC	1
2076	2075	162	CCCCTAACTGATGCCATCCCCTGG	1
2075	2074	166	CCCCCTAACTGATGCCATCCCCTG	1
2074	2073	169	TCCCCCTAACTGATGCCATCCCCT	1
2073	2072	180	GTCCCCCTAACTGATGCCATCCCC	1
2072	2071	180	TGTCCCCCTAACTGATGCCATCCC	1
2071	2070	183	ATGTCCCCCTAACTGATGCCATCC	1
2070	5836	185	GATGTCCCCCTAACTGATGCCATC	1
5836	5835	185	GGATGTCCCCCTAACTGATGCCAT	1
5835	2067	185	TGGATGTCCCCCTAACTGATGCCA	1
2067	2066	186	CTGGATGTCCCCCTAACTGATGCC	1
2066	2065	188	TCTGGATGTCCCCCTAACTGATGC	1
2065	2064	189	CTCTGGATGTCCCCCTAACTGATG	1
2064	5830	193	CCTCTGGATGTCCCCCTAACTGAT	1
5830	5829	188	GCCTCTGGATGTCCCCCTAACTGA	1
5829	5828	192	AGCCTCTGGATGTCCCCCTAACTG	1
5828	5827	193	GAGCCTCTGGATGTCCCCCTAACT	1
5827	5826	195	GGAGCCTCTGGATGTCCCCCTAAC	1
5826	2058	189	GGGAGCCTCTGGATGTCCCCCTAA	1
2058	5824	187	CGGGAGCCTCTGGATGTCCCCCTA	1
5824	2056	185	GCGGGAGCCTCTGGATGTCCCCCT	1
2056	2055	177	GGCGGGAGCCTCTGGATGTCCCCC	1
2055	2054	174	GGGCGGGAGCCTCTGGATGTCCCC	1
2054	2053	175	TGGGCGGGAGCCTCTGGATGTCCC	1
2053	2052	170	TTGGGCGGGAGCCTCTGGATGTCC	1
2052	5818	160	CTTGGGCGGGAGCCTCTGGATGTC	1
5818	5817	159	GCTTGGGCGGGAGCCTCTGGATGT	1
5817	5816	154	GGCTTGGGCGGGAGCCTCTGGATG	1
5816	5815	150	GGGCTTGGGCGGGAGCCTCTGGAT	1
5815	5814	152	TGGGCTTGGGCGGGAGCCTCTGGA	1
5814	5813	139	GTGGGCTTGGGCGGGAGCCTCTGG	1
5813	2045	135	GGTGGGCTTGGGCGGGAGCCTCTG	1
2045	2044	135	TGGTGGGCTTGGGCGGGAGCCTCT	1
2044	5810	135	GTGGTGGGCTTGGGCGGGAGCCTC	1
5810	2042	135	GGTGGTGGGCTTGGGCGGGAGCCT	1
2042	5808	136	AGGTGGTGGGCTTGGGCGGGAGCC	1
5808	5807	134	GAGGTGGTGGGCTTGGGCGGGAGC	1
5807	2039	133	AGAGGTGGTGGGCTTGGGCGGGAG	1
2039	5805	128	CAGAGGTGGTGGGCTTGGGCGGGA	1
5805	5804	132	GCAGAGGTGGTGGGCTTGGGCGGG	1
5804	5803	132	AGCAGAGGTGGTGGGCTTGGGCGG	1
5803	2035	131	AAGCAGAGGTGGTGGGCTTGGGCG	1
2035	5801	133	TAAGCAGAGGTGGTGGGCTTGGGC	1
5801	5800	133	ATAAGCAGAGGTGGTGGGCTTGGG	1
5800	5799	131	GATAAGCAGAGGTGGTGGGCTTGG	1
5799	5798	128	GGATAAGCAGAGGTGGTGGGCTTG	1
5798	2030	124	AGGATAAGCAGAGGTGGTGGGCTT	1
2030	5796	121	AAGGATAAGCAGAGGTGGTGGGCT	1
5796	5795	119	GAAGGATAAGCAGAGGTGGTGGGC	1
5795	5794	118	TGAAGGATAAGCAGAGGTGGTGGG	1
5794	2026	118	TTGAAGGATAAGCAGAGGTGGTGG	1
2026	2025	117	CTTGAAGGATAAGCAGAGGTGGTG	1
2025	5791	115	TCTTGAAGGATAAGCAGAGGTGGT	1
5791	2023	113	TTCTTGAAGGATAAGCAGAGGTGG	1
2023	2022	108	CTTCTTGAAGGATAAGCAGAGGTG	1
2022	5788	104	TCTTCTTGAAGGATAAGCAGAGGT	1
5788	5787	97	TTCTTCTTGAAGGATAAGCAGAGG	1
5787	5786	107	TTTCTTCTTGAAGGATAAGCAGAG	1
5786	5785	104	GTTTCTTCTTGAAGGATAAGCAGA	1
5785	5784	103	TGTTTCTTCTTGAAGGATAAGCAG	1
5784	2016	103	GTGTTTCTTCTTGAAGGATAAGCA	1
2016	5782	104	AGTGTTTCTTCTTGAAGGATAAGC	1
5782	2014	102	AAGTGTTTCTTCTTGAAGGATAAG	1
2014	5780	100	CAAGTGTTTCTTCTTGAAGGATAA	1
5780	5779	97	GCAAGTGTTTCTTCTTGAAGGATA	1
5779	5778	91	GGCAAGTGTTTCTTCTTGAAGGAT	1
5778	5777	90	GGGCAAGTGTTTCTTCTTGAAGGA	1
5777	5776	88	GGGGCAAGTGTTTCTTCTTGAAGG	1
5776	5775	89	GGGGGCAAGTGTTTCTTCTTGAAG	1
5775	2007	90	TGGGGGCAAGTGTTTCTTCTTGAA	1
2007	5773	90	CTGGGGGCAAGTGTTTCTTCTTGA	1
5773	5772	88	GCTGGGGGCAAGTGTTTCTTCTTG	1
5772	2004	85	GGCTGGGGGCAAGTGTTTCTTCTT	1
2004	2003	84	TGGCTGGGGGCAAGTGTTTCTTCT	1
2003	2002	85	ATGGCTGGGGGCAAGTGTTTCTTC	1
2002	2001	84	CATGGCTGGGGGCAAGTGTTTCTT	1
2001	2000	84	CCATGGCTGGGGGCAAGTGTTTCT	1
2000	5766	84	GCCATGGCTGGGGGCAAGTGTTTC	1
5766	5765	81	GGCCATGGCTGGGGGCAAGTGTTT	1
5765	5764	78	GGGCCATGGCTGGGGGCAAGTGTT	1
5764	5763	79	AGGGCCATGGCTGGGGGCAAGTGT	1
5763	5762	76	AAGGGCCATGGCTGGGGGCAAGTG	1
5762	5761	68	GAAGGGCCATGGCTGGGGGCAAGT	1
5761	5760	69	TGAAGGGCCATGGCTGGGGGCAAG	1
5760	1992	68	GTGAAGGGCCATGGCTGGGGGCAA	1
1992	1991	67	CGTGAAGGGCCATGGCTGGGGGCA	1
1991	5757	69	CCGTGAAGGGCCATGGCTGGGGGC	1
5757	5756	67	TCCGTGAAGGGCCATGGCTGGGGG	1
5756	5755	67	TTCCGTGAAGGGCCATGGCTGGGG	1
5755	5754	68	TTTCCGTGAAGGGCCATGGCTGGG	1
5754	5753	69	ATTTCCGTGAAGGGCCATGGCTGG	1
5753	5752	69	AATTTCCGTGAAGGGCCATGGCTG	1
5752	1984	69	GAATTTCCGTGAAGGGCCATGGCT	1
1984	5750	67	AGAATTTCCGTGAAGGGCCATGGC	1
5750	1982	65	TAGAATTTCCGTGAAGGGCCATGG	1
1982	1981	66	CTAGAATTTCCGTGAAGGGCCATG	1
1981	1980	73	TCTAGAATTTCCGTGAAGGGCCAT	1
1980	1979	80	TTCTAGAATTTCCGTGAAGGGCCA	1
1979	5745	89	CTTCTAGAATTTCCGTGAAGGGCC	1
5745	5744	97	GCTTCTAGAATTTCCGTGAAGGGC	1
5744	5743	99	GGCTTCTAGAATTTCCGTGAAGGG	1
5743	5742	105	TGGCTTCTAGAATTTCCGTGAAGG	1
5742	1974	109	ATGGCTTCTAGAATTTCCGTGAAG	1
1974	1973	112	CATGGCTTCTAGAATTTCCGTGAA	1
1973	5739	114	CCATGGCTTCTAGAATTTCCGTGA	1
5739	5738	115	GCCATGGCTTCTAGAATTTCCGTG	1
5738	1970	114	GGCCATGGCTTCTAGAATTTCCGT	1
1970	1969	129	CGGCCATGGCTTCTAGAATTTCCG	1
1969	1968	132	CCGGCCATGGCTTCTAGAATTTCC	1
1968	1967	119	CCCGGCCATGGCTTCTAGAATTTC	1
1967	1966	120	ACCCGGCCATGGCTTCTAGAATTT	1
1966	1965	122	CACCCGGCCATGGCTTCTAGAATT	1
1965	1964	122	CCACCCGGCCATGGCTTCTAGAAT	1
1964	1963	122	TCCACCCGGCCATGGCTTCTAGAA	1
1963	1962	123	CTCCACCCGGCCATGGCTTCTAGA	1
1962	5728	125	CCTCCACCCGGCCATGGCTTCTAG	1
5728	5727	125	ACCTCCACCCGGCCATGGCTTCTA	1
5727	1959	127	GACCTCCACCCGGCCATGGCTTCT	1
1959	5725	128	AGACCTCCACCCGGCCATGGCTTC	1
5725	1957	127	GAGACCTCCACCCGGCCATGGCTT	1
1957	1956	126	TGAGACCTCCACCCGGCCATGGCT	1
1956	5722	127	ATGAGACCTCCACCCGGCCATGGC	1
5722	5721	126	GATGAGACCTCCACCCGGCCATGG	1
5721	5720	126	GGATGAGACCTCCACCCGGCCATG	1
5720	5719	126	AGGATGAGACCTCCACCCGGCCAT	1
5719	1951	125	AAGGATGAGACCTCCACCCGGCCA	1
1951	1950	126	TAAGGATGAGACCTCCACCCGGCC	1
1950	5716	120	CTAAGGATGAGACCTCCACCCGGC	1
5716	1948	123	TCTAAGGATGAGACCTCCACCCGG	1
1948	1947	128	CTCTAAGGATGAGACCTCCACCCG	1
1947	1946	131	GCTCTAAGGATGAGACCTCCACCC	1
1946	1945	131	TGCTCTAAGGATGAGACCTCCACC	1
1945	1944	130	CTGCTCTAAGGATGAGACCTCCAC	1
1944	1943	131	CCTGCTCTAAGGATGAGACCTCCA	1
1943	1942	133	TCCTGCTCTAAGGATGAGACCTCC	1
1942	1941	130	CTCCTGCTCTAAGGATGAGACCTC	1
1941	1940	131	CCTCCTGCTCTAAGGATGAGACCT	1
1940	1939	132	CCCTCCTGCTCTAAGGATGAGACC	1
1939	5705	138	CCCCTCCTGCTCTAAGGATGAGAC	1
5705	5704	137	GCCCCTCCTGCTCTAAGGATGAGA	1
5704	1936	141	GGCCCCTCCTGCTCTAAGGATGAG	1
1936	5702	140	CGGCCCCTCCTGCTCTAAGGATGA	1
5702	5701	143	GCGGCCCCTCCTGCTCTAAGGATG	1
5701	5700	137	GGCGGCCCCTCCTGCTCTAAGGAT	1
5700	5699	136	TGGCGGCCCCTCCTGCTCTAAGGA	1
5699	5698	134	TTGGCGGCCCCTCCTGCTCTAAGG	1
5698	1930	135	CTTGGCGGCCCCTCCTGCTCTAAG	1
1930	1929	133	TCTTGGCGGCCCCTCCTGCTCTAA	1
1929	5695	123	CTCTTGGCGGCCCCTCCTGCTCTA	1
5695	5694	114	GCTCTTGGCGGCCCCTCCTGCTCT	1
5694	5693	104	GGCTCTTGGCGGCCCCTCCTGCTC	1
5693	1925	92	GGGCTCTTGGCGGCCCCTCCTGCT	1
1925	5691	90	TGGGCTCTTGGCGGCCCCTCCTGC	1
5691	5690	87	ATGGGCTCTTGGCGGCCCCTCCTG	1
5690	1922	84	GATGGGCTCTTGGCGGCCCCTCCT	1
1922	1921	85	AGATGGGCTCTTGGCGGCCCCTCC	1
1921	1920	84	GAGATGGGCTCTTGGCGGCCCCTC	1
1920	1919	83	TGAGATGGGCTCTTGGCGGCCCCT	1
1919	1918	88	TTGAGATGGGCTCTTGGCGGCCCC	1
1918	1917	77	TTTGAGATGGGCTCTTGGCGGCCC	1
1917	1916	76	TTTTGAGATGGGCTCTTGGCGGCC	1
1916	5682	78	CTTTTGAGATGGGCTCTTGGCGGC	1
5682	1914	79	TCTTTTGAGATGGGCTCTTGGCGG	1
1914	1913	80	CTCTTTTGAGATGGGCTCTTGGCG	1
1913	1912	84	CCTCTTTTGAGATGGGCTCTTGGC	1
1912	1911	87	CCCTCTTTTGAGATGGGCTCTTGG	1
1911	1910	92	CCCCTCTTTTGAGATGGGCTCTTG	1
1910	1909	95	ACCCCTCTTTTGAGATGGGCTCTT	1
1909	1908	110	CACCCCTCTTTTGAGATGGGCTCT	1
1908	1907	110	ACACCCCTCTTTTGAGATGGGCTC	1
1907	5673	108	CACACCCCTCTTTTGAGATGGGCT	1
5673	5672	118	GCACACCCCTCTTTTGAGATGGGC	1
5672	5671	120	TGCACACCCCTCTTTTGAGATGGG	1
5671	5670	118	GTGCACACCCCTCTTTTGAGATGG	1
5670	5669	123	GGTGCACACCCCTCTTTTGAGATG	1
5669	5668	123	GGGTGCACACCCCTCTTTTGAGAT	1
5668	5667	127	AGGGTGCACACCCCTCTTTTGAGA	1
5667	5666	126	AAGGGTGCACACCCCTCTTTTGAG	1
5666	5665	125	GAAGGGTGCACACCCCTCTTTTGA	1
5665	5664	142	AGAAGGGTGCACACCCCTCTTTTG	1
5664	5663	140	GAGAAGGGTGCACACCCCTCTTTT	1
5663	5662	137	GGAGAAGGGTGCACACCCCTCTTT	1
5662	1894	135	GGGAGAAGGGTGCACACCCCTCTT	1
1894	1893	135	TGGGAGAAGGGTGCACACCCCTCT	1
1893	1892	133	CTGGGAGAAGGGTGCACACCCCTC	1
1892	1891	132	TCTGGGAGAAGGGTGCACACCCCT	1
1891	1890	130	CTCTGGGAGAAGGGTGCACACCCC	1
1890	1889	130	ACTCTGGGAGAAGGGTGCACACCC	1
1889	5655	130	GACTCTGGGAGAAGGGTGCACACC	1
5655	5654	129	GGACTCTGGGAGAAGGGTGCACAC	1
5654	1886	126	AGGACTCTGGGAGAAGGGTGCACA	1
1886	1885	129	CAGGACTCTGGGAGAAGGGTGCAC	1
1885	1884	124	CCAGGACTCTGGGAGAAGGGTGCA	1
1884	5650	133	ACCAGGACTCTGGGAGAAGGGTGC	1
5650	1882	134	CACCAGGACTCTGGGAGAAGGGTG	1
1882	5648	134	CCACCAGGACTCTGGGAGAAGGGT	1
5648	5647	138	ACCACCAGGACTCTGGGAGAAGGG	1
5647	5646	138	AACCACCAGGACTCTGGGAGAAGG	1
5646	1878	139	TAACCACCAGGACTCTGGGAGAAG	1
1878	5644	139	CTAACCACCAGGACTCTGGGAGAA	1
5644	5643	139	TCTAACCACCAGGACTCTGGGAGA	1
5643	5642	135	CTCTAACCACCAGGACTCTGGGAG	1
5642	5641	136	GCTCTAACCACCAGGACTCTGGGA	1
5641	5640	137	TGCTCTAACCACCAGGACTCTGGG	1
5640	1872	136	CTGCTCTAACCACCAGGACTCTGG	1
1872	1871	136	CCTGCTCTAACCACCAGGACTCTG	1
1871	1870	137	CCCTGCTCTAACCACCAGGACTCT	1
1870	5636	134	GCCCTGCTCTAACCACCAGGACTC	1
5636	5635	136	GGCCCTGCTCTAACCACCAGGACT	1
5635	5634	134	GGGCCCTGCTCTAACCACCAGGAC	1
5634	5633	131	AGGGCCCTGCTCTAACCACCAGGA	1
5633	5632	131	GAGGGCCCTGCTCTAACCACCAGG	1
5632	5631	131	GGAGGGCCCTGCTCTAACCACCAG	1
5631	1863	128	GGGAGGGCCCTGCTCTAACCACCA	1
1863	5629	133	AGGGAGGGCCCTGCTCTAACCACC	1
5629	5628	132	GAGGGAGGGCCCTGCTCTAACCAC	1
5628	1860	131	AGAGGGAGGGCCCTGCTCTAACCA	1
1860	1859	130	AAGAGGGAGGGCCCTGCTCTAACC	1
1859	5625	125	AAAGAGGGAGGGCCCTGCTCTAAC	1
5625	5624	124	GAAAGAGGGAGGGCCCTGCTCTAA	1
5624	1856	114	GGAAAGAGGGAGGGCCCTGCTCTA	1
1856	1855	115	TGGAAAGAGGGAGGGCCCTGCTCT	1
1855	1854	116	ATGGAAAGAGGGAGGGCCCTGCTC	1
1854	1853	108	CATGGAAAGAGGGAGGGCCCTGCT	1
1853	5619	113	CCATGGAAAGAGGGAGGGCCCTGC	1
5619	5618	113	TCCATGGAAAGAGGGAGGGCCCTG	1
5618	1850	110	GTCCATGGAAAGAGGGAGGGCCCT	1
1850	1849	117	TGTCCATGGAAAGAGGGAGGGCCC	1
1849	5615	112	GTGTCCATGGAAAGAGGGAGGGCC	1
5615	5614	113	GGTGTCCATGGAAAGAGGGAGGGC	1
5614	5613	120	TGGTGTCCATGGAAAGAGGGAGGG	1
5613	1845	103	CTGGTGTCCATGGAAAGAGGGAGG	1
1845	5611	105	CCTGGTGTCCATGGAAAGAGGGAG	1
5611	5610	111	ACCTGGTGTCCATGGAAAGAGGGA	1
5610	5609	113	TACCTGGTGTCCATGGAAAGAGGG	1
5609	5608	118	GTACCTGGTGTCCATGGAAAGAGG	1
5608	5607	131	AGTACCTGGTGTCCATGGAAAGAG	1
5607	5606	133	AAGTACCTGGTGTCCATGGAAAGA	1
5606	1838	133	AAAGTACCTGGTGTCCATGGAAAG	1
1838	5604	132	CAAAGTACCTGGTGTCCATGGAAA	1
5604	5603	134	GCAAAGTACCTGGTGTCCATGGAA	1
5603	5602	144	AGCAAAGTACCTGGTGTCCATGGA	1
5602	5601	147	GAGCAAAGTACCTGGTGTCCATGG	1
5601	1833	151	TGAGCAAAGTACCTGGTGTCCATG	1
1833	1832	172	TTGAGCAAAGTACCTGGTGTCCAT	1
1832	1831	161	CTTGAGCAAAGTACCTGGTGTCCA	1
1831	1830	171	CCTTGAGCAAAGTACCTGGTGTCC	1
1830	5596	175	GCCTTGAGCAAAGTACCTGGTGTC	1
5596	5595	179	AGCCTTGAGCAAAGTACCTGGTGT	1
5595	1827	186	CAGCCTTGAGCAAAGTACCTGGTG	1
1827	5593	187	CCAGCCTTGAGCAAAGTACCTGGT	1
5593	5592	192	GCCAGCCTTGAGCAAAGTACCTGG	1
5592	1824	194	GGCCAGCCTTGAGCAAAGTACCTG	1
1824	1823	196	AGGCCAGCCTTGAGCAAAGTACCT	1
1823	1822	198	CAGGCCAGCCTTGAGCAAAGTACC	1
1822	1821	197	CCAGGCCAGCCTTGAGCAAAGTAC	1
1821	5587	193	TCCAGGCCAGCCTTGAGCAAAGTA	1
5587	5586	193	ATCCAGGCCAGCCTTGAGCAAAGT	1
5586	5585	193	GATCCAGGCCAGCCTTGAGCAAAG	1
5585	5584	194	GGATCCAGGCCAGCCTTGAGCAAA	1
5584	5583	192	GGGATCCAGGCCAGCCTTGAGCAA	1
5583	1815	194	TGGGATCCAGGCCAGCCTTGAGCA	1
1815	5581	202	ATGGGATCCAGGCCAGCCTTGAGC	1
5581	5580	203	AATGGGATCCAGGCCAGCCTTGAG	1
5580	5579	209	GAATGGGATCCAGGCCAGCCTTGA	1
5579	1811	214	AGAATGGGATCCAGGCCAGCCTTG	1
1811	5577	210	AAGAATGGGATCCAGGCCAGCCTT	1
5577	5576	214	GAAGAATGGGATCCAGGCCAGCCT	1
5576	1808	213	GGAAGAATGGGATCCAGGCCAGCC	1
1808	5574	209	AGGAAGAATGGGATCCAGGCCAGC	1
5574	1806	211	TAGGAAGAATGGGATCCAGGCCAG	1
1806	1805	211	CTAGGAAGAATGGGATCCAGGCCA	1
1805	1804	209	CCTAGGAAGAATGGGATCCAGGCC	1
1804	5570	210	ACCTAGGAAGAATGGGATCCAGGC	1
5570	5569	218	GACCTAGGAAGAATGGGATCCAGG	1
5569	5568	224	AGACCTAGGAAGAATGGGATCCAG	1
5568	1800	219	AAGACCTAGGAAGAATGGGATCCA	1
1800	1799	217	CAAGACCTAGGAAGAATGGGATCC	1
1799	5565	217	TCAAGACCTAGGAAGAATGGGATC	1
5565	5564	209	GTCAAGACCTAGGAAGAATGGGAT	1
5564	5563	210	GGTCAAGACCTAGGAAGAATGGGA	1
5563	5562	212	AGGTCAAGACCTAGGAAGAATGGG	1
5562	5561	203	CAGGTCAAGACCTAGGAAGAATGG	1
5561	5560	207	GCAGGTCAAGACCTAGGAAGAATG	1
5560	5559	204	GGCAGGTCAAGACCTAGGAAGAAT	1
5559	5558	196	GGGCAGGTCAAGACCTAGGAAGAA	1
5558	5557	191	GGGGCAGGTCAAGACCTAGGAAGA	1
5557	5556	193	TGGGGCAGGTCAAGACCTAGGAAG	1
5556	5555	177	GTGGGGCAGGTCAAGACCTAGGAA	1
5555	5554	181	TGTGGGGCAGGTCAAGACCTAGGA	1
5554	5553	177	ATGTGGGGCAGGTCAAGACCTAGG	1
5553	5552	177	TATGTGGGGCAGGTCAAGACCTAG	1
5552	5551	176	GTATGTGGGGCAGGTCAAGACCTA	1
5551	5550	165	GGTATGTGGGGCAGGTCAAGACCT	1
5550	1782	159	GGGTATGTGGGGCAGGTCAAGACC	1
1782	5548	154	TGGGTATGTGGGGCAGGTCAAGAC	1
5548	5547	128	GTGGGTATGTGGGGCAGGTCAAGA	1
5547	1779	125	GGTGGGTATGTGGGGCAGGTCAAG	1
1779	1778	116	CGGTGGGTATGTGGGGCAGGTCAA	1
1778	1777	121	TCGGTGGGTATGTGGGGCAGGTCA	1
1777	5543	121	CTCGGTGGGTATGTGGGGCAGGTC	1
5543	5542	122	GCTCGGTGGGTATGTGGGGCAGGT	1
5542	5541	123	GGCTCGGTGGGTATGTGGGGCAGG	1
5541	5540	125	AGGCTCGGTGGGTATGTGGGGCAG	1
5540	1772	123	AAGGCTCGGTGGGTATGTGGGGCA	1
1772	5538	124	CAAGGCTCGGTGGGTATGTGGGGC	1
5538	5537	120	CCAAGGCTCGGTGGGTATGTGGGG	1
5537	5536	122	GCCAAGGCTCGGTGGGTATGTGGG	1
5536	5535	124	AGCCAAGGCTCGGTGGGTATGTGG	1
5535	1767	124	CAGCCAAGGCTCGGTGGGTATGTG	1
1767	5533	124	TCAGCCAAGGCTCGGTGGGTATGT	1
5533	1765	126	GTCAGCCAAGGCTCGGTGGGTATG	1
1765	5531	125	TGTCAGCCAAGGCTCGGTGGGTAT	1
5531	1763	125	ATGTCAGCCAAGGCTCGGTGGGTA	1
1763	5529	118	TATGTCAGCCAAGGCTCGGTGGGT	1
5529	5528	127	CTATGTCAGCCAAGGCTCGGTGGG	1
5528	5527	121	GCTATGTCAGCCAAGGCTCGGTGG	1
5527	1759	119	AGCTATGTCAGCCAAGGCTCGGTG	1
1759	5525	118	TAGCTATGTCAGCCAAGGCTCGGT	1
5525	5524	120	GTAGCTATGTCAGCCAAGGCTCGG	1
5524	5523	120	GGTAGCTATGTCAGCCAAGGCTCG	1
5523	1755	117	GGGTAGCTATGTCAGCCAAGGCTC	1
1755	1754	114	TGGGTAGCTATGTCAGCCAAGGCT	1
1754	5520	112	CTGGGTAGCTATGTCAGCCAAGGC	1
5520	5519	108	GCTGGGTAGCTATGTCAGCCAAGG	1
5519	1751	107	AGCTGGGTAGCTATGTCAGCCAAG	1
1751	1750	101	CAGCTGGGTAGCTATGTCAGCCAA	1
1750	1749	95	CCAGCTGGGTAGCTATGTCAGCCA	1
1749	5515	94	GCCAGCTGGGTAGCTATGTCAGCC	1
5515	5514	92	GGCCAGCTGGGTAGCTATGTCAGC	1
5514	5513	84	GGGCCAGCTGGGTAGCTATGTCAG	1
5513	1745	84	AGGGCCAGCTGGGTAGCTATGTCA	1
1745	1744	81	AAGGGCCAGCTGGGTAGCTATGTC	1
1744	1743	78	CAAGGGCCAGCTGGGTAGCTATGT	1
1743	5509	79	CCAAGGGCCAGCTGGGTAGCTATG	1
5509	5508	79	GCCAAGGGCCAGCTGGGTAGCTAT	1
5508	5507	81	GGCCAAGGGCCAGCTGGGTAGCTA	1
5507	5506	82	GGGCCAAGGGCCAGCTGGGTAGCT	1
5506	5505	83	GGGGCCAAGGGCCAGCTGGGTAGC	1
5505	5504	76	GGGGGCCAAGGGCCAGCTGGGTAG	1
5504	5503	76	TGGGGGCCAAGGGCCAGCTGGGTA	1
5503	5502	73	GTGGGGGCCAAGGGCCAGCTGGGT	1
5502	5501	74	GGTGGGGGCCAAGGGCCAGCTGGG	1
5501	5500	71	GGGTGGGGGCCAAGGGCCAGCTGG	1
5500	5499	71	AGGGTGGGGGCCAAGGGCCAGCTG	1
5499	5498	71	GAGGGTGGGGGCCAAGGGCCAGCT	1
5498	5497	72	GGAGGGTGGGGGCCAAGGGCCAGC	1
5497	5496	69	GGGAGGGTGGGGGCCAAGGGCCAG	1
5496	5495	62	GGGGAGGGTGGGGGCCAAGGGCCA	1
5495	1727	45	GGGGGAGGGTGGGGGCCAAGGGCC	1
1727	5493	43	AGGGGGAGGGTGGGGGCCAAGGGC	1
5493	5492	37	AAGGGGGAGGGTGGGGGCCAAGGG	1
5492	5491	36	CAAGGGGGAGGGTGGGGGCCAAGG	1
5491	5490	40	GCAAGGGGGAGGGTGGGGGCCAAG	1
5490	1722	38	AGCAAGGGGGAGGGTGGGGGCCAA	1
1722	1721	38	CAGCAAGGGGGAGGGTGGGGGCCA	1
1721	5487	43	CCAGCAAGGGGGAGGGTGGGGGCC	1
5487	5486	44	GCCAGCAAGGGGGAGGGTGGGGGC	1
5486	5485	43	TGCCAGCAAGGGGGAGGGTGGGGG	1
5485	5484	45	CTGCCAGCAAGGGGGAGGGTGGGG	1
5484	1716	45	CCTGCCAGCAAGGGGGAGGGTGGG	1
1716	5482	44	CCCTGCCAGCAAGGGGGAGGGTGG	1
5482	5481	43	GCCCTGCCAGCAAGGGGGAGGGTG	1
5481	5480	39	GGCCCTGCCAGCAAGGGGGAGGGT	1
5480	5479	42	TGGCCCTGCCAGCAAGGGGGAGGG	1
5479	1711	40	CTGGCCCTGCCAGCAAGGGGGAGG	1
1711	1710	39	CCTGGCCCTGCCAGCAAGGGGGAG	1
1710	5476	38	CCCTGGCCCTGCCAGCAAGGGGGA	1
5476	5475	38	TCCCTGGCCCTGCCAGCAAGGGGG	1
5475	5474	38	ATCCCTGGCCCTGCCAGCAAGGGG	1
5474	5473	41	AATCCCTGGCCCTGCCAGCAAGGG	1
5473	5472	43	GAATCCCTGGCCCTGCCAGCAAGG	1
5472	5471	41	GGAATCCCTGGCCCTGCCAGCAAG	1
5471	1703	41	TGGAATCCCTGGCCCTGCCAGCAA	1
1703	5469	43	CTGGAATCCCTGGCCCTGCCAGCA	1
5469	5468	44	GCTGGAATCCCTGGCCCTGCCAGC	1
5468	1700	45	AGCTGGAATCCCTGGCCCTGCCAG	1
1700	1699	45	CAGCTGGAATCCCTGGCCCTGCCA	1
1699	1698	47	CCAGCTGGAATCCCTGGCCCTGCC	1
1698	5464	47	GCCAGCTGGAATCCCTGGCCCTGC	1
5464	1696	47	AGCCAGCTGGAATCCCTGGCCCTG	1
1696	1695	47	AAGCCAGCTGGAATCCCTGGCCCT	1
1695	1694	50	AAAGCCAGCTGGAATCCCTGGCCC	1
1694	5460	51	GAAAGCCAGCTGGAATCCCTGGCC	1
5460	5459	53	GGAAAGCCAGCTGGAATCCCTGGC	1
5459	5458	50	GGGAAAGCCAGCTGGAATCCCTGG	1
5458	1690	51	TGGGAAAGCCAGCTGGAATCCCTG	1
1690	1689	52	CTGGGAAAGCCAGCTGGAATCCCT	1
1689	1688	52	GCTGGGAAAGCCAGCTGGAATCCC	1
1688	1687	52	TGCTGGGAAAGCCAGCTGGAATCC	1
1687	5453	62	ATGCTGGGAAAGCCAGCTGGAATC	1
5453	5452	61	GATGCTGGGAAAGCCAGCTGGAAT	1
5452	5451	64	AGATGCTGGGAAAGCCAGCTGGAA	1
5451	5450	68	AAGATGCTGGGAAAGCCAGCTGGA	1
5450	5449	69	GAAGATGCTGGGAAAGCCAGCTGG	1
5449	1681	69	GGAAGATGCTGGGAAAGCCAGCTG	1
1681	1680	69	TGGAAGATGCTGGGAAAGCCAGCT	1
1680	5446	70	TTGGAAGATGCTGGGAAAGCCAGC	1
5446	5445	69	GTTGGAAGATGCTGGGAAAGCCAG	1
5445	1677	72	AGTTGGAAGATGCTGGGAAAGCCA	1
1677	5443	76	CAGTTGGAAGATGCTGGGAAAGCC	1
5443	5442	77	GCAGTTGGAAGATGCTGGGAAAGC	1
5442	1674	77	AGCAGTTGGAAGATGCTGGGAAAG	1
1674	1673	77	CAGCAGTTGGAAGATGCTGGGAAA	1
1673	1672	76	TCAGCAGTTGGAAGATGCTGGGAA	1
1672	5438	71	CTCAGCAGTTGGAAGATGCTGGGA	1
5438	5437	71	GCTCAGCAGTTGGAAGATGCTGGG	1
5437	5436	70	GGCTCAGCAGTTGGAAGATGCTGG	1
5436	5435	66	GGGCTCAGCAGTTGGAAGATGCTG	1
5435	1667	68	GGGGCTCAGCAGTTGGAAGATGCT	1
1667	5433	71	TGGGGCTCAGCAGTTGGAAGATGC	1
5433	1665	69	GTGGGGCTCAGCAGTTGGAAGATG	1
1665	1664	73	TGTGGGGCTCAGCAGTTGGAAGAT	1
1664	5430	73	CTGTGGGGCTCAGCAGTTGGAAGA	1
5430	5429	74	GCTGTGGGGCTCAGCAGTTGGAAG	1
5429	1661	74	TGCTGTGGGGCTCAGCAGTTGGAA	1
1661	1660	76	CTGCTGTGGGGCTCAGCAGTTGGA	1
1660	5426	80	CCTGCTGTGGGGCTCAGCAGTTGG	1
5426	1658	84	GCCTGCTGTGGGGCTCAGCAGTTG	1
1658	1657	89	TGCCTGCTGTGGGGCTCAGCAGTT	1
1657	1656	89	TTGCCTGCTGTGGGGCTCAGCAGT	1
1656	5422	89	CTTGCCTGCTGTGGGGCTCAGCAG	1
5422	1654	87	GCTTGCCTGCTGTGGGGCTCAGCA	1
1654	5420	86	AGCTTGCCTGCTGTGGGGCTCAGC	1
5420	5419	86	GAGCTTGCCTGCTGTGGGGCTCAG	1
5419	1651	86	TGAGCTTGCCTGCTGTGGGGCTCA	1
1651	5417	85	CTGAGCTTGCCTGCTGTGGGGCTC	1
5417	1649	85	GCTGAGCTTGCCTGCTGTGGGGCT	1
1649	5415	88	TGCTGAGCTTGCCTGCTGTGGGGC	1
5415	5414	88	CTGCTGAGCTTGCCTGCTGTGGGG	1
5414	5413	87	CCTGCTGAGCTTGCCTGCTGTGGG	1
5413	5412	88	GCCTGCTGAGCTTGCCTGCTGTGG	1
5412	5411	87	AGCCTGCTGAGCTTGCCTGCTGTG	1
5411	1643	88	AAGCCTGCTGAGCTTGCCTGCTGT	1
1643	1642	91	CAAGCCTGCTGAGCTTGCCTGCTG	1
1642	1641	96	CCAAGCCTGCTGAGCTTGCCTGCT	1
1641	5407	95	TCCAAGCCTGCTGAGCTTGCCTGC	1
5407	1639	94	ATCCAAGCCTGCTGAGCTTGCCTG	1
1639	1638	92	CATCCAAGCCTGCTGAGCTTGCCT	1
1638	1637	89	CCATCCAAGCCTGCTGAGCTTGCC	1
1637	1636	87	TCCATCCAAGCCTGCTGAGCTTGC	1
1636	5402	86	CTCCATCCAAGCCTGCTGAGCTTG	1
5402	5401	74	GCTCCATCCAAGCCTGCTGAGCTT	1
5401	5400	77	GGCTCCATCCAAGCCTGCTGAGCT	1
5400	5399	80	GGGCTCCATCCAAGCCTGCTGAGC	1
5399	5398	79	TGGGCTCCATCCAAGCCTGCTGAG	1
5398	5397	79	ATGGGCTCCATCCAAGCCTGCTGA	1
5397	1629	84	GATGGGCTCCATCCAAGCCTGCTG	1
1629	1628	84	CGATGGGCTCCATCCAAGCCTGCT	1
1628	5394	82	CCGATGGGCTCCATCCAAGCCTGC	1
5394	1626	88	TCCGATGGGCTCCATCCAAGCCTG	1
1626	1625	82	CTCCGATGGGCTCCATCCAAGCCT	1
1625	1624	81	ACTCCGATGGGCTCCATCCAAGCC	1
1624	5390	83	TACTCCGATGGGCTCCATCCAAGC	1
5390	1622	86	ATACTCCGATGGGCTCCATCCAAG	1
1622	5388	85	CATACTCCGATGGGCTCCATCCAA	1
5388	1620	85	GCATACTCCGATGGGCTCCATCCA	1
1620	1619	91	GGCATACTCCGATGGGCTCCATCC	1
1619	5385	93	AGGCATACTCCGATGGGCTCCATC	1
5385	5384	93	GAGGCATACTCCGATGGGCTCCAT	1
5384	1616	93	AGAGGCATACTCCGATGGGCTCCA	1
1616	1615	91	GAGAGGCATACTCCGATGGGCTCC	1
1615	1614	91	TGAGAGGCATACTCCGATGGGCTC	1
1614	1613	93	TTGAGAGGCATACTCCGATGGGCT	1
1613	5379	96	CTTGAGAGGCATACTCCGATGGGC	1
5379	5378	98	TCTTGAGAGGCATACTCCGATGGG	1
5378	5377	96	GTCTTGAGAGGCATACTCCGATGG	1
5377	1609	96	TGTCTTGAGAGGCATACTCCGATG	1
1609	1608	94	CTGTCTTGAGAGGCATACTCCGAT	1
1608	5374	91	TCTGTCTTGAGAGGCATACTCCGA	1
5374	1606	87	GTCTGTCTTGAGAGGCATACTCCG	1
1606	1605	83	TGTCTGTCTTGAGAGGCATACTCC	1
1605	5371	84	GTGTCTGTCTTGAGAGGCATACTC	1
5371	5370	85	AGTGTCTGTCTTGAGAGGCATACT	1
5370	1602	86	GAGTGTCTGTCTTGAGAGGCATAC	1
1602	1601	86	CGAGTGTCTGTCTTGAGAGGCATA	1
1601	1600	84	ACGAGTGTCTGTCTTGAGAGGCAT	1
1600	1599	86	CACGAGTGTCTGTCTTGAGAGGCA	1
1599	1598	87	CCACGAGTGTCTGTCTTGAGAGGC	1
1598	5364	87	CCCACGAGTGTCTGTCTTGAGAGG	1
5364	5363	85	GCCCACGAGTGTCTGTCTTGAGAG	1
5363	5362	85	TGCCCACGAGTGTCTGTCTTGAGA	1
5362	1594	89	TTGCCCACGAGTGTCTGTCTTGAG	1
1594	5360	85	CTTGCCCACGAGTGTCTGTCTTGA	1
5360	1592	85	ACTTGCCCACGAGTGTCTGTCTTG	1
1592	1591	82	CACTTGCCCACGAGTGTCTGTCTT	1
1591	1590	79	ACACTTGCCCACGAGTGTCTGTCT	1
1590	1589	79	CACACTTGCCCACGAGTGTCTGTC	1
1589	5355	81	CCACACTTGCCCACGAGTGTCTGT	1
5355	1587	84	GCCACACTTGCCCACGAGTGTCTG	1
1587	1586	87	TGCCACACTTGCCCACGAGTGTCT	1
1586	5352	88	CTGCCACACTTGCCCACGAGTGTC	1
5352	5351	82	GCTGCCACACTTGCCCACGAGTGT	1
5351	1583	92	AGCTGCCACACTTGCCCACGAGTG	1
1583	1582	93	CAGCTGCCACACTTGCCCACGAGT	1
1582	5348	95	CCAGCTGCCACACTTGCCCACGAG	1
5348	5347	94	GCCAGCTGCCACACTTGCCCACGA	1
5347	5346	103	GGCCAGCTGCCACACTTGCCCACG	1
5346	5345	101	GGGCCAGCTGCCACACTTGCCCAC	1
5345	1577	91	GGGGCCAGCTGCCACACTTGCCCA	1
1577	1576	93	TGGGGCCAGCTGCCACACTTGCCC	1
1576	5342	89	GTGGGGCCAGCTGCCACACTTGCC	1
5342	5341	84	GGTGGGGCCAGCTGCCACACTTGC	1
5341	5340	86	CGGTGGGGCCAGCTGCCACACTTG	1
5340	1572	82	GCGGTGGGGCCAGCTGCCACACTT	1
1572	1571	82	TGCGGTGGGGCCAGCTGCCACACT	1
1571	1570	86	CTGCGGTGGGGCCAGCTGCCACAC	1
1570	1569	86	CCTGCGGTGGGGCCAGCTGCCACA	1
1569	1568	83	GCCTGCGGTGGGGCCAGCTGCCAC	1
1568	1567	84	TGCCTGCGGTGGGGCCAGCTGCCA	1
1567	1566	92	CTGCCTGCGGTGGGGCCAGCTGCC	1
1566	5332	82	CCTGCCTGCGGTGGGGCCAGCTGC	1
5332	1564	86	ACCTGCCTGCGGTGGGGCCAGCTG	1
1564	1563	87	CACCTGCCTGCGGTGGGGCCAGCT	1
1563	5329	92	CCACCTGCCTGCGGTGGGGCCAGC	1
5329	1561	93	GCCACCTGCCTGCGGTGGGGCCAG	1
1561	1560	94	TGCCACCTGCCTGCGGTGGGGCCA	1
1560	5326	95	CTGCCACCTGCCTGCGGTGGGGCC	1
5326	5325	97	GCTGCCACCTGCCTGCGGTGGGGC	1
5325	5324	97	TGCTGCCACCTGCCTGCGGTGGGG	1
5324	1556	97	CTGCTGCCACCTGCCTGCGGTGGG	1
1556	5322	101	CCTGCTGCCACCTGCCTGCGGTGG	1
5322	5321	102	GCCTGCTGCCACCTGCCTGCGGTG	1
5321	5320	108	AGCCTGCTGCCACCTGCCTGCGGT	1
5320	1552	113	AAGCCTGCTGCCACCTGCCTGCGG	1
1552	1551	116	CAAGCCTGCTGCCACCTGCCTGCG	1
1551	5317	115	GCAAGCCTGCTGCCACCTGCCTGC	1
5317	1549	119	TGCAAGCCTGCTGCCACCTGCCTG	1
1549	1548	119	TTGCAAGCCTGCTGCCACCTGCCT	1
1548	1547	118	CTTGCAAGCCTGCTGCCACCTGCC	1
1547	5313	119	TCTTGCAAGCCTGCTGCCACCTGC	1
5313	5312	121	GTCTTGCAAGCCTGCTGCCACCTG	1
5312	1544	120	GGTCTTGCAAGCCTGCTGCCACCT	1
1544	1543	118	TGGTCTTGCAAGCCTGCTGCCACC	1
1543	1542	116	ATGGTCTTGCAAGCCTGCTGCCAC	1
1542	1541	117	TATGGTCTTGCAAGCCTGCTGCCA	1
1541	1540	119	ATATGGTCTTGCAAGCCTGCTGCC	1
1540	1539	119	AATATGGTCTTGCAAGCCTGCTGC	1
1539	5305	120	CAATATGGTCTTGCAAGCCTGCTG	1
5305	1537	121	GCAATATGGTCTTGCAAGCCTGCT	1
1537	5303	121	AGCAATATGGTCTTGCAAGCCTGC	1
5303	1535	118	GAGCAATATGGTCTTGCAAGCCTG	1
1535	1534	117	AGAGCAATATGGTCTTGCAAGCCT	1
1534	1533	113	GAGAGCAATATGGTCTTGCAAGCC	1
1533	5299	111	TGAGAGCAATATGGTCTTGCAAGC	1
5299	5298	101	GTGAGAGCAATATGGTCTTGCAAG	1
5298	1530	95	TGTGAGAGCAATATGGTCTTGCAA	1
1530	1529	91	CTGTGAGAGCAATATGGTCTTGCA	1
1529	5295	91	TCTGTGAGAGCAATATGGTCTTGC	1
5295	5294	86	GTCTGTGAGAGCAATATGGTCTTG	1
5294	5293	85	GGTCTGTGAGAGCAATATGGTCTT	1
5293	1525	89	AGGTCTGTGAGAGCAATATGGTCT	1
1525	5291	89	AAGGTCTGTGAGAGCAATATGGTC	1
5291	5290	91	GAAGGTCTGTGAGAGCAATATGGT	1
5290	5289	88	GGAAGGTCTGTGAGAGCAATATGG	1
5289	1521	83	TGGAAGGTCTGTGAGAGCAATATG	1
1521	5287	83	TTGGAAGGTCTGTGAGAGCAATAT	1
5287	1519	81	ATTGGAAGGTCTGTGAGAGCAATA	1
1519	5285	81	TATTGGAAGGTCTGTGAGAGCAAT	1
5285	5284	82	GTATTGGAAGGTCTGTGAGAGCAA	1
5284	1516	81	GGTATTGGAAGGTCTGTGAGAGCA	1
1516	5282	82	AGGTATTGGAAGGTCTGTGAGAGC	1
5282	5281	85	GAGGTATTGGAAGGTCTGTGAGAG	1
5281	5280	84	AGAGGTATTGGAAGGTCTGTGAGA	1
5280	5279	79	CAGAGGTATTGGAAGGTCTGTGAG	1
5279	5278	77	GCAGAGGTATTGGAAGGTCTGTGA	1
5278	1510	75	AGCAGAGGTATTGGAAGGTCTGTG	1
1510	5276	71	CAGCAGAGGTATTGGAAGGTCTGT	1
5276	1508	73	ACAGCAGAGGTATTGGAAGGTCTG	1
1508	1507	75	TACAGCAGAGGTATTGGAAGGTCT	1
1507	5273	75	GTACAGCAGAGGTATTGGAAGGTC	1
5273	5272	77	GGTACAGCAGAGGTATTGGAAGGT	1
5272	1504	77	CGGTACAGCAGAGGTATTGGAAGG	1
1504	1503	73	CCGGTACAGCAGAGGTATTGGAAG	1
1503	1502	68	CCCGGTACAGCAGAGGTATTGGAA	1
1502	5268	60	CCCCGGTACAGCAGAGGTATTGGA	1
5268	5267	63	GCCCCGGTACAGCAGAGGTATTGG	1
5267	1499	60	TGCCCCGGTACAGCAGAGGTATTG	1
1499	1498	63	CTGCCCCGGTACAGCAGAGGTATT	1
1498	1497	62	ACTGCCCCGGTACAGCAGAGGTAT	1
1497	1496	66	CACTGCCCCGGTACAGCAGAGGTA	1
1496	1495	70	CCACTGCCCCGGTACAGCAGAGGT	1
1495	5261	72	CCCACTGCCCCGGTACAGCAGAGG	1
5261	5260	82	GCCCACTGCCCCGGTACAGCAGAG	1
5260	5259	89	AGCCCACTGCCCCGGTACAGCAGA	1
5259	5258	95	GAGCCCACTGCCCCGGTACAGCAG	1
5258	1490	108	TGAGCCCACTGCCCCGGTACAGCA	1
1490	5256	116	ATGAGCCCACTGCCCCGGTACAGC	1
5256	1488	116	CATGAGCCCACTGCCCCGGTACAG	1
1488	1487	116	TCATGAGCCCACTGCCCCGGTACA	1
1487	1486	115	ATCATGAGCCCACTGCCCCGGTAC	1
1486	5252	112	CATCATGAGCCCACTGCCCCGGTA	1
5252	5251	113	ACATCATGAGCCCACTGCCCCGGT	1
5251	1483	113	CACATCATGAGCCCACTGCCCCGG	1
1483	1482	118	CCACATCATGAGCCCACTGCCCCG	1
1482	1481	123	CCCACATCATGAGCCCACTGCCCC	1
1481	1480	127	GCCCACATCATGAGCCCACTGCCC	1
1480	1479	129	AGCCCACATCATGAGCCCACTGCC	1
1479	5245	132	AAGCCCACATCATGAGCCCACTGC	1
5245	1477	133	AAAGCCCACATCATGAGCCCACTG	1
1477	1476	133	CAAAGCCCACATCATGAGCCCACT	1
1476	5242	141	GCAAAGCCCACATCATGAGCCCAC	1
5242	5241	141	GGCAAAGCCCACATCATGAGCCCA	1
5241	1473	138	GGGCAAAGCCCACATCATGAGCCC	1
1473	1472	143	TGGGCAAAGCCCACATCATGAGCC	1
1472	5238	144	CTGGGCAAAGCCCACATCATGAGC	1
5238	5237	148	TCTGGGCAAAGCCCACATCATGAG	1
5237	1469	154	ATCTGGGCAAAGCCCACATCATGA	1
1469	1468	158	CATCTGGGCAAAGCCCACATCATG	1
1468	1467	160	TCATCTGGGCAAAGCCCACATCAT	1
1467	1466	157	TTCATCTGGGCAAAGCCCACATCA	1
1466	5232	156	CTTCATCTGGGCAAAGCCCACATC	1
5232	1464	152	GCTTCATCTGGGCAAAGCCCACAT	1
1464	1463	152	TGCTTCATCTGGGCAAAGCCCACA	1
1463	5229	154	GTGCTTCATCTGGGCAAAGCCCAC	1
5229	1461	154	AGTGCTTCATCTGGGCAAAGCCCA	1
1461	1460	156	AAGTGCTTCATCTGGGCAAAGCCC	1
1460	1459	161	TAAGTGCTTCATCTGGGCAAAGCC	1
1459	5225	165	CTAAGTGCTTCATCTGGGCAAAGC	1
5225	1457	168	TCTAAGTGCTTCATCTGGGCAAAG	1
1457	5223	170	CTCTAAGTGCTTCATCTGGGCAAA	1
5223	5222	169	GCTCTAAGTGCTTCATCTGGGCAA	1
5222	1454	164	AGCTCTAAGTGCTTCATCTGGGCA	1
1454	5220	164	TAGCTCTAAGTGCTTCATCTGGGC	1
5220	5219	169	ATAGCTCTAAGTGCTTCATCTGGG	1
5219	5218	171	CATAGCTCTAAGTGCTTCATCTGG	1
5218	1450	174	ACATAGCTCTAAGTGCTTCATCTG	1
1450	1449	179	AACATAGCTCTAAGTGCTTCATCT	1
1449	5215	181	CAACATAGCTCTAAGTGCTTCATC	1
5215	1447	178	GCAACATAGCTCTAAGTGCTTCAT	1
1447	1446	177	TGCAACATAGCTCTAAGTGCTTCA	1
1446	1445	177	TTGCAACATAGCTCTAAGTGCTTC	1
1445	5211	176	CTTGCAACATAGCTCTAAGTGCTT	1
5211	5210	175	GCTTGCAACATAGCTCTAAGTGCT	1
5210	5209	176	GGCTTGCAACATAGCTCTAAGTGC	1
5209	1441	164	TGGCTTGCAACATAGCTCTAAGTG	1
1441	1440	160	CTGGCTTGCAACATAGCTCTAAGT	1
1440	1439	166	CCTGGCTTGCAACATAGCTCTAAG	1
1439	1438	157	CCCTGGCTTGCAACATAGCTCTAA	1
1438	1437	161	TCCCTGGCTTGCAACATAGCTCTA	1
1437	1436	165	TTCCCTGGCTTGCAACATAGCTCT	1
1436	5202	170	GTTCCCTGGCTTGCAACATAGCTC	1
5202	1434	170	AGTTCCCTGGCTTGCAACATAGCT	1
1434	5200	173	TAGTTCCCTGGCTTGCAACATAGC	1
5200	1432	175	GTAGTTCCCTGGCTTGCAACATAG	1
1432	1431	175	CGTAGTTCCCTGGCTTGCAACATA	1
1431	1430	171	CCGTAGTTCCCTGGCTTGCAACAT	1
1430	1429	165	CCCGTAGTTCCCTGGCTTGCAACA	1
1429	1428	168	TCCCGTAGTTCCCTGGCTTGCAAC	1
1428	5194	174	CTCCCGTAGTTCCCTGGCTTGCAA	1
5194	1426	178	GCTCCCGTAGTTCCCTGGCTTGCA	1
1426	1425	181	TGCTCCCGTAGTTCCCTGGCTTGC	1
1425	5191	190	CTGCTCCCGTAGTTCCCTGGCTTG	1
5191	5190	185	GCTGCTCCCGTAGTTCCCTGGCTT	1
5190	5189	185	AGCTGCTCCCGTAGTTCCCTGGCT	1
5189	5188	187	GAGCTGCTCCCGTAGTTCCCTGGC	1
5188	5187	183	GGAGCTGCTCCCGTAGTTCCCTGG	1
5187	1419	186	TGGAGCTGCTCCCGTAGTTCCCTG	1
1419	1418	181	CTGGAGCTGCTCCCGTAGTTCCCT	1
1418	1417	185	ACTGGAGCTGCTCCCGTAGTTCCC	1
1417	1416	184	TACTGGAGCTGCTCCCGTAGTTCC	1
1416	1415	186	TTACTGGAGCTGCTCCCGTAGTTC	1
1415	1414	189	ATTACTGGAGCTGCTCCCGTAGTT	1
1414	5180	190	TATTACTGGAGCTGCTCCCGTAGT	1
5180	5179	192	CTATTACTGGAGCTGCTCCCGTAG	1
5179	5178	200	ACTATTACTGGAGCTGCTCCCGTA	1
5178	5177	199	GACTATTACTGGAGCTGCTCCCGT	1
5177	1409	227	AGACTATTACTGGAGCTGCTCCCG	1
1409	5175	231	GAGACTATTACTGGAGCTGCTCCC	1
5175	1407	230	GGAGACTATTACTGGAGCTGCTCC	1
1407	1406	232	CGGAGACTATTACTGGAGCTGCTC	1
1406	1405	232	ACGGAGACTATTACTGGAGCTGCT	1
1405	5171	230	CACGGAGACTATTACTGGAGCTGC	1
5171	1403	234	ACACGGAGACTATTACTGGAGCTG	1
1403	1402	236	AACACGGAGACTATTACTGGAGCT	1
1402	5168	241	AAACACGGAGACTATTACTGGAGC	1
5168	5167	246	AAAACACGGAGACTATTACTGGAG	1
5167	5166	246	TAAAACACGGAGACTATTACTGGA	1
5166	1398	245	TTAAAACACGGAGACTATTACTGG	1
1398	1397	243	CTTAAAACACGGAGACTATTACTG	1
1397	1396	242	TCTTAAAACACGGAGACTATTACT	1
1396	5162	242	TTCTTAAAACACGGAGACTATTAC	1
5162	1394	240	ATTCTTAAAACACGGAGACTATTA	1
1394	1393	236	TATTCTTAAAACACGGAGACTATT	1
1393	1392	233	CTATTCTTAAAACACGGAGACTAT	1
1392	1391	230	TCTATTCTTAAAACACGGAGACTA	1
1391	5157	229	ATCTATTCTTAAAACACGGAGACT	1
5157	5156	233	GATCTATTCTTAAAACACGGAGAC	1
5156	5155	239	GGATCTATTCTTAAAACACGGAGA	1
5155	5154	227	GGGATCTATTCTTAAAACACGGAG	1
5154	5153	223	TGGGATCTATTCTTAAAACACGGA	1
5153	5152	218	CTGGGATCTATTCTTAAAACACGG	1
5152	1384	218	TCTGGGATCTATTCTTAAAACACG	1
1384	5150	215	CTCTGGGATCTATTCTTAAAACAC	1
5150	1382	215	GCTCTGGGATCTATTCTTAAAACA	1
1382	5148	213	AGCTCTGGGATCTATTCTTAAAAC	1
5148	5147	210	AAGCTCTGGGATCTATTCTTAAAA	1
5147	5146	209	GAAGCTCTGGGATCTATTCTTAAA	1
5146	5145	211	AGAAGCTCTGGGATCTATTCTTAA	1
5145	5144	210	GAGAAGCTCTGGGATCTATTCTTA	1
5144	5143	206	GGAGAAGCTCTGGGATCTATTCTT	1
5143	1375	199	GGGAGAAGCTCTGGGATCTATTCT	1
1375	1374	197	AGGGAGAAGCTCTGGGATCTATTC	1
1374	1373	194	CAGGGAGAAGCTCTGGGATCTATT	1
1373	1372	189	CCAGGGAGAAGCTCTGGGATCTAT	1
1372	1371	190	TCCAGGGAGAAGCTCTGGGATCTA	1
1371	1370	200	TTCCAGGGAGAAGCTCTGGGATCT	1
1370	1369	195	TTTCCAGGGAGAAGCTCTGGGATC	1
1369	5135	195	TTTTCCAGGGAGAAGCTCTGGGAT	1
5135	5134	189	TTTTTCCAGGGAGAAGCTCTGGGA	1
5134	5133	193	ATTTTTCCAGGGAGAAGCTCTGGG	1
5133	1365	188	CATTTTTCCAGGGAGAAGCTCTGG	1
1365	5131	196	CCATTTTTCCAGGGAGAAGCTCTG	1
5131	1363	194	GCCATTTTTCCAGGGAGAAGCTCT	1
1363	1362	193	AGCCATTTTTCCAGGGAGAAGCTC	1
1362	1361	193	TAGCCATTTTTCCAGGGAGAAGCT	1
1361	1360	191	CTAGCCATTTTTCCAGGGAGAAGC	1
1360	1359	182	CCTAGCCATTTTTCCAGGGAGAAG	1
1359	5125	174	TCCTAGCCATTTTTCCAGGGAGAA	1
5125	5124	147	GTCCTAGCCATTTTTCCAGGGAGA	1
5124	5123	142	GGTCCTAGCCATTTTTCCAGGGAG	1
5123	5122	141	TGGTCCTAGCCATTTTTCCAGGGA	1
5122	5121	135	GTGGTCCTAGCCATTTTTCCAGGG	1
5121	5120	136	GGTGGTCCTAGCCATTTTTCCAGG	1
5120	5119	127	GGGTGGTCCTAGCCATTTTTCCAG	1
5119	1351	124	TGGGTGGTCCTAGCCATTTTTCCA	1
1351	1350	126	ATGGGTGGTCCTAGCCATTTTTCC	1
1350	5116	123	AATGGGTGGTCCTAGCCATTTTTC	1
5116	5115	120	GAATGGGTGGTCCTAGCCATTTTT	1
5115	5114	122	GGAATGGGTGGTCCTAGCCATTTT	1
5114	5113	122	GGGAATGGGTGGTCCTAGCCATTT	1
5113	5112	120	AGGGAATGGGTGGTCCTAGCCATT	1
5112	5111	118	AAGGGAATGGGTGGTCCTAGCCAT	1
5111	1343	118	GAAGGGAATGGGTGGTCCTAGCCA	1
1343	1342	121	AGAAGGGAATGGGTGGTCCTAGCC	1
1342	5108	125	CAGAAGGGAATGGGTGGTCCTAGC	1
5108	1340	125	GCAGAAGGGAATGGGTGGTCCTAG	1
1340	1339	117	CGCAGAAGGGAATGGGTGGTCCTA	1
1339	1338	113	ACGCAGAAGGGAATGGGTGGTCCT	1
1338	1337	112	TACGCAGAAGGGAATGGGTGGTCC	1
1337	5103	106	GTACGCAGAAGGGAATGGGTGGTC	1
5103	5102	106	GGTACGCAGAAGGGAATGGGTGGT	1
5102	5101	108	GGGTACGCAGAAGGGAATGGGTGG	1
5101	5100	108	AGGGTACGCAGAAGGGAATGGGTG	1
5100	5099	112	GAGGGTACGCAGAAGGGAATGGGT	1
5099	5098	116	TGAGGGTACGCAGAAGGGAATGGG	1
5098	5097	120	ATGAGGGTACGCAGAAGGGAATGG	1
5097	5096	126	CATGAGGGTACGCAGAAGGGAATG	1
5096	5095	128	GCATGAGGGTACGCAGAAGGGAAT	1
5095	1327	129	AGCATGAGGGTACGCAGAAGGGAA	1
1327	5093	128	CAGCATGAGGGTACGCAGAAGGGA	1
5093	5092	130	CCAGCATGAGGGTACGCAGAAGGG	1
5092	5091	131	GCCAGCATGAGGGTACGCAGAAGG	1
5091	5090	134	GGCCAGCATGAGGGTACGCAGAAG	1
5090	5089	133	AGGCCAGCATGAGGGTACGCAGAA	1
5089	1321	128	TAGGCCAGCATGAGGGTACGCAGA	1
1321	1320	130	CTAGGCCAGCATGAGGGTACGCAG	1
1320	1319	129	CCTAGGCCAGCATGAGGGTACGCA	1
1319	5085	127	CCCTAGGCCAGCATGAGGGTACGC	1
5085	1317	132	GCCCTAGGCCAGCATGAGGGTACG	1
1317	1316	132	TGCCCTAGGCCAGCATGAGGGTAC	1
1316	1315	132	CTGCCCTAGGCCAGCATGAGGGTA	1
1315	5081	125	CCTGCCCTAGGCCAGCATGAGGGT	1
5081	5080	125	TCCTGCCCTAGGCCAGCATGAGGG	1
5080	5079	120	ATCCTGCCCTAGGCCAGCATGAGG	1
5079	1311	121	CATCCTGCCCTAGGCCAGCATGAG	1
1311	1310	124	CCATCCTGCCCTAGGCCAGCATGA	1
1310	1309	119	CCCATCCTGCCCTAGGCCAGCATG	1
1309	1308	117	CCCCATCCTGCCCTAGGCCAGCAT	1
1308	1307	120	TCCCCATCCTGCCCTAGGCCAGCA	1
1307	5073	119	CTCCCCATCCTGCCCTAGGCCAGC	1
5073	1305	118	TCTCCCCATCCTGCCCTAGGCCAG	1
1305	1304	116	CTCTCCCCATCCTGCCCTAGGCCA	1
1304	1303	116	CCTCTCCCCATCCTGCCCTAGGCC	1
1303	5069	116	TCCTCTCCCCATCCTGCCCTAGGC	1
5069	1301	116	TTCCTCTCCCCATCCTGCCCTAGG	1
1301	5067	114	CTTCCTCTCCCCATCCTGCCCTAG	1
5067	1299	115	ACTTCCTCTCCCCATCCTGCCCTA	1
1299	1298	111	TACTTCCTCTCCCCATCCTGCCCT	1
1298	1297	113	CTACTTCCTCTCCCCATCCTGCCC	1
1297	1296	112	ACTACTTCCTCTCCCCATCCTGCC	1
1296	1295	111	CACTACTTCCTCTCCCCATCCTGC	1
1295	1294	113	CCACTACTTCCTCTCCCCATCCTG	1
1294	1293	122	TCCACTACTTCCTCTCCCCATCCT	1
1293	1292	126	TTCCACTACTTCCTCTCCCCATCC	1
1292	1291	128	TTTCCACTACTTCCTCTCCCCATC	1
1291	1290	126	CTTTCCACTACTTCCTCTCCCCAT	1
1290	1289	131	CCTTTCCACTACTTCCTCTCCCCA	1
1289	1288	136	TCCTTTCCACTACTTCCTCTCCCC	1
1288	1287	142	ATCCTTTCCACTACTTCCTCTCCC	1
1287	1286	146	TATCCTTTCCACTACTTCCTCTCC	1
1286	1285	144	CTATCCTTTCCACTACTTCCTCTC	1
1285	1284	145	CCTATCCTTTCCACTACTTCCTCT	1
1284	1283	145	GCCTATCCTTTCCACTACTTCCTC	1
1283	1282	145	TGCCTATCCTTTCCACTACTTCCT	1
1282	1281	140	CTGCCTATCCTTTCCACTACTTCC	1
1281	5047	141	GCTGCCTATCCTTTCCACTACTTC	1
5047	5046	135	GGCTGCCTATCCTTTCCACTACTT	1
5046	1278	130	GGGCTGCCTATCCTTTCCACTACT	1
1278	5044	133	AGGGCTGCCTATCCTTTCCACTAC	1
5044	1276	130	AAGGGCTGCCTATCCTTTCCACTA	1
1276	1275	132	AAAGGGCTGCCTATCCTTTCCACT	1
1275	5041	133	TAAAGGGCTGCCTATCCTTTCCAC	1
5041	1273	133	ATAAAGGGCTGCCTATCCTTTCCA	1
1273	1272	132	GATAAAGGGCTGCCTATCCTTTCC	1
1272	5038	133	TGATAAAGGGCTGCCTATCCTTTC	1
5038	5037	131	GTGATAAAGGGCTGCCTATCCTTT	1
5037	1269	143	AGTGATAAAGGGCTGCCTATCCTT	1
1269	1268	141	CAGTGATAAAGGGCTGCCTATCCT	1
1268	1267	143	CCAGTGATAAAGGGCTGCCTATCC	1
1267	1266	168	CCCAGTGATAAAGGGCTGCCTATC	1
1266	5032	165	TCCCAGTGATAAAGGGCTGCCTAT	1
5032	1264	166	ATCCCAGTGATAAAGGGCTGCCTA	1
1264	1263	165	TATCCCAGTGATAAAGGGCTGCCT	1
1263	1262	170	TTATCCCAGTGATAAAGGGCTGCC	1
1262	5028	173	TTTATCCCAGTGATAAAGGGCTGC	1
5028	5027	176	ATTTATCCCAGTGATAAAGGGCTG	1
5027	5026	172	GATTTATCCCAGTGATAAAGGGCT	1
5026	5025	171	GGATTTATCCCAGTGATAAAGGGC	1
5025	5024	170	AGGATTTATCCCAGTGATAAAGGG	1
5024	5023	169	CAGGATTTATCCCAGTGATAAAGG	1
5023	5022	168	GCAGGATTTATCCCAGTGATAAAG	1
5022	5021	168	TGCAGGATTTATCCCAGTGATAAA	1
5021	1253	170	ATGCAGGATTTATCCCAGTGATAA	1
1253	1252	173	CATGCAGGATTTATCCCAGTGATA	1
1252	1251	175	CCATGCAGGATTTATCCCAGTGAT	1
1251	5017	175	TCCATGCAGGATTTATCCCAGTGA	1
5017	1249	180	ATCCATGCAGGATTTATCCCAGTG	1
1249	5015	185	CATCCATGCAGGATTTATCCCAGT	1
5015	5014	191	ACATCCATGCAGGATTTATCCCAG	1
5014	1246	191	AACATCCATGCAGGATTTATCCCA	1
1246	1245	191	CAACATCCATGCAGGATTTATCCC	1
1245	1244	192	TCAACATCCATGCAGGATTTATCC	1
1244	1243	193	ATCAACATCCATGCAGGATTTATC	1
1243	5009	188	CATCAACATCCATGCAGGATTTAT	1
5009	5008	179	GCATCAACATCCATGCAGGATTTA	1
5008	1240	182	GGCATCAACATCCATGCAGGATTT	1
1240	1239	181	TGGCATCAACATCCATGCAGGATT	1
1239	1238	182	CTGGCATCAACATCCATGCAGGAT	1
1238	1237	173	CCTGGCATCAACATCCATGCAGGA	1
1237	5003	172	CCCTGGCATCAACATCCATGCAGG	1
5003	1235	170	TCCCTGGCATCAACATCCATGCAG	1
1235	1234	167	CTCCCTGGCATCAACATCCATGCA	1
1234	5000	167	GCTCCCTGGCATCAACATCCATGC	1
5000	4999	174	GGCTCCCTGGCATCAACATCCATG	1
4999	1231	170	AGGCTCCCTGGCATCAACATCCAT	1
1231	1230	172	CAGGCTCCCTGGCATCAACATCCA	1
1230	1229	173	GCAGGCTCCCTGGCATCAACATCC	1
1229	1228	167	CGCAGGCTCCCTGGCATCAACATC	1
1228	1227	169	CCGCAGGCTCCCTGGCATCAACAT	1
1227	1226	167	CCCGCAGGCTCCCTGGCATCAACA	1
1226	4992	164	TCCCGCAGGCTCCCTGGCATCAAC	1
4992	4991	167	ATCCCGCAGGCTCCCTGGCATCAA	1
4991	1223	169	AATCCCGCAGGCTCCCTGGCATCA	1
1223	1222	171	CAATCCCGCAGGCTCCCTGGCATC	1
1222	4988	173	CCAATCCCGCAGGCTCCCTGGCAT	1
4988	4987	176	ACCAATCCCGCAGGCTCCCTGGCA	1
4987	4986	175	GACCAATCCCGCAGGCTCCCTGGC	1
4986	1218	174	TGACCAATCCCGCAGGCTCCCTGG	1
1218	1217	160	CTGACCAATCCCGCAGGCTCCCTG	1
1217	1216	160	ACTGACCAATCCCGCAGGCTCCCT	1
1216	1215	156	TACTGACCAATCCCGCAGGCTCCC	1
1215	1214	123	GTACTGACCAATCCCGCAGGCTCC	1
1214	4980	124	TGTACTGACCAATCCCGCAGGCTC	1
4980	1212	125	GTGTACTGACCAATCCCGCAGGCT	1
1212	4978	127	TGTGTACTGACCAATCCCGCAGGC	1
4978	4977	125	GTGTGTACTGACCAATCCCGCAGG	1
4977	1209	132	AGTGTGTACTGACCAATCCCGCAG	1
1209	1208	135	CAGTGTGTACTGACCAATCCCGCA	1
1208	4974	146	GCAGTGTGTACTGACCAATCCCGC	1
4974	1206	149	GGCAGTGTGTACTGACCAATCCCG	1
1206	1205	152	AGGCAGTGTGTACTGACCAATCCC	1
1205	1204	159	CAGGCAGTGTGTACTGACCAATCC	1
1204	1203	156	CCAGGCAGTGTGTACTGACCAATC	1
1203	1202	155	TCCAGGCAGTGTGTACTGACCAAT	1
1202	1201	153	CTCCAGGCAGTGTGTACTGACCAA	1
1201	1200	149	CCTCCAGGCAGTGTGTACTGACCA	1
1200	4966	163	GCCTCCAGGCAGTGTGTACTGACC	1
4966	4965	169	GGCCTCCAGGCAGTGTGTACTGAC	1
4965	4964	163	GGGCCTCCAGGCAGTGTGTACTGA	1
4964	1196	163	GGGGCCTCCAGGCAGTGTGTACTG	1
1196	1195	157	TGGGGCCTCCAGGCAGTGTGTACT	1
1195	4961	161	ATGGGGCCTCCAGGCAGTGTGTAC	1
4961	4960	161	GATGGGGCCTCCAGGCAGTGTGTA	1
4960	4959	160	GGATGGGGCCTCCAGGCAGTGTGT	1
4959	1191	157	GGGATGGGGCCTCCAGGCAGTGTG	1
1191	4957	159	TGGGATGGGGCCTCCAGGCAGTGT	1
4957	1189	161	ATGGGATGGGGCCTCCAGGCAGTG	1
1189	1188	155	CATGGGATGGGGCCTCCAGGCAGT	1
1188	4954	154	CCATGGGATGGGGCCTCCAGGCAG	1
4954	1186	153	ACCATGGGATGGGGCCTCCAGGCA	1
1186	4952	156	AACCATGGGATGGGGCCTCCAGGC	1
4952	4951	152	AAACCATGGGATGGGGCCTCCAGG	1
4951	1183	151	AAAACCATGGGATGGGGCCTCCAG	1
1183	1182	154	CAAAACCATGGGATGGGGCCTCCA	1
1182	1181	154	ACAAAACCATGGGATGGGGCCTCC	1
1181	1180	146	CACAAAACCATGGGATGGGGCCTC	1
1180	1179	146	TCACAAAACCATGGGATGGGGCCT	1
1179	1178	147	ATCACAAAACCATGGGATGGGGCC	1
1178	4944	147	CATCACAAAACCATGGGATGGGGC	1
4944	4943	152	GCATCACAAAACCATGGGATGGGG	1
4943	4942	158	AGCATCACAAAACCATGGGATGGG	1
4942	4941	156	GAGCATCACAAAACCATGGGATGG	1
4941	1173	158	AGAGCATCACAAAACCATGGGATG	1
1173	1172	160	CAGAGCATCACAAAACCATGGGAT	1
1172	4938	156	CCAGAGCATCACAAAACCATGGGA	1
4938	1170	151	CCCAGAGCATCACAAAACCATGGG	1
1170	1169	151	CCCCAGAGCATCACAAAACCATGG	1
1169	1168	150	CCCCCAGAGCATCACAAAACCATG	1
1168	4934	155	TCCCCCAGAGCATCACAAAACCAT	1
4934	1166	159	GTCCCCCAGAGCATCACAAAACCA	1
1166	1165	159	TGTCCCCCAGAGCATCACAAAACC	1
1165	1164	176	CTGTCCCCCAGAGCATCACAAAAC	1
1164	1163	177	CCTGTCCCCCAGAGCATCACAAAA	1
1163	4929	176	CCCTGTCCCCCAGAGCATCACAAA	1
4929	4928	180	ACCCTGTCCCCCAGAGCATCACAA	1
4928	4927	177	GACCCTGTCCCCCAGAGCATCACA	1
4927	4926	176	GGACCCTGTCCCCCAGAGCATCAC	1
4926	1158	172	AGGACCCTGTCCCCCAGAGCATCA	1
1158	4924	165	TAGGACCCTGTCCCCCAGAGCATC	1
4924	4923	159	GTAGGACCCTGTCCCCCAGAGCAT	1
4923	4922	148	GGTAGGACCCTGTCCCCCAGAGCA	1
4922	4921	144	GGGTAGGACCCTGTCCCCCAGAGC	1
4921	1153	146	TGGGTAGGACCCTGTCCCCCAGAG	1
1153	4919	144	CTGGGTAGGACCCTGTCCCCCAGA	1
4919	4918	148	GCTGGGTAGGACCCTGTCCCCCAG	1
4918	1150	151	AGCTGGGTAGGACCCTGTCCCCCA	1
1150	1149	152	CAGCTGGGTAGGACCCTGTCCCCC	1
1149	1148	153	GCAGCTGGGTAGGACCCTGTCCCC	1
1148	1147	133	GGCAGCTGGGTAGGACCCTGTCCC	1
1147	4913	131	AGGCAGCTGGGTAGGACCCTGTCC	1
4913	4912	132	GAGGCAGCTGGGTAGGACCCTGTC	1
4912	4911	127	GGAGGCAGCTGGGTAGGACCCTGT	1
4911	4910	137	GGGAGGCAGCTGGGTAGGACCCTG	1
4910	1142	139	AGGGAGGCAGCTGGGTAGGACCCT	1
1142	1141	144	TAGGGAGGCAGCTGGGTAGGACCC	1
1141	1140	146	CTAGGGAGGCAGCTGGGTAGGACC	1
1140	4906	153	CCTAGGGAGGCAGCTGGGTAGGAC	1
4906	4905	155	TCCTAGGGAGGCAGCTGGGTAGGA	1
4905	4904	153	CTCCTAGGGAGGCAGCTGGGTAGG	1
4904	4903	156	TCTCCTAGGGAGGCAGCTGGGTAG	1
4903	4902	158	GTCTCCTAGGGAGGCAGCTGGGTA	1
4902	4901	161	GGTCTCCTAGGGAGGCAGCTGGGT	1
4901	4900	164	TGGTCTCCTAGGGAGGCAGCTGGG	1
4900	4899	163	CTGGTCTCCTAGGGAGGCAGCTGG	1
4899	4898	164	GCTGGTCTCCTAGGGAGGCAGCTG	1
4898	1130	161	GGCTGGTCTCCTAGGGAGGCAGCT	1
1130	4896	163	AGGCTGGTCTCCTAGGGAGGCAGC	1
4896	4895	166	GAGGCTGGTCTCCTAGGGAGGCAG	1
4895	1127	166	GGAGGCTGGTCTCCTAGGGAGGCA	1
1127	4893	163	AGGAGGCTGGTCTCCTAGGGAGGC	1
4893	4892	165	CAGGAGGCTGGTCTCCTAGGGAGG	1
4892	4891	168	GCAGGAGGCTGGTCTCCTAGGGAG	1
4891	4890	160	GGCAGGAGGCTGGTCTCCTAGGGA	1
4890	4889	171	GGGCAGGAGGCTGGTCTCCTAGGG	1
4889	4888	171	AGGGCAGGAGGCTGGTCTCCTAGG	1
4888	4887	170	CAGGGCAGGAGGCTGGTCTCCTAG	1
4887	1119	178	GCAGGGCAGGAGGCTGGTCTCCTA	1
1119	1118	181	AGCAGGGCAGGAGGCTGGTCTCCT	1
1118	1117	180	CAGCAGGGCAGGAGGCTGGTCTCC	1
1117	1116	179	GCAGCAGGGCAGGAGGCTGGTCTC	1
1116	1115	176	TGCAGCAGGGCAGGAGGCTGGTCT	1
1115	1114	173	GTGCAGCAGGGCAGGAGGCTGGTC	1
1114	4880	171	TGTGCAGCAGGGCAGGAGGCTGGT	1
4880	4879	153	CTGTGCAGCAGGGCAGGAGGCTGG	1
4879	4878	152	TCTGTGCAGCAGGGCAGGAGGCTG	1
4878	4877	157	GTCTGTGCAGCAGGGCAGGAGGCT	1
4877	4876	151	GGTCTGTGCAGCAGGGCAGGAGGC	1
4876	4875	150	TGGTCTGTGCAGCAGGGCAGGAGG	1
4875	1107	148	ATGGTCTGTGCAGCAGGGCAGGAG	1
1107	4873	147	CATGGTCTGTGCAGCAGGGCAGGA	1
4873	4872	145	CCATGGTCTGTGCAGCAGGGCAGG	1
4872	4871	142	GCCATGGTCTGTGCAGCAGGGCAG	1
4871	1103	140	GGCCATGGTCTGTGCAGCAGGGCA	1
1103	4869	139	TGGCCATGGTCTGTGCAGCAGGGC	1
4869	4868	132	CTGGCCATGGTCTGTGCAGCAGGG	1
4868	4867	126	GCTGGCCATGGTCTGTGCAGCAGG	1
4867	4866	127	AGCTGGCCATGGTCTGTGCAGCAG	1
4866	4865	126	GAGCTGGCCATGGTCTGTGCAGCA	1
4865	4864	122	GGAGCTGGCCATGGTCTGTGCAGC	1
4864	4863	121	GGGAGCTGGCCATGGTCTGTGCAG	1
4863	1095	119	TGGGAGCTGGCCATGGTCTGTGCA	1
1095	1094	119	CTGGGAGCTGGCCATGGTCTGTGC	1
1094	4860	115	CCTGGGAGCTGGCCATGGTCTGTG	1
4860	4859	114	GCCTGGGAGCTGGCCATGGTCTGT	1
4859	4858	106	TGCCTGGGAGCTGGCCATGGTCTG	1
4858	1090	105	GTGCCTGGGAGCTGGCCATGGTCT	1
1090	1089	98	TGTGCCTGGGAGCTGGCCATGGTC	1
1089	4855	98	TTGTGCCTGGGAGCTGGCCATGGT	1
4855	4854	94	CTTGTGCCTGGGAGCTGGCCATGG	1
4854	4853	93	ACTTGTGCCTGGGAGCTGGCCATG	1
4853	4852	93	GACTTGTGCCTGGGAGCTGGCCAT	1
4852	1084	89	GGACTTGTGCCTGGGAGCTGGCCA	1
1084	1083	86	AGGACTTGTGCCTGGGAGCTGGCC	1
1083	4849	84	TAGGACTTGTGCCTGGGAGCTGGC	1
4849	4848	83	CTAGGACTTGTGCCTGGGAGCTGG	1
4848	1080	82	TCTAGGACTTGTGCCTGGGAGCTG	1
1080	1079	80	ATCTAGGACTTGTGCCTGGGAGCT	1
1079	4845	79	CATCTAGGACTTGTGCCTGGGAGC	1
4845	4844	81	GCATCTAGGACTTGTGCCTGGGAG	1
4844	4843	79	AGCATCTAGGACTTGTGCCTGGGA	1
4843	4842	77	AAGCATCTAGGACTTGTGCCTGGG	1
4842	1074	75	TAAGCATCTAGGACTTGTGCCTGG	1
1074	4840	72	CTAAGCATCTAGGACTTGTGCCTG	1
4840	1072	64	GCTAAGCATCTAGGACTTGTGCCT	1
1072	4838	63	TGCTAAGCATCTAGGACTTGTGCC	1
4838	4837	50	GTGCTAAGCATCTAGGACTTGTGC	1
4837	4836	49	GGTGCTAAGCATCTAGGACTTGTG	1
4836	4835	41	GGGTGCTAAGCATCTAGGACTTGT	1
4835	1067	41	AGGGTGCTAAGCATCTAGGACTTG	1
1067	1066	38	TAGGGTGCTAAGCATCTAGGACTT	1
1066	1065	37	CTAGGGTGCTAAGCATCTAGGACT	1
1065	4831	38	GCTAGGGTGCTAAGCATCTAGGAC	1
4831	4830	37	AGCTAGGGTGCTAAGCATCTAGGA	1
4830	4829	39	AAGCTAGGGTGCTAAGCATCTAGG	1
4829	1061	44	AAAGCTAGGGTGCTAAGCATCTAG	1
1061	4827	45	CAAAGCTAGGGTGCTAAGCATCTA	1
4827	4826	48	GCAAAGCTAGGGTGCTAAGCATCT	1
4826	4825	46	GGCAAAGCTAGGGTGCTAAGCATC	1
4825	4824	47	AGGCAAAGCTAGGGTGCTAAGCAT	1
4824	4823	48	AAGGCAAAGCTAGGGTGCTAAGCA	1
4823	4822	51	GAAGGCAAAGCTAGGGTGCTAAGC	1
4822	1054	51	AGAAGGCAAAGCTAGGGTGCTAAG	1
1054	4820	52	CAGAAGGCAAAGCTAGGGTGCTAA	1
4820	1052	52	ACAGAAGGCAAAGCTAGGGTGCTA	1
1052	1051	54	TACAGAAGGCAAAGCTAGGGTGCT	1
1051	4817	53	CTACAGAAGGCAAAGCTAGGGTGC	1
4817	4816	51	GCTACAGAAGGCAAAGCTAGGGTG	1
4816	4815	53	AGCTACAGAAGGCAAAGCTAGGGT	1
4815	4814	52	CAGCTACAGAAGGCAAAGCTAGGG	1
4814	4813	57	GCAGCTACAGAAGGCAAAGCTAGG	1
4813	4812	58	AGCAGCTACAGAAGGCAAAGCTAG	1
4812	1044	58	TAGCAGCTACAGAAGGCAAAGCTA	1
1044	1043	60	ATAGCAGCTACAGAAGGCAAAGCT	1
1043	4809	60	AATAGCAGCTACAGAAGGCAAAGC	1
4809	4808	63	TAATAGCAGCTACAGAAGGCAAAG	1
4808	4807	63	GTAATAGCAGCTACAGAAGGCAAA	1
4807	1039	62	TGTAATAGCAGCTACAGAAGGCAA	1
1039	1038	64	TTGTAATAGCAGCTACAGAAGGCA	1
1038	4804	68	CTTGTAATAGCAGCTACAGAAGGC	1
4804	4803	67	CCTTGTAATAGCAGCTACAGAAGG	1
4803	4802	67	GCCTTGTAATAGCAGCTACAGAAG	1
4802	1034	67	AGCCTTGTAATAGCAGCTACAGAA	1
1034	4800	67	CAGCCTTGTAATAGCAGCTACAGA	1
4800	4799	68	GCAGCCTTGTAATAGCAGCTACAG	1
4799	4798	70	AGCAGCCTTGTAATAGCAGCTACA	1
4798	4797	70	GAGCAGCCTTGTAATAGCAGCTAC	1
4797	4796	70	GGAGCAGCCTTGTAATAGCAGCTA	1
4796	1028	70	AGGAGCAGCCTTGTAATAGCAGCT	1
1028	4794	73	AAGGAGCAGCCTTGTAATAGCAGC	1
4794	4793	73	CAAGGAGCAGCCTTGTAATAGCAG	1
4793	1025	69	GCAAGGAGCAGCCTTGTAATAGCA	1
1025	4791	70	AGCAAGGAGCAGCCTTGTAATAGC	1
4791	4790	70	CAGCAAGGAGCAGCCTTGTAATAG	1
4790	4789	69	GCAGCAAGGAGCAGCCTTGTAATA	1
4789	4788	68	AGCAGCAAGGAGCAGCCTTGTAAT	1
4788	4787	69	GAGCAGCAAGGAGCAGCCTTGTAA	1
4787	4786	71	AGAGCAGCAAGGAGCAGCCTTGTA	1
4786	4785	72	AAGAGCAGCAAGGAGCAGCCTTGT	1
4785	1017	76	TAAGAGCAGCAAGGAGCAGCCTTG	1
1017	1016	79	TTAAGAGCAGCAAGGAGCAGCCTT	1
1016	1015	78	CTTAAGAGCAGCAAGGAGCAGCCT	1
1015	1014	82	CCTTAAGAGCAGCAAGGAGCAGCC	1
1014	4780	82	GCCTTAAGAGCAGCAAGGAGCAGC	1
4780	1012	80	AGCCTTAAGAGCAGCAAGGAGCAG	1
1012	1011	80	CAGCCTTAAGAGCAGCAAGGAGCA	1
1011	1010	78	CCAGCCTTAAGAGCAGCAAGGAGC	1
1010	4776	74	CCCAGCCTTAAGAGCAGCAAGGAG	1
4776	4775	72	GCCCAGCCTTAAGAGCAGCAAGGA	1
4775	4774	69	TGCCCAGCCTTAAGAGCAGCAAGG	1
4774	1006	66	CTGCCCAGCCTTAAGAGCAGCAAG	1
1006	1005	65	TCTGCCCAGCCTTAAGAGCAGCAA	1
1005	1004	65	CTCTGCCCAGCCTTAAGAGCAGCA	1
1004	4770	62	CCTCTGCCCAGCCTTAAGAGCAGC	1
4770	1002	61	ACCTCTGCCCAGCCTTAAGAGCAG	1
1002	1001	59	CACCTCTGCCCAGCCTTAAGAGCA	1
1001	4767	58	TCACCTCTGCCCAGCCTTAAGAGC	1
4767	999	56	CTCACCTCTGCCCAGCCTTAAGAG	1
999	4765	53	CCTCACCTCTGCCCAGCCTTAAGA	1
4765	4764	53	TCCTCACCTCTGCCCAGCCTTAAG	1
4764	4763	51	GTCCTCACCTCTGCCCAGCCTTAA	1
4763	995	51	TGTCCTCACCTCTGCCCAGCCTTA	1
995	994	46	CTGTCCTCACCTCTGCCCAGCCTT	1
994	993	45	CCTGTCCTCACCTCTGCCCAGCCT	1
993	992	42	CCCTGTCCTCACCTCTGCCCAGCC	1
992	4758	38	CCCCTGTCCTCACCTCTGCCCAGC	1
4758	990	36	ACCCCTGTCCTCACCTCTGCCCAG	1
990	989	36	CACCCCTGTCCTCACCTCTGCCCA	1
989	988	36	CCACCCCTGTCCTCACCTCTGCCC	1
988	987	35	CCCACCCCTGTCCTCACCTCTGCC	1
987	986	33	CCCCACCCCTGTCCTCACCTCTGC	1
986	985	26	CCCCCACCCCTGTCCTCACCTCTG	1
985	984	26	ACCCCCACCCCTGTCCTCACCTCT	1
984	983	26	AACCCCCACCCCTGTCCTCACCTC	1
983	982	26	CAACCCCCACCCCTGTCCTCACCT	1
982	981	26	CCAACCCCCACCCCTGTCCTCACC	1
981	980	25	CCCAACCCCCACCCCTGTCCTCAC	1
980	979	23	CCCCAACCCCCACCCCTGTCCTCA	1
979	978	23	CCCCCAACCCCCACCCCTGTCCTC	1
978	977	21	CCCCCCAACCCCCACCCCTGTCCT	1
977	976	19	CCCCCCCAACCCCCACCCCTGTCC	1
976	4742	17	ACCCCCCCAACCCCCACCCCTGTC	1
4742	4741	16	AACCCCCCCAACCCCCACCCCTGT	1
4741	973	16	AAACCCCCCCAACCCCCACCCCTG	1
973	972	15	TAAACCCCCCCAACCCCCACCCCT	1
972	971	15	ATAAACCCCCCCAACCCCCACCCC	1
971	970	15	CATAAACCCCCCCAACCCCCACCC	1
970	969	15	CCATAAACCCCCCCAACCCCCACC	1
969	968	13	CCCATAAACCCCCCCAACCCCCAC	1
968	967	12	CCCCATAAACCCCCCCAACCCCCA	1
967	966	13	TCCCCATAAACCCCCCCAACCCCC	1
966	965	11	CTCCCCATAAACCCCCCCAACCCC	1
965	964	12	CCTCCCCATAAACCCCCCCAACCC	1
964	963	13	TCCTCCCCATAAACCCCCCCAACC	1
963	962	11	CTCCTCCCCATAAACCCCCCCAAC	1
962	4728	11	TCTCCTCCCCATAAACCCCCCCAA	1
4728	960	11	GTCTCCTCCCCATAAACCCCCCCA	1
960	959	16	TGTCTCCTCCCCATAAACCCCCCC	1
959	958	20	CTGTCTCCTCCCCATAAACCCCCC	1
958	957	21	CCTGTCTCCTCCCCATAAACCCCC	1
957	956	25	TCCTGTCTCCTCCCCATAAACCCC	1
956	955	25	TTCCTGTCTCCTCCCCATAAACCC	1
955	954	27	CTTCCTGTCTCCTCCCCATAAACC	1
954	953	27	TCTTCCTGTCTCCTCCCCATAAAC	1
953	952	27	TTCTTCCTGTCTCCTCCCCATAAA	1
952	951	27	TTTCTTCCTGTCTCCTCCCCATAA	1
951	950	27	CTTTCTTCCTGTCTCCTCCCCATA	1
950	4716	27	CCTTTCTTCCTGTCTCCTCCCCAT	1
4716	948	30	GCCTTTCTTCCTGTCTCCTCCCCA	1
948	947	39	TGCCTTTCTTCCTGTCTCCTCCCC	1
947	946	42	CTGCCTTTCTTCCTGTCTCCTCCC	1
946	945	59	TCTGCCTTTCTTCCTGTCTCCTCC	1
945	944	63	GTCTGCCTTTCTTCCTGTCTCCTC	1
944	943	69	TGTCTGCCTTTCTTCCTGTCTCCT	1
943	942	73	TTGTCTGCCTTTCTTCCTGTCTCC	1
942	4708	78	TTTGTCTGCCTTTCTTCCTGTCTC	1
4708	4707	79	GTTTGTCTGCCTTTCTTCCTGTCT	1
4707	4706	88	GGTTTGTCTGCCTTTCTTCCTGTC	1
4706	4705	88	GGGTTTGTCTGCCTTTCTTCCTGT	1
4705	4704	105	GGGGTTTGTCTGCCTTTCTTCCTG	1
4704	4703	113	GGGGGTTTGTCTGCCTTTCTTCCT	1
4703	4702	124	GGGGGGTTTGTCTGCCTTTCTTCC	1
4702	4701	128	GGGGGGGTTTGTCTGCCTTTCTTC	1
4701	4700	130	GGGGGGGGTTTGTCTGCCTTTCTT	1
4700	932	130	GGGGGGGGGTTTGTCTGCCTTTCT	1
932	931	132	CGGGGGGGGGTTTGTCTGCCTTTC	1
931	930	132	TCGGGGGGGGGTTTGTCTGCCTTT	1
930	929	132	TTCGGGGGGGGGTTTGTCTGCCTT	1
929	928	133	TTTCGGGGGGGGGTTTGTCTGCCT	1
928	4694	136	TTTTCGGGGGGGGGTTTGTCTGCC	1
4694	4693	136	GTTTTCGGGGGGGGGTTTGTCTGC	1
4693	4692	139	GGTTTTCGGGGGGGGGTTTGTCTG	1
4692	924	140	GGGTTTTCGGGGGGGGGTTTGTCT	1
924	923	141	AGGGTTTTCGGGGGGGGGTTTGTC	1
923	4689	143	CAGGGTTTTCGGGGGGGGGTTTGT	1
4689	921	155	TCAGGGTTTTCGGGGGGGGGTTTG	1
921	4687	157	CTCAGGGTTTTCGGGGGGGGGTTT	1
4687	4686	159	GCTCAGGGTTTTCGGGGGGGGGTT	1
4686	4685	162	AGCTCAGGGTTTTCGGGGGGGGGT	1
4685	4684	169	GAGCTCAGGGTTTTCGGGGGGGGG	1
4684	4683	177	AGAGCTCAGGGTTTTCGGGGGGGG	1
4683	4682	181	GAGAGCTCAGGGTTTTCGGGGGGG	1
4682	4681	182	AGAGAGCTCAGGGTTTTCGGGGGG	1
4681	4680	180	TAGAGAGCTCAGGGTTTTCGGGGG	1
4680	4679	180	TTAGAGAGCTCAGGGTTTTCGGGG	1
4679	4678	181	GTTAGAGAGCTCAGGGTTTTCGGG	1
4678	4677	182	GGTTAGAGAGCTCAGGGTTTTCGG	1
4677	909	191	AGGTTAGAGAGCTCAGGGTTTTCG	1
909	4675	198	AAGGTTAGAGAGCTCAGGGTTTTC	1
4675	907	204	GAAGGTTAGAGAGCTCAGGGTTTT	1
907	4673	204	CGAAGGTTAGAGAGCTCAGGGTTT	1
4673	4672	204	GCGAAGGTTAGAGAGCTCAGGGTT	1
4672	4671	203	AGCGAAGGTTAGAGAGCTCAGGGT	1
4671	4670	225	CAGCGAAGGTTAGAGAGCTCAGGG	1
4670	4669	233	GCAGCGAAGGTTAGAGAGCTCAGG	1
4669	4668	246	AGCAGCGAAGGTTAGAGAGCTCAG	1
4668	900	254	GAGCAGCGAAGGTTAGAGAGCTCA	1
900	899	261	TGAGCAGCGAAGGTTAGAGAGCTC	1
899	898	264	ATGAGCAGCGAAGGTTAGAGAGCT	1
898	4664	265	TATGAGCAGCGAAGGTTAGAGAGC	1
4664	4663	259	CTATGAGCAGCGAAGGTTAGAGAG	1
4663	4662	254	ACTATGAGCAGCGAAGGTTAGAGA	1
4662	4661	253	CACTATGAGCAGCGAAGGTTAGAG	1
4661	4660	239	GCACTATGAGCAGCGAAGGTTAGA	1
4660	892	237	AGCACTATGAGCAGCGAAGGTTAG	1
892	891	232	CAGCACTATGAGCAGCGAAGGTTA	1
891	4657	230	TCAGCACTATGAGCAGCGAAGGTT	1
4657	4656	224	GTCAGCACTATGAGCAGCGAAGGT	1
4656	4655	223	GGTCAGCACTATGAGCAGCGAAGG	1
4655	4654	218	GGGTCAGCACTATGAGCAGCGAAG	1
4654	4653	214	AGGGTCAGCACTATGAGCAGCGAA	1
4653	4652	200	TAGGGTCAGCACTATGAGCAGCGA	1
4652	884	194	TTAGGGTCAGCACTATGAGCAGCG	1
884	4650	184	CTTAGGGTCAGCACTATGAGCAGC	1
4650	4649	181	TCTTAGGGTCAGCACTATGAGCAG	1
4649	4648	180	GTCTTAGGGTCAGCACTATGAGCA	1
4648	4647	183	GGTCTTAGGGTCAGCACTATGAGC	1
4647	4646	182	AGGTCTTAGGGTCAGCACTATGAG	1
4646	4645	181	GAGGTCTTAGGGTCAGCACTATGA	1
4645	877	180	TGAGGTCTTAGGGTCAGCACTATG	1
877	876	176	CTGAGGTCTTAGGGTCAGCACTAT	1
876	875	172	TCTGAGGTCTTAGGGTCAGCACTA	1
875	874	174	TTCTGAGGTCTTAGGGTCAGCACT	1
874	4640	170	CTTCTGAGGTCTTAGGGTCAGCAC	1
4640	872	173	GCTTCTGAGGTCTTAGGGTCAGCA	1
872	871	180	TGCTTCTGAGGTCTTAGGGTCAGC	1
871	4637	179	CTGCTTCTGAGGTCTTAGGGTCAG	1
4637	869	166	GCTGCTTCTGAGGTCTTAGGGTCA	1
869	4635	167	AGCTGCTTCTGAGGTCTTAGGGTC	1
4635	4634	167	GAGCTGCTTCTGAGGTCTTAGGGT	1
4634	4633	166	AGAGCTGCTTCTGAGGTCTTAGGG	1
4633	4632	165	CAGAGCTGCTTCTGAGGTCTTAGG	1
4632	864	163	ACAGAGCTGCTTCTGAGGTCTTAG	1
864	863	161	CACAGAGCTGCTTCTGAGGTCTTA	1
863	862	162	ACACAGAGCTGCTTCTGAGGTCTT	1
862	861	161	CACACAGAGCTGCTTCTGAGGTCT	1
861	860	160	ACACACAGAGCTGCTTCTGAGGTC	1
860	4626	159	CACACACAGAGCTGCTTCTGAGGT	1
4626	858	156	CCACACACAGAGCTGCTTCTGAGG	1
858	857	152	CCCACACACAGAGCTGCTTCTGAG	1
857	856	145	CCCCACACACAGAGCTGCTTCTGA	1
856	855	144	CCCCCACACACAGAGCTGCTTCTG	1
855	854	139	CCCCCCACACACAGAGCTGCTTCT	1
854	853	139	TCCCCCCACACACAGAGCTGCTTC	1
853	852	139	ATCCCCCCACACACAGAGCTGCTT	1
852	851	123	CATCCCCCCACACACAGAGCTGCT	1
851	4617	116	CCATCCCCCCACACACAGAGCTGC	1
4617	849	102	TCCATCCCCCCACACACAGAGCTG	1
849	848	94	CTCCATCCCCCCACACACAGAGCT	1
848	4614	90	TCTCCATCCCCCCACACACAGAGC	1
4614	4613	87	GTCTCCATCCCCCCACACACAGAG	1
4613	4612	84	GGTCTCCATCCCCCCACACACAGA	1
4612	4611	84	TGGTCTCCATCCCCCCACACACAG	1
4611	843	86	ATGGTCTCCATCCCCCCACACACA	1
843	842	83	CATGGTCTCCATCCCCCCACACAC	1
842	841	81	CCATGGTCTCCATCCCCCCACACA	1
841	4607	83	CCCATGGTCTCCATCCCCCCACAC	1
4607	839	83	GCCCATGGTCTCCATCCCCCCACA	1
839	4605	83	AGCCCATGGTCTCCATCCCCCCAC	1
4605	837	83	GAGCCCATGGTCTCCATCCCCCCA	1
837	836	86	AGAGCCCATGGTCTCCATCCCCCC	1
836	835	94	CAGAGCCCATGGTCTCCATCCCCC	1
835	834	95	CCAGAGCCCATGGTCTCCATCCCC	1
834	833	110	ACCAGAGCCCATGGTCTCCATCCC	1
833	832	116	TACCAGAGCCCATGGTCTCCATCC	1
832	4598	117	ATACCAGAGCCCATGGTCTCCATC	1
4598	4597	119	AATACCAGAGCCCATGGTCTCCAT	1
4597	829	135	AAATACCAGAGCCCATGGTCTCCA	1
829	4595	157	GAAATACCAGAGCCCATGGTCTCC	1
4595	827	167	GGAAATACCAGAGCCCATGGTCTC	1
827	826	168	TGGAAATACCAGAGCCCATGGTCT	1
826	825	170	ATGGAAATACCAGAGCCCATGGTC	1
825	4591	174	CATGGAAATACCAGAGCCCATGGT	1
4591	4590	173	GCATGGAAATACCAGAGCCCATGG	1
4590	4589	175	GGCATGGAAATACCAGAGCCCATG	1
4589	821	176	AGGCATGGAAATACCAGAGCCCAT	1
821	820	174	CAGGCATGGAAATACCAGAGCCCA	1
820	819	166	CCAGGCATGGAAATACCAGAGCCC	1
819	818	168	GCCAGGCATGGAAATACCAGAGCC	1
818	4584	168	AGCCAGGCATGGAAATACCAGAGC	1
4584	816	168	TAGCCAGGCATGGAAATACCAGAG	1
816	4582	171	CTAGCCAGGCATGGAAATACCAGA	1
4582	814	176	GCTAGCCAGGCATGGAAATACCAG	1
814	813	178	TGCTAGCCAGGCATGGAAATACCA	1
813	812	185	CTGCTAGCCAGGCATGGAAATACC	1
812	811	187	TCTGCTAGCCAGGCATGGAAATAC	1
811	4577	185	CTCTGCTAGCCAGGCATGGAAATA	1
4577	4576	187	GCTCTGCTAGCCAGGCATGGAAAT	1
4576	4575	184	GGCTCTGCTAGCCAGGCATGGAAA	1
4575	807	192	TGGCTCTGCTAGCCAGGCATGGAA	1
807	4573	192	CTGGCTCTGCTAGCCAGGCATGGA	1
4573	4572	193	GCTGGCTCTGCTAGCCAGGCATGG	1
4572	4571	195	AGCTGGCTCTGCTAGCCAGGCATG	1
4571	4570	192	AAGCTGGCTCTGCTAGCCAGGCAT	1
4570	4569	191	AAAGCTGGCTCTGCTAGCCAGGCA	1
4569	4568	186	GAAAGCTGGCTCTGCTAGCCAGGC	1
4568	4567	189	AGAAAGCTGGCTCTGCTAGCCAGG	1
4567	799	191	CAGAAAGCTGGCTCTGCTAGCCAG	1
799	798	188	CCAGAAAGCTGGCTCTGCTAGCCA	1
798	4564	197	TCCAGAAAGCTGGCTCTGCTAGCC	1
4564	4563	195	GTCCAGAAAGCTGGCTCTGCTAGC	1
4563	795	193	TGTCCAGAAAGCTGGCTCTGCTAG	1
795	794	193	CTGTCCAGAAAGCTGGCTCTGCTA	1
794	793	198	CCTGTCCAGAAAGCTGGCTCTGCT	1
793	4559	201	CCCTGTCCAGAAAGCTGGCTCTGC	1
4559	4558	201	GCCCTGTCCAGAAAGCTGGCTCTG	1
4558	4557	200	GGCCCTGTCCAGAAAGCTGGCTCT	1
4557	4556	201	GGGCCCTGTCCAGAAAGCTGGCTC	1
4556	788	199	AGGGCCCTGTCCAGAAAGCTGGCT	1
788	4554	201	CAGGGCCCTGTCCAGAAAGCTGGC	1
4554	4553	202	GCAGGGCCCTGTCCAGAAAGCTGG	1
4553	785	202	TGCAGGGCCCTGTCCAGAAAGCTG	1
785	784	197	CTGCAGGGCCCTGTCCAGAAAGCT	1
784	4550	195	ACTGCAGGGCCCTGTCCAGAAAGC	1
4550	782	194	CACTGCAGGGCCCTGTCCAGAAAG	1
782	4548	183	CCACTGCAGGGCCCTGTCCAGAAA	1
4548	4547	176	GCCACTGCAGGGCCCTGTCCAGAA	1
4547	4546	173	GGCCACTGCAGGGCCCTGTCCAGA	1
4546	4545	173	GGGCCACTGCAGGGCCCTGTCCAG	1
4545	777	155	TGGGCCACTGCAGGGCCCTGTCCA	1
777	776	134	CTGGGCCACTGCAGGGCCCTGTCC	1
776	775	126	GCTGGGCCACTGCAGGGCCCTGTC	1
775	774	126	TGCTGGGCCACTGCAGGGCCCTGT	1
774	773	125	CTGCTGGGCCACTGCAGGGCCCTG	1
773	772	124	CCTGCTGGGCCACTGCAGGGCCCT	1
772	771	126	TCCTGCTGGGCCACTGCAGGGCCC	1
771	770	126	TTCCTGCTGGGCCACTGCAGGGCC	1
770	4536	122	CTTCCTGCTGGGCCACTGCAGGGC	1
4536	4535	122	ACTTCCTGCTGGGCCACTGCAGGG	1
4535	4534	122	TACTTCCTGCTGGGCCACTGCAGG	1
4534	4533	123	GTACTTCCTGCTGGGCCACTGCAG	1
4533	765	123	GGTACTTCCTGCTGGGCCACTGCA	1
765	764	125	TGGTACTTCCTGCTGGGCCACTGC	1
764	763	121	CTGGTACTTCCTGCTGGGCCACTG	1
763	762	118	TCTGGTACTTCCTGCTGGGCCACT	1
762	4528	120	GTCTGGTACTTCCTGCTGGGCCAC	1
4528	760	109	GGTCTGGTACTTCCTGCTGGGCCA	1
760	759	109	AGGTCTGGTACTTCCTGCTGGGCC	1
759	4525	108	CAGGTCTGGTACTTCCTGCTGGGC	1
4525	4524	107	ACAGGTCTGGTACTTCCTGCTGGG	1
4524	4523	106	GACAGGTCTGGTACTTCCTGCTGG	1
4523	755	96	GGACAGGTCTGGTACTTCCTGCTG	1
755	4521	95	TGGACAGGTCTGGTACTTCCTGCT	1
4521	4520	92	GTGGACAGGTCTGGTACTTCCTGC	1
4520	4519	92	TGTGGACAGGTCTGGTACTTCCTG	1
4519	751	94	GTGTGGACAGGTCTGGTACTTCCT	1
751	750	94	TGTGTGGACAGGTCTGGTACTTCC	1
750	4516	94	CTGTGTGGACAGGTCTGGTACTTC	1
4516	748	91	GCTGTGTGGACAGGTCTGGTACTT	1
748	747	89	AGCTGTGTGGACAGGTCTGGTACT	1
747	746	88	CAGCTGTGTGGACAGGTCTGGTAC	1
746	4512	85	CCAGCTGTGTGGACAGGTCTGGTA	1
4512	4511	86	GCCAGCTGTGTGGACAGGTCTGGT	1
4511	4510	85	GGCCAGCTGTGTGGACAGGTCTGG	1
4510	742	91	AGGCCAGCTGTGTGGACAGGTCTG	1
742	741	85	AAGGCCAGCTGTGTGGACAGGTCT	1
741	740	86	CAAGGCCAGCTGTGTGGACAGGTC	1
740	4506	85	CCAAGGCCAGCTGTGTGGACAGGT	1
4506	4505	87	GCCAAGGCCAGCTGTGTGGACAGG	1
4505	4504	85	GGCCAAGGCCAGCTGTGTGGACAG	1
4504	736	86	GGGCCAAGGCCAGCTGTGTGGACA	1
736	735	85	AGGGCCAAGGCCAGCTGTGTGGAC	1
735	4501	85	CAGGGCCAAGGCCAGCTGTGTGGA	1
4501	4500	86	GCAGGGCCAAGGCCAGCTGTGTGG	1
4500	4499	88	AGCAGGGCCAAGGCCAGCTGTGTG	1
4499	4498	86	AAGCAGGGCCAAGGCCAGCTGTGT	1
4498	730	103	CAAGCAGGGCCAAGGCCAGCTGTG	1
730	4496	105	ACAAGCAGGGCCAAGGCCAGCTGT	1
4496	728	107	AACAAGCAGGGCCAAGGCCAGCTG	1
728	727	110	TAACAAGCAGGGCCAAGGCCAGCT	1
727	726	106	CTAACAAGCAGGGCCAAGGCCAGC	1
726	4492	103	CCTAACAAGCAGGGCCAAGGCCAG	1
4492	724	101	ACCTAACAAGCAGGGCCAAGGCCA	1
724	723	100	CACCTAACAAGCAGGGCCAAGGCC	1
723	722	99	CCACCTAACAAGCAGGGCCAAGGC	1
722	4488	104	CCCACCTAACAAGCAGGGCCAAGG	1
4488	4487	106	GCCCACCTAACAAGCAGGGCCAAG	1
4487	4486	103	GGCCCACCTAACAAGCAGGGCCAA	1
4486	718	102	TGGCCCACCTAACAAGCAGGGCCA	1
718	717	102	CTGGCCCACCTAACAAGCAGGGCC	1
717	4483	101	CCTGGCCCACCTAACAAGCAGGGC	1
4483	4482	100	GCCTGGCCCACCTAACAAGCAGGG	1
4482	4481	98	TGCCTGGCCCACCTAACAAGCAGG	1
4481	713	98	ATGCCTGGCCCACCTAACAAGCAG	1
713	4479	101	CATGCCTGGCCCACCTAACAAGCA	1
4479	4478	101	GCATGCCTGGCCCACCTAACAAGC	1
4478	710	99	TGCATGCCTGGCCCACCTAACAAG	1
710	709	96	CTGCATGCCTGGCCCACCTAACAA	1
709	708	95	CCTGCATGCCTGGCCCACCTAACA	1
708	707	95	CCCTGCATGCCTGGCCCACCTAAC	1
707	4473	95	TCCCTGCATGCCTGGCCCACCTAA	1
4473	705	94	ATCCCTGCATGCCTGGCCCACCTA	1
705	704	93	CATCCCTGCATGCCTGGCCCACCT	1
704	4470	93	GCATCCCTGCATGCCTGGCCCACC	1
4470	4469	93	GGCATCCCTGCATGCCTGGCCCAC	1
4469	701	92	GGGCATCCCTGCATGCCTGGCCCA	1
701	700	92	TGGGCATCCCTGCATGCCTGGCCC	1
700	699	93	GTGGGCATCCCTGCATGCCTGGCC	1
699	4465	92	TGTGGGCATCCCTGCATGCCTGGC	1
4465	4464	91	CTGTGGGCATCCCTGCATGCCTGG	1
4464	696	99	ACTGTGGGCATCCCTGCATGCCTG	1
696	695	104	CACTGTGGGCATCCCTGCATGCCT	1
695	694	104	CCACTGTGGGCATCCCTGCATGCC	1
694	4460	103	CCCACTGTGGGCATCCCTGCATGC	1
4460	692	100	TCCCACTGTGGGCATCCCTGCATG	1
692	4458	97	CTCCCACTGTGGGCATCCCTGCAT	1
4458	690	127	GCTCCCACTGTGGGCATCCCTGCA	1
690	4456	135	AGCTCCCACTGTGGGCATCCCTGC	1
4456	4455	134	TAGCTCCCACTGTGGGCATCCCTG	1
4455	687	132	GTAGCTCCCACTGTGGGCATCCCT	1
687	686	137	AGTAGCTCCCACTGTGGGCATCCC	1
686	685	150	CAGTAGCTCCCACTGTGGGCATCC	1
685	4451	172	GCAGTAGCTCCCACTGTGGGCATC	1
4451	4450	172	GGCAGTAGCTCCCACTGTGGGCAT	1
4450	682	181	AGGCAGTAGCTCCCACTGTGGGCA	1
682	4448	182	CAGGCAGTAGCTCCCACTGTGGGC	1
4448	4447	188	GCAGGCAGTAGCTCCCACTGTGGG	1
4447	4446	196	GGCAGGCAGTAGCTCCCACTGTGG	1
4446	678	194	AGGCAGGCAGTAGCTCCCACTGTG	1
678	4444	199	CAGGCAGGCAGTAGCTCCCACTGT	1
4444	676	202	ACAGGCAGGCAGTAGCTCCCACTG	1
676	675	204	CACAGGCAGGCAGTAGCTCCCACT	1
675	674	206	TCACAGGCAGGCAGTAGCTCCCAC	1
674	673	206	TTCACAGGCAGGCAGTAGCTCCCA	1
673	672	217	GTTCACAGGCAGGCAGTAGCTCCC	1
672	671	220	GGTTCACAGGCAGGCAGTAGCTCC	1
671	4437	232	TGGTTCACAGGCAGGCAGTAGCTC	1
4437	669	227	GTGGTTCACAGGCAGGCAGTAGCT	1
669	4435	230	TGTGGTTCACAGGCAGGCAGTAGC	1
4435	4434	232	GTGTGGTTCACAGGCAGGCAGTAG	1
4434	4433	231	GGTGTGGTTCACAGGCAGGCAGTA	1
4433	4432	240	AGGTGTGGTTCACAGGCAGGCAGT	1
4432	4431	248	GAGGTGTGGTTCACAGGCAGGCAG	1
4431	663	259	TGAGGTGTGGTTCACAGGCAGGCA	1
663	4429	256	CTGAGGTGTGGTTCACAGGCAGGC	1
4429	661	256	TCTGAGGTGTGGTTCACAGGCAGG	1
661	4427	252	CTCTGAGGTGTGGTTCACAGGCAG	1
4427	659	252	GCTCTGAGGTGTGGTTCACAGGCA	1
659	4425	251	AGCTCTGAGGTGTGGTTCACAGGC	1
4425	4424	250	TAGCTCTGAGGTGTGGTTCACAGG	1
4424	656	252	TTAGCTCTGAGGTGTGGTTCACAG	1
656	655	252	CTTAGCTCTGAGGTGTGGTTCACA	1
655	4421	254	GCTTAGCTCTGAGGTGTGGTTCAC	1
4421	4420	253	AGCTTAGCTCTGAGGTGTGGTTCA	1
4420	4419	256	GAGCTTAGCTCTGAGGTGTGGTTC	1
4419	4418	254	GGAGCTTAGCTCTGAGGTGTGGTT	1
4418	4417	258	AGGAGCTTAGCTCTGAGGTGTGGT	1
4417	4416	260	CAGGAGCTTAGCTCTGAGGTGTGG	1
4416	4415	261	GCAGGAGCTTAGCTCTGAGGTGTG	1
4415	4414	265	AGCAGGAGCTTAGCTCTGAGGTGT	1
4414	646	264	CAGCAGGAGCTTAGCTCTGAGGTG	1
646	4412	260	CCAGCAGGAGCTTAGCTCTGAGGT	1
4412	4411	254	ACCAGCAGGAGCTTAGCTCTGAGG	1
4411	643	252	CACCAGCAGGAGCTTAGCTCTGAG	1
643	4409	259	TCACCAGCAGGAGCTTAGCTCTGA	1
4409	641	264	ATCACCAGCAGGAGCTTAGCTCTG	1
641	640	265	CATCACCAGCAGGAGCTTAGCTCT	1
640	639	269	ACATCACCAGCAGGAGCTTAGCTC	1
639	4405	230	CACATCACCAGCAGGAGCTTAGCT	1
4405	4404	224	GCACATCACCAGCAGGAGCTTAGC	1
4404	636	221	TGCACATCACCAGCAGGAGCTTAG	1
636	635	220	TTGCACATCACCAGCAGGAGCTTA	1
635	634	210	CTTGCACATCACCAGCAGGAGCTT	1
634	633	211	TCTTGCACATCACCAGCAGGAGCT	1
633	4399	189	CTCTTGCACATCACCAGCAGGAGC	1
4399	4398	196	TCTCTTGCACATCACCAGCAGGAG	1
4398	4397	188	GTCTCTTGCACATCACCAGCAGGA	1
4397	4396	188	TGTCTCTTGCACATCACCAGCAGG	1
4396	628	181	CTGTCTCTTGCACATCACCAGCAG	1
628	627	163	CCTGTCTCTTGCACATCACCAGCA	1
627	4393	156	TCCTGTCTCTTGCACATCACCAGC	1
4393	625	158	TTCCTGTCTCTTGCACATCACCAG	1
625	624	155	TTTCCTGTCTCTTGCACATCACCA	1
624	623	157	TTTTCCTGTCTCTTGCACATCACC	1
623	622	171	GTTTTCCTGTCTCTTGCACATCAC	1
622	621	174	TGTTTTCCTGTCTCTTGCACATCA	1
621	620	167	CTGTTTTCCTGTCTCTTGCACATC	1
620	4386	167	CCTGTTTTCCTGTCTCTTGCACAT	1
4386	618	167	GCCTGTTTTCCTGTCTCTTGCACA	1
618	617	168	AGCCTGTTTTCCTGTCTCTTGCAC	1
617	4383	176	CAGCCTGTTTTCCTGTCTCTTGCA	1
4383	4382	189	GCAGCCTGTTTTCCTGTCTCTTGC	1
4382	614	187	GGCAGCCTGTTTTCCTGTCTCTTG	1
614	613	184	CGGCAGCCTGTTTTCCTGTCTCTT	1
613	612	180	CCGGCAGCCTGTTTTCCTGTCTCT	1
612	4378	176	CCCGGCAGCCTGTTTTCCTGTCTC	1
4378	610	179	GCCCGGCAGCCTGTTTTCCTGTCT	1
610	609	178	AGCCCGGCAGCCTGTTTTCCTGTC	1
609	4375	185	TAGCCCGGCAGCCTGTTTTCCTGT	1
4375	607	187	TTAGCCCGGCAGCCTGTTTTCCTG	1
607	606	191	CTTAGCCCGGCAGCCTGTTTTCCT	1
606	605	197	CCTTAGCCCGGCAGCCTGTTTTCC	1
605	4371	211	GCCTTAGCCCGGCAGCCTGTTTTC	1
4371	4370	214	GGCCTTAGCCCGGCAGCCTGTTTT	1
4370	602	209	GGGCCTTAGCCCGGCAGCCTGTTT	1
602	4368	208	TGGGCCTTAGCCCGGCAGCCTGTT	1
4368	4367	206	ATGGGCCTTAGCCCGGCAGCCTGT	1
4367	599	208	TATGGGCCTTAGCCCGGCAGCCTG	1
599	598	204	CTATGGGCCTTAGCCCGGCAGCCT	1
598	597	205	CCTATGGGCCTTAGCCCGGCAGCC	1
597	4363	206	TCCTATGGGCCTTAGCCCGGCAGC	1
4363	4362	204	ATCCTATGGGCCTTAGCCCGGCAG	1
4362	594	220	AATCCTATGGGCCTTAGCCCGGCA	1
594	4360	221	AAATCCTATGGGCCTTAGCCCGGC	1
4360	592	223	TAAATCCTATGGGCCTTAGCCCGG	1
592	591	232	CTAAATCCTATGGGCCTTAGCCCG	1
591	590	225	GCTAAATCCTATGGGCCTTAGCCC	1
590	4356	230	GGCTAAATCCTATGGGCCTTAGCC	1
4356	4355	232	GGGCTAAATCCTATGGGCCTTAGC	1
4355	4354	234	TGGGCTAAATCCTATGGGCCTTAG	1
4354	586	231	GTGGGCTAAATCCTATGGGCCTTA	1
586	585	232	TGTGGGCTAAATCCTATGGGCCTT	1
585	584	231	CTGTGGGCTAAATCCTATGGGCCT	1
584	583	237	CCTGTGGGCTAAATCCTATGGGCC	1
583	4349	238	TCCTGTGGGCTAAATCCTATGGGC	1
4349	4348	232	CTCCTGTGGGCTAAATCCTATGGG	1
4348	4347	271	GCTCCTGTGGGCTAAATCCTATGG	1
4347	4346	264	GGCTCCTGTGGGCTAAATCCTATG	1
4346	4345	263	GGGCTCCTGTGGGCTAAATCCTAT	1
4345	577	264	AGGGCTCCTGTGGGCTAAATCCTA	1
577	576	264	TAGGGCTCCTGTGGGCTAAATCCT	1
576	575	265	CTAGGGCTCCTGTGGGCTAAATCC	1
575	574	269	TCTAGGGCTCCTGTGGGCTAAATC	1
574	573	267	ATCTAGGGCTCCTGTGGGCTAAAT	1
573	4339	267	CATCTAGGGCTCCTGTGGGCTAAA	1
4339	4338	255	GCATCTAGGGCTCCTGTGGGCTAA	1
4338	570	242	TGCATCTAGGGCTCCTGTGGGCTA	1
570	569	248	TTGCATCTAGGGCTCCTGTGGGCT	1
569	4335	248	TTTGCATCTAGGGCTCCTGTGGGC	1
4335	4334	248	TTTTGCATCTAGGGCTCCTGTGGG	1
4334	4333	235	CTTTTGCATCTAGGGCTCCTGTGG	1
4333	4332	234	TCTTTTGCATCTAGGGCTCCTGTG	1
4332	4331	221	GTCTTTTGCATCTAGGGCTCCTGT	1
4331	563	214	TGTCTTTTGCATCTAGGGCTCCTG	1
563	562	213	ATGTCTTTTGCATCTAGGGCTCCT	1
562	561	219	CATGTCTTTTGCATCTAGGGCTCC	1
561	560	225	ACATGTCTTTTGCATCTAGGGCTC	1
560	559	230	AACATGTCTTTTGCATCTAGGGCT	1
559	4325	237	TAACATGTCTTTTGCATCTAGGGC	1
4325	4324	242	TTAACATGTCTTTTGCATCTAGGG	1
4324	4323	239	GTTAACATGTCTTTTGCATCTAGG	1
4323	4322	242	GGTTAACATGTCTTTTGCATCTAG	1
4322	554	238	TGGTTAACATGTCTTTTGCATCTA	1
554	553	237	TTGGTTAACATGTCTTTTGCATCT	1
553	552	221	CTTGGTTAACATGTCTTTTGCATC	1
552	551	218	ACTTGGTTAACATGTCTTTTGCAT	1
551	550	220	CACTTGGTTAACATGTCTTTTGCA	1
550	4316	224	ACACTTGGTTAACATGTCTTTTGC	1
4316	548	225	AACACTTGGTTAACATGTCTTTTG	1
548	4314	225	AAACACTTGGTTAACATGTCTTTT	1
4314	4313	223	GAAACACTTGGTTAACATGTCTTT	1
4313	545	219	AGAAACACTTGGTTAACATGTCTT	1
545	544	216	CAGAAACACTTGGTTAACATGTCT	1
544	543	221	TCAGAAACACTTGGTTAACATGTC	1
543	4309	203	CTCAGAAACACTTGGTTAACATGT	1
4309	541	201	TCTCAGAAACACTTGGTTAACATG	1
541	540	198	CTCTCAGAAACACTTGGTTAACAT	1
540	539	189	CCTCTCAGAAACACTTGGTTAACA	1
539	4305	188	ACCTCTCAGAAACACTTGGTTAAC	1
4305	537	181	AACCTCTCAGAAACACTTGGTTAA	1
537	536	181	CAACCTCTCAGAAACACTTGGTTA	1
536	4302	177	ACAACCTCTCAGAAACACTTGGTT	1
4302	4301	176	GACAACCTCTCAGAAACACTTGGT	1
4301	4300	188	AGACAACCTCTCAGAAACACTTGG	1
4300	4299	198	AAGACAACCTCTCAGAAACACTTG	1
4299	4298	199	GAAGACAACCTCTCAGAAACACTT	1
4298	530	201	GGAAGACAACCTCTCAGAAACACT	1
530	4296	203	TGGAAGACAACCTCTCAGAAACAC	1
4296	528	166	GTGGAAGACAACCTCTCAGAAACA	1
528	4294	167	TGTGGAAGACAACCTCTCAGAAAC	1
4294	4293	162	GTGTGGAAGACAACCTCTCAGAAA	1
4293	4292	159	GGTGTGGAAGACAACCTCTCAGAA	1
4292	4291	155	GGGTGTGGAAGACAACCTCTCAGA	1
4291	4290	157	TGGGTGTGGAAGACAACCTCTCAG	1
4290	522	154	GTGGGTGTGGAAGACAACCTCTCA	1
522	4288	153	AGTGGGTGTGGAAGACAACCTCTC	1
4288	520	155	GAGTGGGTGTGGAAGACAACCTCT	1
520	4286	155	AGAGTGGGTGTGGAAGACAACCTC	1
4286	518	156	GAGAGTGGGTGTGGAAGACAACCT	1
518	517	154	CGAGAGTGGGTGTGGAAGACAACC	1
517	516	158	TCGAGAGTGGGTGTGGAAGACAAC	1
516	515	156	TTCGAGAGTGGGTGTGGAAGACAA	1
515	514	158	CTTCGAGAGTGGGTGTGGAAGACA	1
514	513	157	GCTTCGAGAGTGGGTGTGGAAGAC	1
513	4279	153	CGCTTCGAGAGTGGGTGTGGAAGA	1
4279	4278	159	ACGCTTCGAGAGTGGGTGTGGAAG	1
4278	4277	159	GACGCTTCGAGAGTGGGTGTGGAA	1
4277	4276	158	TGACGCTTCGAGAGTGGGTGTGGA	1
4276	508	149	CTGACGCTTCGAGAGTGGGTGTGG	1
508	507	145	CCTGACGCTTCGAGAGTGGGTGTG	1
507	4273	142	CCCTGACGCTTCGAGAGTGGGTGT	1
4273	4272	144	TCCCTGACGCTTCGAGAGTGGGTG	1
4272	4271	144	ATCCCTGACGCTTCGAGAGTGGGT	1
4271	4270	141	AATCCCTGACGCTTCGAGAGTGGG	1
4270	4269	141	AAATCCCTGACGCTTCGAGAGTGG	1
4269	4268	147	CAAATCCCTGACGCTTCGAGAGTG	1
4268	4267	148	GCAAATCCCTGACGCTTCGAGAGT	1
4267	4266	155	AGCAAATCCCTGACGCTTCGAGAG	1
4266	4265	158	AAGCAAATCCCTGACGCTTCGAGA	1
4265	4264	164	GAAGCAAATCCCTGACGCTTCGAG	1
4264	4263	163	AGAAGCAAATCCCTGACGCTTCGA	1
4263	495	181	AAGAAGCAAATCCCTGACGCTTCG	1
495	494	183	TAAGAAGCAAATCCCTGACGCTTC	1
494	493	186	TTAAGAAGCAAATCCCTGACGCTT	1
493	4259	193	TTTAAGAAGCAAATCCCTGACGCT	1
4259	4258	193	GTTTAAGAAGCAAATCCCTGACGC	1
4258	490	192	AGTTTAAGAAGCAAATCCCTGACG	1
490	4256	192	AAGTTTAAGAAGCAAATCCCTGAC	1
4256	4255	194	GAAGTTTAAGAAGCAAATCCCTGA	1
4255	487	194	AGAAGTTTAAGAAGCAAATCCCTG	1
487	486	191	CAGAAGTTTAAGAAGCAAATCCCT	1
486	485	192	GCAGAAGTTTAAGAAGCAAATCCC	1
485	484	187	CGCAGAAGTTTAAGAAGCAAATCC	1
484	483	189	CCGCAGAAGTTTAAGAAGCAAATC	1
483	482	193	TCCGCAGAAGTTTAAGAAGCAAAT	1
482	481	187	CTCCGCAGAAGTTTAAGAAGCAAA	1
481	480	180	CCTCCGCAGAAGTTTAAGAAGCAA	1
480	479	185	CCCTCCGCAGAAGTTTAAGAAGCA	1
479	4245	187	CCCCTCCGCAGAAGTTTAAGAAGC	1
4245	4244	181	ACCCCTCCGCAGAAGTTTAAGAAG	1
4244	4243	181	AACCCCTCCGCAGAAGTTTAAGAA	1
4243	4242	179	AAACCCCTCCGCAGAAGTTTAAGA	1
4242	474	179	CAAACCCCTCCGCAGAAGTTTAAG	1
474	4240	182	CCAAACCCCTCCGCAGAAGTTTAA	1
4240	4239	180	GCCAAACCCCTCCGCAGAAGTTTA	1
4239	4238	176	AGCCAAACCCCTCCGCAGAAGTTT	1
4238	470	174	AAGCCAAACCCCTCCGCAGAAGTT	1
470	469	174	CAAGCCAAACCCCTCCGCAGAAGT	1
469	468	174	CCAAGCCAAACCCCTCCGCAGAAG	1
468	467	174	CCCAAGCCAAACCCCTCCGCAGAA	1
467	466	172	TCCCAAGCCAAACCCCTCCGCAGA	1
466	465	166	CTCCCAAGCCAAACCCCTCCGCAG	1
465	464	159	CCTCCCAAGCCAAACCCCTCCGCA	1
464	4230	164	GCCTCCCAAGCCAAACCCCTCCGC	1
4230	462	158	GGCCTCCCAAGCCAAACCCCTCCG	1
462	461	159	TGGCCTCCCAAGCCAAACCCCTCC	1
461	460	163	ATGGCCTCCCAAGCCAAACCCCTC	1
460	459	160	CATGGCCTCCCAAGCCAAACCCCT	1
459	458	167	ACATGGCCTCCCAAGCCAAACCCC	1
458	457	164	TACATGGCCTCCCAAGCCAAACCC	1
457	456	178	CTACATGGCCTCCCAAGCCAAACC	1
456	455	197	TCTACATGGCCTCCCAAGCCAAAC	1
455	4221	194	CTCTACATGGCCTCCCAAGCCAAA	1
4221	453	192	GCTCTACATGGCCTCCCAAGCCAA	1
453	452	191	TGCTCTACATGGCCTCCCAAGCCA	1
452	451	198	TTGCTCTACATGGCCTCCCAAGCC	1
451	4217	198	CTTGCTCTACATGGCCTCCCAAGC	1
4217	4216	202	ACTTGCTCTACATGGCCTCCCAAG	1
4216	4215	207	TACTTGCTCTACATGGCCTCCCAA	1
4215	447	204	GTACTTGCTCTACATGGCCTCCCA	1
447	446	204	TGTACTTGCTCTACATGGCCTCCC	1
446	445	198	CTGTACTTGCTCTACATGGCCTCC	1
445	4211	196	TCTGTACTTGCTCTACATGGCCTC	1
4211	443	183	GTCTGTACTTGCTCTACATGGCCT	1
443	442	179	TGTCTGTACTTGCTCTACATGGCC	1
442	4208	179	CTGTCTGTACTTGCTCTACATGGC	1
4208	4207	171	GCTGTCTGTACTTGCTCTACATGG	1
4207	4206	164	GGCTGTCTGTACTTGCTCTACATG	1
4206	438	168	AGGCTGTCTGTACTTGCTCTACAT	1
438	437	174	CAGGCTGTCTGTACTTGCTCTACA	1
437	4203	175	ACAGGCTGTCTGTACTTGCTCTAC	1
4203	435	174	AACAGGCTGTCTGTACTTGCTCTA	1
435	434	176	TAACAGGCTGTCTGTACTTGCTCT	1
434	433	179	CTAACAGGCTGTCTGTACTTGCTC	1
433	432	179	ACTAACAGGCTGTCTGTACTTGCT	1
432	431	183	CACTAACAGGCTGTCTGTACTTGC	1
431	430	184	CCACTAACAGGCTGTCTGTACTTG	1
430	429	179	CCCACTAACAGGCTGTCTGTACTT	1
429	428	178	TCCCACTAACAGGCTGTCTGTACT	1
428	4194	172	CTCCCACTAACAGGCTGTCTGTAC	1
4194	4193	168	GCTCCCACTAACAGGCTGTCTGTA	1
4193	4192	167	AGCTCCCACTAACAGGCTGTCTGT	1
4192	424	170	AAGCTCCCACTAACAGGCTGTCTG	1
424	423	173	CAAGCTCCCACTAACAGGCTGTCT	1
423	4189	178	GCAAGCTCCCACTAACAGGCTGTC	1
4189	4188	175	GGCAAGCTCCCACTAACAGGCTGT	1
4188	4187	174	GGGCAAGCTCCCACTAACAGGCTG	1
4187	4186	178	GGGGCAAGCTCCCACTAACAGGCT	1
4186	4185	183	GGGGGCAAGCTCCCACTAACAGGC	1
4185	4184	181	TGGGGGCAAGCTCCCACTAACAGG	1
4184	416	178	CTGGGGGCAAGCTCCCACTAACAG	1
416	415	176	CCTGGGGGCAAGCTCCCACTAACA	1
415	4181	177	GCCTGGGGGCAAGCTCCCACTAAC	1
4181	4180	180	GGCCTGGGGGCAAGCTCCCACTAA	1
4180	4179	192	GGGCCTGGGGGCAAGCTCCCACTA	1
4179	4178	191	AGGGCCTGGGGGCAAGCTCCCACT	1
4178	410	192	GAGGGCCTGGGGGCAAGCTCCCAC	1
410	409	196	TGAGGGCCTGGGGGCAAGCTCCCA	1
409	408	195	TTGAGGGCCTGGGGGCAAGCTCCC	1
408	407	192	TTTGAGGGCCTGGGGGCAAGCTCC	1
407	406	189	CTTTGAGGGCCTGGGGGCAAGCTC	1
406	405	189	CCTTTGAGGGCCTGGGGGCAAGCT	1
405	4171	169	CCCTTTGAGGGCCTGGGGGCAAGC	1
4171	403	172	ACCCTTTGAGGGCCTGGGGGCAAG	1
403	4169	168	CACCCTTTGAGGGCCTGGGGGCAA	1
4169	401	171	ACACCCTTTGAGGGCCTGGGGGCA	1
401	4167	170	TACACCCTTTGAGGGCCTGGGGGC	1
4167	4166	167	TTACACCCTTTGAGGGCCTGGGGG	1
4166	4165	165	CTTACACCCTTTGAGGGCCTGGGG	1
4165	4164	162	CCTTACACCCTTTGAGGGCCTGGG	1
4164	4163	156	GCCTTACACCCTTTGAGGGCCTGG	1
4163	395	155	GGCCTTACACCCTTTGAGGGCCTG	1
395	394	158	TGGCCTTACACCCTTTGAGGGCCT	1
394	4160	167	CTGGCCTTACACCCTTTGAGGGCC	1
4160	4159	172	GCTGGCCTTACACCCTTTGAGGGC	1
4159	4158	174	AGCTGGCCTTACACCCTTTGAGGG	1
4158	4157	174	GAGCTGGCCTTACACCCTTTGAGG	1
4157	4156	174	GGAGCTGGCCTTACACCCTTTGAG	1
4156	4155	176	AGGAGCTGGCCTTACACCCTTTGA	1
4155	4154	185	AAGGAGCTGGCCTTACACCCTTTG	1
4154	4153	192	GAAGGAGCTGGCCTTACACCCTTT	1
4153	385	189	GGAAGGAGCTGGCCTTACACCCTT	1
385	384	198	AGGAAGGAGCTGGCCTTACACCCT	1
384	4150	205	GAGGAAGGAGCTGGCCTTACACCC	1
4150	382	205	GGAGGAAGGAGCTGGCCTTACACC	1
382	4148	201	TGGAGGAAGGAGCTGGCCTTACAC	1
4148	380	199	ATGGAGGAAGGAGCTGGCCTTACA	1
380	379	197	CATGGAGGAAGGAGCTGGCCTTAC	1
379	4145	188	CCATGGAGGAAGGAGCTGGCCTTA	1
4145	4144	190	GCCATGGAGGAAGGAGCTGGCCTT	1
4144	376	192	GGCCATGGAGGAAGGAGCTGGCCT	1
376	4142	200	AGGCCATGGAGGAAGGAGCTGGCC	1
4142	4141	205	GAGGCCATGGAGGAAGGAGCTGGC	1
4141	4140	203	AGAGGCCATGGAGGAAGGAGCTGG	1
4140	4139	200	GAGAGGCCATGGAGGAAGGAGCTG	1
4139	371	198	GGAGAGGCCATGGAGGAAGGAGCT	1
371	4137	198	AGGAGAGGCCATGGAGGAAGGAGC	1
4137	4136	197	AAGGAGAGGCCATGGAGGAAGGAG	1
4136	4135	197	GAAGGAGAGGCCATGGAGGAAGGA	1
4135	4134	195	GGAAGGAGAGGCCATGGAGGAAGG	1
4134	4133	190	AGGAAGGAGAGGCCATGGAGGAAG	1
4133	4132	190	AAGGAAGGAGAGGCCATGGAGGAA	1
4132	4131	191	AAAGGAAGGAGAGGCCATGGAGGA	1
4131	4130	190	TAAAGGAAGGAGAGGCCATGGAGG	1
4130	4129	189	CTAAAGGAAGGAGAGGCCATGGAG	1
4129	4128	186	GCTAAAGGAAGGAGAGGCCATGGA	1
4128	4127	175	GGCTAAAGGAAGGAGAGGCCATGG	1
4127	359	174	GGGCTAAAGGAAGGAGAGGCCATG	1
359	358	174	TGGGCTAAAGGAAGGAGAGGCCAT	1
358	357	168	CTGGGCTAAAGGAAGGAGAGGCCA	1
357	356	172	GCTGGGCTAAAGGAAGGAGAGGCC	1
356	4122	179	AGCTGGGCTAAAGGAAGGAGAGGC	1
4122	4121	186	CAGCTGGGCTAAAGGAAGGAGAGG	1
4121	4120	188	GCAGCTGGGCTAAAGGAAGGAGAG	1
4120	4119	188	GGCAGCTGGGCTAAAGGAAGGAGA	1
4119	351	182	AGGCAGCTGGGCTAAAGGAAGGAG	1
351	4117	185	CAGGCAGCTGGGCTAAAGGAAGGA	1
4117	4116	183	GCAGGCAGCTGGGCTAAAGGAAGG	1
4116	348	181	TGCAGGCAGCTGGGCTAAAGGAAG	1
348	347	181	CTGCAGGCAGCTGGGCTAAAGGAA	1
347	4113	179	CCTGCAGGCAGCTGGGCTAAAGGA	1
4113	4112	180	GCCTGCAGGCAGCTGGGCTAAAGG	1
4112	4111	178	GGCCTGCAGGCAGCTGGGCTAAAG	1
4111	343	175	TGGCCTGCAGGCAGCTGGGCTAAA	1
343	4109	169	CTGGCCTGCAGGCAGCTGGGCTAA	1
4109	4108	163	GCTGGCCTGCAGGCAGCTGGGCTA	1
4108	4107	160	GGCTGGCCTGCAGGCAGCTGGGCT	1
4107	4106	162	GGGCTGGCCTGCAGGCAGCTGGGC	1
4106	4105	161	TGGGCTGGCCTGCAGGCAGCTGGG	1
4105	337	161	TTGGGCTGGCCTGCAGGCAGCTGG	1
337	4103	170	CTTGGGCTGGCCTGCAGGCAGCTG	1
4103	4102	166	GCTTGGGCTGGCCTGCAGGCAGCT	1
4102	4101	156	GGCTTGGGCTGGCCTGCAGGCAGC	1
4101	333	155	TGGCTTGGGCTGGCCTGCAGGCAG	1
333	4099	147	CTGGCTTGGGCTGGCCTGCAGGCA	1
4099	4098	144	GCTGGCTTGGGCTGGCCTGCAGGC	1
4098	4097	145	AGCTGGCTTGGGCTGGCCTGCAGG	1
4097	4096	144	AAGCTGGCTTGGGCTGGCCTGCAG	1
4096	328	149	GAAGCTGGCTTGGGCTGGCCTGCA	1
328	4094	148	AGAAGCTGGCTTGGGCTGGCCTGC	1
4094	326	149	GAGAAGCTGGCTTGGGCTGGCCTG	1
326	325	149	AGAGAAGCTGGCTTGGGCTGGCCT	1
325	4091	150	AAGAGAAGCTGGCTTGGGCTGGCC	1
4091	4090	147	GAAGAGAAGCTGGCTTGGGCTGGC	1
4090	4089	146	TGAAGAGAAGCTGGCTTGGGCTGG	1
4089	4088	151	GTGAAGAGAAGCTGGCTTGGGCTG	1
4088	320	151	GGTGAAGAGAAGCTGGCTTGGGCT	1
320	4086	157	AGGTGAAGAGAAGCTGGCTTGGGC	1
4086	4085	157	AAGGTGAAGAGAAGCTGGCTTGGG	1
4085	4084	157	CAAGGTGAAGAGAAGCTGGCTTGG	1
4084	316	160	TCAAGGTGAAGAGAAGCTGGCTTG	1
316	315	161	TTCAAGGTGAAGAGAAGCTGGCTT	1
315	314	159	CTTCAAGGTGAAGAGAAGCTGGCT	1
314	4080	163	ACTTCAAGGTGAAGAGAAGCTGGC	1
4080	312	163	TACTTCAAGGTGAAGAGAAGCTGG	1
312	311	163	CTACTTCAAGGTGAAGAGAAGCTG	1
311	4077	164	ACTACTTCAAGGTGAAGAGAAGCT	1
4077	4076	164	GACTACTTCAAGGTGAAGAGAAGC	1
4076	308	165	AGACTACTTCAAGGTGAAGAGAAG	1
308	4074	163	CAGACTACTTCAAGGTGAAGAGAA	1
4074	4073	160	GCAGACTACTTCAAGGTGAAGAGA	1
4073	4072	161	GGCAGACTACTTCAAGGTGAAGAG	1
4072	4071	156	TGGCAGACTACTTCAAGGTGAAGA	1
4071	303	149	CTGGCAGACTACTTCAAGGTGAAG	1
303	4069	141	CCTGGCAGACTACTTCAAGGTGAA	1
4069	4068	134	GCCTGGCAGACTACTTCAAGGTGA	1
4068	4067	126	GGCCTGGCAGACTACTTCAAGGTG	1
4067	4066	125	AGGCCTGGCAGACTACTTCAAGGT	1
4066	298	125	CAGGCCTGGCAGACTACTTCAAGG	1
298	4064	134	CCAGGCCTGGCAGACTACTTCAAG	1
4064	296	135	ACCAGGCCTGGCAGACTACTTCAA	1
296	295	138	CACCAGGCCTGGCAGACTACTTCA	1
295	294	137	GCACCAGGCCTGGCAGACTACTTC	1
294	293	136	TGCACCAGGCCTGGCAGACTACTT	1
293	292	136	CTGCACCAGGCCTGGCAGACTACT	1
292	291	141	CCTGCACCAGGCCTGGCAGACTAC	1
291	290	144	TCCTGCACCAGGCCTGGCAGACTA	1
290	289	147	CTCCTGCACCAGGCCTGGCAGACT	1
289	288	148	CCTCCTGCACCAGGCCTGGCAGAC	1
288	287	149	TCCTCCTGCACCAGGCCTGGCAGA	1
287	286	147	CTCCTCCTGCACCAGGCCTGGCAG	1
286	285	146	CCTCCTCCTGCACCAGGCCTGGCA	1
285	4051	142	CCCTCCTCCTGCACCAGGCCTGGC	1
4051	4050	141	GCCCTCCTCCTGCACCAGGCCTGG	1
4050	282	141	GGCCCTCCTCCTGCACCAGGCCTG	1
282	281	141	TGGCCCTCCTCCTGCACCAGGCCT	1
281	280	148	ATGGCCCTCCTCCTGCACCAGGCC	1
280	4046	159	CATGGCCCTCCTCCTGCACCAGGC	1
4046	4045	156	ACATGGCCCTCCTCCTGCACCAGG	1
4045	277	161	TACATGGCCCTCCTCCTGCACCAG	1
277	276	155	CTACATGGCCCTCCTCCTGCACCA	1
276	275	160	TCTACATGGCCCTCCTCCTGCACC	1
275	274	163	CTCTACATGGCCCTCCTCCTGCAC	1
274	273	170	TCTCTACATGGCCCTCCTCCTGCA	1
273	4039	171	CTCTCTACATGGCCCTCCTCCTGC	1
4039	271	170	TCTCTCTACATGGCCCTCCTCCTG	1
271	270	167	CTCTCTCTACATGGCCCTCCTCCT	1
270	269	166	CCTCTCTCTACATGGCCCTCCTCC	1
269	268	163	TCCTCTCTCTACATGGCCCTCCTC	1
268	267	158	ATCCTCTCTCTACATGGCCCTCCT	1
267	266	160	GATCCTCTCTCTACATGGCCCTCC	1
266	265	161	AGATCCTCTCTCTACATGGCCCTC	1
265	264	159	CAGATCCTCTCTCTACATGGCCCT	1
264	263	168	CCAGATCCTCTCTCTACATGGCCC	1
263	262	172	GCCAGATCCTCTCTCTACATGGCC	1
262	4028	192	TGCCAGATCCTCTCTCTACATGGC	1
4028	4027	191	GTGCCAGATCCTCTCTCTACATGG	1
4027	4026	196	AGTGCCAGATCCTCTCTCTACATG	1
4026	258	196	GAGTGCCAGATCCTCTCTCTACAT	1
258	257	198	CGAGTGCCAGATCCTCTCTCTACA	1
257	256	202	CCGAGTGCCAGATCCTCTCTCTAC	1
256	255	203	TCCGAGTGCCAGATCCTCTCTCTA	1
255	254	205	CTCCGAGTGCCAGATCCTCTCTCT	1
254	4020	203	GCTCCGAGTGCCAGATCCTCTCTC	1
4020	4019	200	GGCTCCGAGTGCCAGATCCTCTCT	1
4019	251	204	GGGCTCCGAGTGCCAGATCCTCTC	1
251	250	207	TGGGCTCCGAGTGCCAGATCCTCT	1
250	249	211	TTGGGCTCCGAGTGCCAGATCCTC	1
249	248	210	CTTGGGCTCCGAGTGCCAGATCCT	1
248	247	207	CCTTGGGCTCCGAGTGCCAGATCC	1
247	4013	204	ACCTTGGGCTCCGAGTGCCAGATC	1
4013	4012	194	GACCTTGGGCTCCGAGTGCCAGAT	1
4012	4011	193	GGACCTTGGGCTCCGAGTGCCAGA	1
4011	4010	190	GGGACCTTGGGCTCCGAGTGCCAG	1
4010	242	193	TGGGACCTTGGGCTCCGAGTGCCA	1
242	241	197	TTGGGACCTTGGGCTCCGAGTGCC	1
241	240	196	CTTGGGACCTTGGGCTCCGAGTGC	1
240	4006	193	CCTTGGGACCTTGGGCTCCGAGTG	1
4006	4005	191	GCCTTGGGACCTTGGGCTCCGAGT	1
4005	4004	193	TGCCTTGGGACCTTGGGCTCCGAG	1
4004	4003	186	GTGCCTTGGGACCTTGGGCTCCGA	1
4003	235	189	TGTGCCTTGGGACCTTGGGCTCCG	1
235	234	198	CTGTGCCTTGGGACCTTGGGCTCC	1
234	233	218	GCTGTGCCTTGGGACCTTGGGCTC	1
233	232	221	TGCTGTGCCTTGGGACCTTGGGCT	1
232	3998	229	CTGCTGTGCCTTGGGACCTTGGGC	1
3998	3997	228	GCTGCTGTGCCTTGGGACCTTGGG	1
3997	3996	251	CGCTGCTGTGCCTTGGGACCTTGG	1
3996	228	264	GCGCTGCTGTGCCTTGGGACCTTG	1
228	3994	261	TGCGCTGCTGTGCCTTGGGACCTT	1
3994	3993	262	GTGCGCTGCTGTGCCTTGGGACCT	1
3993	225	259	GGTGCGCTGCTGTGCCTTGGGACC	1
225	224	261	AGGTGCGCTGCTGTGCCTTGGGAC	1
224	3990	254	CAGGTGCGCTGCTGTGCCTTGGGA	1
3990	3989	253	ACAGGTGCGCTGCTGTGCCTTGGG	1
3989	3988	248	CACAGGTGCGCTGCTGTGCCTTGG	1
3988	220	248	ACACAGGTGCGCTGCTGTGCCTTG	1
220	3986	248	CACACAGGTGCGCTGCTGTGCCTT	1
3986	218	248	GCACACAGGTGCGCTGCTGTGCCT	1
218	217	244	GGCACACAGGTGCGCTGCTGTGCC	1
217	3983	246	AGGCACACAGGTGCGCTGCTGTGC	1
3983	3982	243	CAGGCACACAGGTGCGCTGCTGTG	1
3982	3981	242	GCAGGCACACAGGTGCGCTGCTGT	1
3981	3980	245	AGCAGGCACACAGGTGCGCTGCTG	1
3980	212	246	GAGCAGGCACACAGGTGCGCTGCT	1
212	3978	239	AGAGCAGGCACACAGGTGCGCTGC	1
3978	3977	236	GAGAGCAGGCACACAGGTGCGCTG	1
3977	209	216	GGAGAGCAGGCACACAGGTGCGCT	1
209	3975	215	AGGAGAGCAGGCACACAGGTGCGC	1
3975	207	212	GAGGAGAGCAGGCACACAGGTGCG	1
207	3973	211	TGAGGAGAGCAGGCACACAGGTGC	1
3973	205	213	ATGAGGAGAGCAGGCACACAGGTG	1
205	3971	209	CATGAGGAGAGCAGGCACACAGGT	1
3971	3970	207	ACATGAGGAGAGCAGGCACACAGG	1
3970	3969	205	TACATGAGGAGAGCAGGCACACAG	1
3969	201	198	GTACATGAGGAGAGCAGGCACACA	1
201	3967	195	TGTACATGAGGAGAGCAGGCACAC	1
3967	199	190	ATGTACATGAGGAGAGCAGGCACA	1
199	3965	184	TATGTACATGAGGAGAGCAGGCAC	1
3965	197	177	GTATGTACATGAGGAGAGCAGGCA	1
197	3963	176	TGTATGTACATGAGGAGAGCAGGC	1
3963	3962	174	ATGTATGTACATGAGGAGAGCAGG	1
3962	194	173	TATGTATGTACATGAGGAGAGCAG	1
194	3960	173	TTATGTATGTACATGAGGAGAGCA	1
3960	3959	174	GTTATGTATGTACATGAGGAGAGC	1
3959	3958	172	CGTTATGTATGTACATGAGGAGAG	1
3958	3957	167	ACGTTATGTATGTACATGAGGAGA	1
3957	3956	163	CACGTTATGTATGTACATGAGGAG	1
3956	3955	164	GCACGTTATGTATGTACATGAGGA	1
3955	3954	163	AGCACGTTATGTATGTACATGAGG	1
3954	3953	163	AAGCACGTTATGTATGTACATGAG	1
3953	3952	160	AAAGCACGTTATGTATGTACATGA	1
3952	3951	159	GAAAGCACGTTATGTATGTACATG	1
3951	3950	156	AGAAAGCACGTTATGTATGTACAT	1
3950	182	141	GAGAAAGCACGTTATGTATGTACA	1
182	3948	126	AGAGAAAGCACGTTATGTATGTAC	1
3948	3947	119	GAGAGAAAGCACGTTATGTATGTA	1
3947	3946	115	GGAGAGAAAGCACGTTATGTATGT	1
3946	3945	108	GGGAGAGAAAGCACGTTATGTATG	1
3945	177	95	GGGGAGAGAAAGCACGTTATGTAT	1
177	3943	70	CGGGGAGAGAAAGCACGTTATGTA	1
3943	3942	69	ACGGGGAGAGAAAGCACGTTATGT	1
3942	3941	78	AACGGGGAGAGAAAGCACGTTATG	1
3941	3940	80	AAACGGGGAGAGAAAGCACGTTAT	1
3940	3939	80	AAAACGGGGAGAGAAAGCACGTTA	1
3939	3938	82	AAAAACGGGGAGAGAAAGCACGTT	1
3938	170	81	AAAAAACGGGGAGAGAAAGCACGT	1
170	169	80	CAAAAAACGGGGAGAGAAAGCACG	1
169	3935	78	ACAAAAAACGGGGAGAGAAAGCAC	1
3935	167	79	AACAAAAAACGGGGAGAGAAAGCA	1
167	3933	79	AAACAAAAAACGGGGAGAGAAAGC	1
3933	3932	78	CAAACAAAAAACGGGGAGAGAAAG	1
3932	3931	77	ACAAACAAAAAACGGGGAGAGAAA	1
3931	3930	78	AACAAACAAAAAACGGGGAGAGAA	1
3930	3929	79	AAACAAACAAAAAACGGGGAGAGA	1
3929	3928	76	AAAACAAACAAAAAACGGGGAGAG	1
3928	3927	77	AAAAACAAACAAAAAACGGGGAGA	1
3927	3926	75	AAAAAACAAACAAAAAACGGGGAG	1
3926	3925	75	AAAAAAACAAACAAAAAACGGGGA	1
3925	3924	76	AAAAAAAACAAACAAAAAACGGGG	1
3924	3923	76	AAAAAAAAACAAACAAAAAACGGG	1
3923	3922	76	TAAAAAAAAACAAACAAAAAACGG	1
3922	154	75	TTAAAAAAAAACAAACAAAAAACG	1
154	3920	73	TTTAAAAAAAAACAAACAAAAAAC	1
3920	152	75	GTTTAAAAAAAAACAAACAAAAAA	1
152	151	77	CGTTTAAAAAAAAACAAACAAAAA	1
151	150	78	TCGTTTAAAAAAAAACAAACAAAA	1
150	3916	77	CTCGTTTAAAAAAAAACAAACAAA	1
3916	148	77	GCTCGTTTAAAAAAAAACAAACAA	1
148	147	77	CGCTCGTTTAAAAAAAAACAAACA	1
147	146	77	ACGCTCGTTTAAAAAAAAACAAAC	1
146	145	80	CACGCTCGTTTAAAAAAAAACAAA	1
145	3911	86	CCACGCTCGTTTAAAAAAAAACAA	1
3911	143	97	GCCACGCTCGTTTAAAAAAAAACA	1
143	3909	104	AGCCACGCTCGTTTAAAAAAAAAC	1
3909	3908	138	GAGCCACGCTCGTTTAAAAAAAAA	1
3908	3907	136	GGAGCCACGCTCGTTTAAAAAAAA	1
3907	3906	142	AGGAGCCACGCTCGTTTAAAAAAA	1
3906	138	145	GAGGAGCCACGCTCGTTTAAAAAA	1
138	3904	147	CGAGGAGCCACGCTCGTTTAAAAA	1
3904	3903	146	GCGAGGAGCCACGCTCGTTTAAAA	1
3903	3902	149	AGCGAGGAGCCACGCTCGTTTAAA	1
3902	134	152	TAGCGAGGAGCCACGCTCGTTTAA	1
134	3900	158	TTAGCGAGGAGCCACGCTCGTTTA	1
3900	3899	158	GTTAGCGAGGAGCCACGCTCGTTT	1
3899	131	167	AGTTAGCGAGGAGCCACGCTCGTT	1
131	3897	166	CAGTTAGCGAGGAGCCACGCTCGT	1
3897	129	163	GCAGTTAGCGAGGAGCCACGCTCG	1
129	3895	165	TGCAGTTAGCGAGGAGCCACGCTC	1
3895	3894	163	GTGCAGTTAGCGAGGAGCCACGCT	1
3894	3893	162	GGTGCAGTTAGCGAGGAGCCACGC	1
3893	3892	155	GGGTGCAGTTAGCGAGGAGCCACG	1
3892	3891	151	GGGGTGCAGTTAGCGAGGAGCCAC	1
3891	123	149	TGGGGTGCAGTTAGCGAGGAGCCA	1
123	3889	143	GTGGGGTGCAGTTAGCGAGGAGCC	1
3889	3888	142	GGTGGGGTGCAGTTAGCGAGGAGC	1
3888	120	142	TGGTGGGGTGCAGTTAGCGAGGAG	1
120	3886	142	CTGGTGGGGTGCAGTTAGCGAGGA	1
3886	3885	140	CCTGGTGGGGTGCAGTTAGCGAGG	1
3885	3884	144	GCCTGGTGGGGTGCAGTTAGCGAG	1
3884	3883	150	GGCCTGGTGGGGTGCAGTTAGCGA	1
3883	115	150	CGGCCTGGTGGGGTGCAGTTAGCG	1
115	3881	150	TCGGCCTGGTGGGGTGCAGTTAGC	1
3881	3880	148	GTCGGCCTGGTGGGGTGCAGTTAG	1
3880	112	148	TGTCGGCCTGGTGGGGTGCAGTTA	1
112	3878	147	CTGTCGGCCTGGTGGGGTGCAGTT	1
3878	3877	146	GCTGTCGGCCTGGTGGGGTGCAGT	1
3877	109	146	TGCTGTCGGCCTGGTGGGGTGCAG	1
109	108	144	TTGCTGTCGGCCTGGTGGGGTGCA	1
108	3874	141	TTTGCTGTCGGCCTGGTGGGGTGC	1
3874	106	142	GTTTGCTGTCGGCCTGGTGGGGTG	1
106	3872	140	CGTTTGCTGTCGGCCTGGTGGGGT	1
3872	3871	146	GCGTTTGCTGTCGGCCTGGTGGGG	1
3871	3870	145	GGCGTTTGCTGTCGGCCTGGTGGG	1
3870	3869	145	AGGCGTTTGCTGTCGGCCTGGTGG	1
3869	3868	153	GAGGCGTTTGCTGTCGGCCTGGTG	1
3868	3867	152	GGAGGCGTTTGCTGTCGGCCTGGT	1
3867	99	159	TGGAGGCGTTTGCTGTCGGCCTGG	1
99	3865	157	CTGGAGGCGTTTGCTGTCGGCCTG	1
3865	97	160	GCTGGAGGCGTTTGCTGTCGGCCT	1
97	96	158	AGCTGGAGGCGTTTGCTGTCGGCC	1
96	3862	158	AAGCTGGAGGCGTTTGCTGTCGGC	1
3862	3861	158	GAAGCTGGAGGCGTTTGCTGTCGG	1
3861	3860	157	GGAAGCTGGAGGCGTTTGCTGTCG	1
3860	92	197	GGGAAGCTGGAGGCGTTTGCTGTC	1
92	3858	210	CGGGAAGCTGGAGGCGTTTGCTGT	1
3858	3857	211	TCGGGAAGCTGGAGGCGTTTGCTG	1
3857	89	242	GTCGGGAAGCTGGAGGCGTTTGCT	1
89	88	273	TGTCGGGAAGCTGGAGGCGTTTGC	1
88	87	289	CTGTCGGGAAGCTGGAGGCGTTTG	1
87	3853	289	TCTGTCGGGAAGCTGGAGGCGTTT	1
3853	3852	293	GTCTGTCGGGAAGCTGGAGGCGTT	1
3852	3851	296	AGTCTGTCGGGAAGCTGGAGGCGT	1
3851	83	298	GAGTCTGTCGGGAAGCTGGAGGCG	1
83	3849	296	TGAGTCTGTCGGGAAGCTGGAGGC	1
3849	3848	291	CTGAGTCTGTCGGGAAGCTGGAGG	1
3848	3847	298	TCTGAGTCTGTCGGGAAGCTGGAG	1
3847	3846	293	GTCTGAGTCTGTCGGGAAGCTGGA	1
3846	3845	295	GGTCTGAGTCTGTCGGGAAGCTGG	1
3845	77	307	TGGTCTGAGTCTGTCGGGAAGCTG	1
77	76	308	TTGGTCTGAGTCTGTCGGGAAGCT	1
76	75	307	CTTGGTCTGAGTCTGTCGGGAAGC	1
75	3841	305	CCTTGGTCTGAGTCTGTCGGGAAG	1
3841	73	306	ACCTTGGTCTGAGTCTGTCGGGAA	1
73	3839	307	CACCTTGGTCTGAGTCTGTCGGGA	1
3839	3838	306	GCACCTTGGTCTGAGTCTGTCGGG	1
3838	70	301	CGCACCTTGGTCTGAGTCTGTCGG	1
70	69	300	CCGCACCTTGGTCTGAGTCTGTCG	1
69	3835	303	GCCGCACCTTGGTCTGAGTCTGTC	1
3835	3834	301	GGCCGCACCTTGGTCTGAGTCTGT	1
3834	3833	298	GGGCCGCACCTTGGTCTGAGTCTG	1
3833	65	296	GGGGCCGCACCTTGGTCTGAGTCT	1
65	3831	293	CGGGGCCGCACCTTGGTCTGAGTC	1
3831	3830	290	ACGGGGCCGCACCTTGGTCTGAGT	1
3830	3829	289	TACGGGGCCGCACCTTGGTCTGAG	1
3829	3828	289	ATACGGGGCCGCACCTTGGTCTGA	1
3828	60	289	AATACGGGGCCGCACCTTGGTCTG	1
60	59	289	AAATACGGGGCCGCACCTTGGTCT	1
59	3825	289	TAAATACGGGGCCGCACCTTGGTC	1
3825	3824	288	ATAAATACGGGGCCGCACCTTGGT	1
3824	56	287	CATAAATACGGGGCCGCACCTTGG	1
56	55	286	CCATAAATACGGGGCCGCACCTTG	1
55	54	283	TCCATAAATACGGGGCCGCACCTT	1
54	53	283	TTCCATAAATACGGGGCCGCACCT	1
53	52	282	ATTCCATAAATACGGGGCCGCACC	1
52	51	278	CATTCCATAAATACGGGGCCGCAC	1
51	50	278	CCATTCCATAAATACGGGGCCGCA	1
50	3816	267	GCCATTCCATAAATACGGGGCCGC	1
3816	48	264	TGCCATTCCATAAATACGGGGCCG	1
48	47	263	TTGCCATTCCATAAATACGGGGCC	1
47	3813	262	TTTGCCATTCCATAAATACGGGGC	1
3813	3812	259	ATTTGCCATTCCATAAATACGGGG	1
3812	3811	257	TATTTGCCATTCCATAAATACGGG	1
3811	3810	257	TTATTTGCCATTCCATAAATACGG	1
3810	42	255	TTTATTTGCCATTCCATAAATACG	1
42	3808	251	TTTTATTTGCCATTCCATAAATAC	1
3808	3807	189	GTTTTATTTGCCATTCCATAAATA	1
3807	3806	165	GGTTTTATTTGCCATTCCATAAAT	1
3806	38	143	GGGTTTTATTTGCCATTCCATAAA	1
38	37	81	CGGGTTTTATTTGCCATTCCATAA	1
37	36	60	TCGGGTTTTATTTGCCATTCCATA	1
36	3802	38	CTCGGGTTTTATTTGCCATTCCAT	1
3802	34	36	GCTCGGGTTTTATTTGCCATTCCA	1
34	3800	35	GGCTCGGGTTTTATTTGCCATTCC	1
3800	3799	32	GGGCTCGGGTTTTATTTGCCATTC	1
3799	3798	31	AGGGCTCGGGTTTTATTTGCCATT	1
3798	3797	31	AAGGGCTCGGGTTTTATTTGCCAT	1
3797	29	30	AAAGGGCTCGGGTTTTATTTGCCA	1
29	28	22	CAAAGGGCTCGGGTTTTATTTGCC	1
28	3794	20	CCAAAGGGCTCGGGTTTTATTTGC	1
3794	3793	20	ACCAAAGGGCTCGGGTTTTATTTG	1
3793	3792	5	GACCAAAGGGCTCGGGTTTTATTT	1
3792	3791	4	AGACCAAAGGGCTCGGGTTTTATT	1
3791	3790	4	GAGACCAAAGGGCTCGGGTTTTAT	1
3790	22	3	GGAGACCAAAGGGCTCGGGTTTTA	1
22	3788	1	TGGAGACCAAAGGGCTCGGGTTTT	1
3788	20	1	GTGGAGACCAAAGGGCTCGGGTTT	1
20	3786	1	CGTGGAGACCAAAGGGCTCGGGTT	1
3786	3785	1	ACGTGGAGACCAAAGGGCTCGGGT	1
3785	3784	1	AACGTGGAGACCAAAGGGCTCGGG	1
3784	3783	1	AAACGTGGAGACCAAAGGGCTCGG	1
3783	15	1	GAAACGTGGAGACCAAAGGGCTCG	1
15	14	1	AGAAACGTGGAGACCAAAGGGCTC	1
14	13	1	CAGAAACGTGGAGACCAAAGGGCT	1
13	3779	1	TCAGAAACGTGGAGACCAAAGGGC	1
3779	3778	1	ATCAGAAACGTGGAGACCAAAGGG	1
3778	3777	1	GATCAGAAACGTGGAGACCAAAGG	1
3777	3776	1	AGATCAGAAACGTGGAGACCAAAG	1
3776	3775	1	GAGATCAGAAACGTGGAGACCAAA	1
3775	3774	1	AGAGATCAGAAACGTGGAGACCAA	1
3774	3773	1	GAGAGATCAGAAACGTGGAGACCA	1
3773	5	1	GGAGAGATCAGAAACGTGGAGACC	1
5	3771	1	AGGAGAGATCAGAAACGTGGAGAC	1
3771	3770	1	AAGGAGAGATCAGAAACGTGGAGA	1
3770	3769	1	AAAGGAGAGATCAGAAACGTGGAG	1
3769	3768	1	GAAAGGAGAGATCAGAAACGTGGA	1
3768	-1	0	GGAAAGGAGAGATCAGAAACGTGG	1
3734	7046	22	CCAGATTTGCCCAGATTCCTGTAA	1
3675	3676	13	ACTGTAGATCATCCCGGGGGAGCC	1
3676	7444	13	TACTGTAGATCATCCCGGGGGAGC	1
3735	7503	1	CGCCAGATTTGCCCAGATTCCTGT	1
3733	3734	20	CAGATTTGCCCAGATTCCTGTAAA	1
7444	7445	13	GTACTGTAGATCATCCCGGGGGAG	1
7499	3733	19	AGATTTGCCCAGATTCCTGTAAAA	1
7445	7446	13	AGTACTGTAGATCATCCCGGGGGA	1
7498	7499	19	GATTTGCCCAGATTCCTGTAAAAC	1
3730	7498	18	ATTTGCCCAGATTCCTGTAAAACT	1
7446	7447	13	GAGTACTGTAGATCATCCCGGGGG	1
7496	3730	18	TTTGCCCAGATTCCTGTAAAACTG	1
7495	7496	17	TTGCCCAGATTCCTGTAAAACTGG	1
7447	7448	12	CGAGTACTGTAGATCATCCCGGGG	1
7494	7495	16	TGCCCAGATTCCTGTAAAACTGGA	1
7493	7494	16	GCCCAGATTCCTGTAAAACTGGAG	1
7448	7449	12	ACGAGTACTGTAGATCATCCCGGG	1
3725	7493	15	CCCAGATTCCTGTAAAACTGGAGC	1
3724	3725	15	CCAGATTCCTGTAAAACTGGAGCT	1
7449	7450	12	AACGAGTACTGTAGATCATCCCGG	1
7490	3724	15	CAGATTCCTGTAAAACTGGAGCTG	1
7489	7490	16	AGATTCCTGTAAAACTGGAGCTGT	1
7450	3684	11	TAACGAGTACTGTAGATCATCCCG	1
7488	7489	16	GATTCCTGTAAAACTGGAGCTGTC	1
3720	7488	16	ATTCCTGTAAAACTGGAGCTGTCT	1
3684	3685	11	ATAACGAGTACTGTAGATCATCCC	1
3719	3720	16	TTCCTGTAAAACTGGAGCTGTCTT	1
3718	3719	15	TCCTGTAAAACTGGAGCTGTCTTT	1
3685	3686	11	CATAACGAGTACTGTAGATCATCC	1
3717	3718	16	CCTGTAAAACTGGAGCTGTCTTTT	1
3716	3717	15	CTGTAAAACTGGAGCTGTCTTTTG	1
3686	3687	11	CCATAACGAGTACTGTAGATCATC	1
7482	3716	12	TGTAAAACTGGAGCTGTCTTTTGG	1
7481	7482	12	GTAAAACTGGAGCTGTCTTTTGGG	1
3687	3688	11	CCCATAACGAGTACTGTAGATCAT	1
7480	7481	13	TAAAACTGGAGCTGTCTTTTGGGA	1
3712	7480	13	AAAACTGGAGCTGTCTTTTGGGAC	1
3688	3689	10	TCCCATAACGAGTACTGTAGATCA	1
3711	3712	12	AAACTGGAGCTGTCTTTTGGGACT	1
3710	3711	12	AACTGGAGCTGTCTTTTGGGACTC	1
3689	3690	9	CTCCCATAACGAGTACTGTAGATC	1
3709	3710	12	ACTGGAGCTGTCTTTTGGGACTCC	1
3708	3709	10	CTGGAGCTGTCTTTTGGGACTCCC	1
3690	7458	8	ACTCCCATAACGAGTACTGTAGAT	1
3707	3708	9	TGGAGCTGTCTTTTGGGACTCCCA	1
7473	3707	9	GGAGCTGTCTTTTGGGACTCCCAT	1
7458	7459	8	GACTCCCATAACGAGTACTGTAGA	1
7472	7473	9	GAGCTGTCTTTTGGGACTCCCATA	1
7471	7472	9	AGCTGTCTTTTGGGACTCCCATAA	1
7459	7460	9	GGACTCCCATAACGAGTACTGTAG	1
3703	7471	8	GCTGTCTTTTGGGACTCCCATAAC	1
3702	3703	8	CTGTCTTTTGGGACTCCCATAACG	1
7460	3694	9	GGGACTCCCATAACGAGTACTGTA	1
7468	3702	8	TGTCTTTTGGGACTCCCATAACGA	1
7467	7468	8	GTCTTTTGGGACTCCCATAACGAG	1
3694	7462	9	TGGGACTCCCATAACGAGTACTGT	1
3699	7467	8	TCTTTTGGGACTCCCATAACGAGT	1
3698	3699	8	CTTTTGGGACTCCCATAACGAGTA	1
7462	3696	9	TTGGGACTCCCATAACGAGTACTG	1
3697	3698	11	TTTTGGGACTCCCATAACGAGTAC	1
3696	3697	11	TTTGGGACTCCCATAACGAGTACT	1
7503	3737	1	ACGCCAGATTTGCCCAGATTCCTG	1
3737	3738	1	CACGCCAGATTTGCCCAGATTCCT	1
3738	3739	1	GCACGCCAGATTTGCCCAGATTCC	1
3739	3740	1	CGCACGCCAGATTTGCCCAGATTC	1
3740	3741	1	ACGCACGCCAGATTTGCCCAGATT	1
3741	7509	1	CACGCACGCCAGATTTGCCCAGAT	1
7509	7510	1	ACACGCACGCCAGATTTGCCCAGA	1
7510	7511	1	GACACGCACGCCAGATTTGCCCAG	1
7511	3745	1	AGACACGCACGCCAGATTTGCCCA	1
3745	7513	1	GAGACACGCACGCCAGATTTGCCC	1
7513	7514	1	GGAGACACGCACGCCAGATTTGCC	1
7514	7515	1	GGGAGACACGCACGCCAGATTTGC	1
7515	7516	1	CGGGAGACACGCACGCCAGATTTG	1
7516	7517	1	GCGGGAGACACGCACGCCAGATTT	1
7517	3751	1	AGCGGGAGACACGCACGCCAGATT	1
3751	7519	1	CAGCGGGAGACACGCACGCCAGAT	1
7519	7520	1	GCAGCGGGAGACACGCACGCCAGA	1
7520	3754	1	TGCAGCGGGAGACACGCACGCCAG	1
3754	3755	1	CTGCAGCGGGAGACACGCACGCCA	1
3755	3756	1	CCTGCAGCGGGAGACACGCACGCC	1
3756	7524	1	GCCTGCAGCGGGAGACACGCACGC	1
7524	3758	1	TGCCTGCAGCGGGAGACACGCACG	1
3758	3759	1	CTGCCTGCAGCGGGAGACACGCAC	1
3759	7527	1	TCTGCCTGCAGCGGGAGACACGCA	1
7527	3761	1	GTCTGCCTGCAGCGGGAGACACGC	1
3761	3762	1	CGTCTGCCTGCAGCGGGAGACACG	1
3762	7530	1	TCGTCTGCCTGCAGCGGGAGACAC	1
7530	3764	1	GTCGTCTGCCTGCAGCGGGAGACA	1
3764	7532	1	TGTCGTCTGCCTGCAGCGGGAGAC	1
7532	7533	1	GTGTCGTCTGCCTGCAGCGGGAGA	1
7533	3767	1	TGTGTCGTCTGCCTGCAGCGGGAG	1
3767	-1	0	CTGTGTCGTCTGCCTGCAGCGGGA	1
1	-1	0	CCACGTTTCTGATCTCTCCTTTCC	1
