61DFRAAXX100204:1:100:10568:8029	3934
61DFRAAXX100204:1:100:14896:16054	4651
61DFRAAXX100204:1:100:2761:17585	3934
61DFRAAXX100204:1:100:3192:11794	4651
61DFRAAXX100204:1:100:3428:14447	3467
61DFRAAXX100204:1:100:6521:15942	1599,3956,3934
61DFRAAXX100204:1:100:7468:1519	3467
61DFRAAXX100204:1:100:7736:7669	2341,4651
61DFRAAXX100204:1:101:1549:18061	2341
61DFRAAXX100204:1:101:16712:16362	3956,3934
61DFRAAXX100204:1:101:17403:13368	2341
61DFRAAXX100204:1:101:18783:12677	3934
61DFRAAXX100204:1:101:18841:8579	3467
61DFRAAXX100204:1:101:7704:9761	1599
61DFRAAXX100204:1:101:8076:3010	3934
61DFRAAXX100204:1:102:10039:15266	1599
61DFRAAXX100204:1:102:11037:20496	3934
61DFRAAXX100204:1:102:11776:9012	2341
61DFRAAXX100204:1:102:13176:13611	3934
61DFRAAXX100204:1:102:15229:14241	3934
61DFRAAXX100204:1:102:17091:10193	3956,3934
61DFRAAXX100204:1:102:18303:16777	3934
61DFRAAXX100204:1:102:3151:5579	4651
61DFRAAXX100204:1:102:3664:7838	3934,3467
61DFRAAXX100204:1:102:4586:1187	3934,3467
61DFRAAXX100204:1:102:6475:9212	3956,3934
61DFRAAXX100204:1:102:8508:20803	2341
61DFRAAXX100204:1:103:10476:13259	4651,1599
61DFRAAXX100204:1:103:10841:7810	3934
61DFRAAXX100204:1:103:10950:5359	4651
61DFRAAXX100204:1:103:11716:5132	3956,3934
61DFRAAXX100204:1:103:2670:20660	1599
61DFRAAXX100204:1:103:4893:14505	2341
61DFRAAXX100204:1:103:7270:1947	4651,1599
61DFRAAXX100204:1:103:8370:15006	2341
61DFRAAXX100204:1:103:9116:11782	2341,4651
61DFRAAXX100204:1:104:12980:14237	4651
61DFRAAXX100204:1:104:14523:14228	2341
61DFRAAXX100204:1:104:16580:7032	4651
61DFRAAXX100204:1:104:18495:9410	4651
61DFRAAXX100204:1:104:18533:13621	2341
61DFRAAXX100204:1:104:5675:14591	1599,3956
61DFRAAXX100204:1:104:8199:5301	4651
61DFRAAXX100204:1:105:1066:5759	3467
61DFRAAXX100204:1:105:12873:15761	1599
61DFRAAXX100204:1:105:12887:5108	3467
61DFRAAXX100204:1:105:13128:3766	1599
61DFRAAXX100204:1:105:13438:5281	3934
61DFRAAXX100204:1:105:14917:13241	2341
61DFRAAXX100204:1:105:2856:17687	1599
61DFRAAXX100204:1:106:10565:12855	1599
61DFRAAXX100204:1:106:10760:12591	3934
61DFRAAXX100204:1:106:18443:2683	1599
61DFRAAXX100204:1:106:3466:6056	3934
61DFRAAXX100204:1:106:4198:3457	3934,3467
61DFRAAXX100204:1:106:5136:13865	5646
61DFRAAXX100204:1:106:5641:8028	1599
61DFRAAXX100204:1:106:9830:6414	1599
61DFRAAXX100204:1:107:12428:18018	2341,4651
61DFRAAXX100204:1:107:12534:16674	1599
61DFRAAXX100204:1:107:18800:3987	3467
61DFRAAXX100204:1:107:19583:5209	1599
61DFRAAXX100204:1:107:2951:3118	2341,4651
61DFRAAXX100204:1:107:3402:18137	1599
61DFRAAXX100204:1:107:4797:8978	2341
61DFRAAXX100204:1:107:5078:8248	3467
61DFRAAXX100204:1:107:5240:19643	2341,4651
61DFRAAXX100204:1:107:6950:19126	1599,3956
61DFRAAXX100204:1:107:8597:13120	3934
61DFRAAXX100204:1:108:13872:18013	1599
61DFRAAXX100204:1:108:14377:5385	1599
61DFRAAXX100204:1:108:14389:5405	1599
61DFRAAXX100204:1:108:15590:1811	4651
61DFRAAXX100204:1:108:17264:6451	1599
61DFRAAXX100204:1:108:18197:14980	2341
61DFRAAXX100204:1:108:18275:11773	1599
61DFRAAXX100204:1:108:7439:11445	3934
61DFRAAXX100204:1:109:14130:1102	2341
61DFRAAXX100204:1:109:14559:17956	2341
61DFRAAXX100204:1:109:14590:2705	1599
61DFRAAXX100204:1:109:16995:19998	1599
61DFRAAXX100204:1:109:19428:9613	4651
61DFRAAXX100204:1:109:3858:15745	3956,3934
61DFRAAXX100204:1:109:5270:8115	1599
61DFRAAXX100204:1:109:6046:12616	4651
61DFRAAXX100204:1:109:7479:20450	3934
61DFRAAXX100204:1:109:8825:10825	4651
61DFRAAXX100204:1:109:9444:9442	2341
61DFRAAXX100204:1:10:12529:10134	1599
61DFRAAXX100204:1:10:16596:11766	1599,5646
61DFRAAXX100204:1:10:17620:8318	4651
61DFRAAXX100204:1:10:19574:4662	2341
61DFRAAXX100204:1:10:3302:6953	2341
61DFRAAXX100204:1:10:4419:7089	1599
61DFRAAXX100204:1:10:6783:21111	1599
61DFRAAXX100204:1:110:12477:5416	3934,3467
61DFRAAXX100204:1:110:14559:14157	3934
61DFRAAXX100204:1:110:15057:1586	3934,3467
61DFRAAXX100204:1:110:17634:18055	3934
61DFRAAXX100204:1:110:19725:8493	3934
61DFRAAXX100204:1:110:7016:11898	3934
61DFRAAXX100204:1:111:12978:10272	2341
61DFRAAXX100204:1:111:13723:20042	2341
61DFRAAXX100204:1:111:1496:19746	3956,3934
61DFRAAXX100204:1:111:17971:6941	3467
61DFRAAXX100204:1:111:19414:13803	1599
61DFRAAXX100204:1:111:2670:18376	1599,5646
61DFRAAXX100204:1:111:3091:16327	2341
61DFRAAXX100204:1:111:4390:5640	2341,4651
61DFRAAXX100204:1:111:6992:18145	1599,3956
61DFRAAXX100204:1:112:11640:6740	3934
61DFRAAXX100204:1:112:12111:15153	2341
61DFRAAXX100204:1:112:12856:8551	3934
61DFRAAXX100204:1:112:12893:11962	3934
61DFRAAXX100204:1:112:17204:12120	3467
61DFRAAXX100204:1:112:17321:3911	1599
61DFRAAXX100204:1:112:2178:18936	1599
61DFRAAXX100204:1:112:2481:16989	3934
61DFRAAXX100204:1:112:3556:4265	1599
61DFRAAXX100204:1:112:4041:9371	3934
61DFRAAXX100204:1:112:6163:17850	3934
61DFRAAXX100204:1:112:9483:16234	4651
61DFRAAXX100204:1:113:1046:3404	2341
61DFRAAXX100204:1:113:11000:16018	4651
61DFRAAXX100204:1:113:11915:16851	4651
61DFRAAXX100204:1:113:14311:6806	2341,4651
61DFRAAXX100204:1:113:15806:7572	1599
61DFRAAXX100204:1:113:17223:20855	1599
61DFRAAXX100204:1:113:19284:10730	3934
61DFRAAXX100204:1:113:3956:7182	2341
61DFRAAXX100204:1:113:4221:17093	1599
61DFRAAXX100204:1:113:5474:16323	1599
61DFRAAXX100204:1:113:7261:4683	1599
61DFRAAXX100204:1:114:17034:12977	3467
61DFRAAXX100204:1:114:18112:2211	1599
61DFRAAXX100204:1:114:7274:17511	2342
61DFRAAXX100204:1:115:11405:16460	2341
61DFRAAXX100204:1:115:12062:4885	1599,3956
61DFRAAXX100204:1:115:13097:5980	3934
61DFRAAXX100204:1:115:13886:17335	1599
61DFRAAXX100204:1:115:16992:20309	3934
61DFRAAXX100204:1:115:19687:14106	3934
61DFRAAXX100204:1:115:3329:17934	2341
61DFRAAXX100204:1:115:4501:10087	3467
61DFRAAXX100204:1:115:5013:10454	2341,4651
61DFRAAXX100204:1:115:6541:6480	3467
61DFRAAXX100204:1:115:7622:8454	1599
61DFRAAXX100204:1:115:8793:14866	1599,3956
61DFRAAXX100204:1:115:9674:18835	3934
61DFRAAXX100204:1:116:14204:11131	1599
61DFRAAXX100204:1:116:16158:17823	1599
61DFRAAXX100204:1:116:18126:19497	4651,1599
61DFRAAXX100204:1:116:18859:4610	2341
61DFRAAXX100204:1:116:19779:8844	1599
61DFRAAXX100204:1:116:3709:3202	3934
61DFRAAXX100204:1:116:3765:6750	1599
61DFRAAXX100204:1:116:7610:13847	3467
61DFRAAXX100204:1:117:12052:7307	3934
61DFRAAXX100204:1:117:1252:3627	1599
61DFRAAXX100204:1:117:13293:6179	2341
61DFRAAXX100204:1:117:1588:12000	1599
61DFRAAXX100204:1:117:18909:10218	4651
61DFRAAXX100204:1:117:2609:13178	4651
61DFRAAXX100204:1:117:4983:9150	4651
61DFRAAXX100204:1:117:6031:15824	2341
61DFRAAXX100204:1:117:8575:15830	2341
61DFRAAXX100204:1:118:10441:20800	3934
61DFRAAXX100204:1:118:10944:3105	3934
61DFRAAXX100204:1:118:11654:6424	3467
61DFRAAXX100204:1:118:5604:13671	2341
61DFRAAXX100204:1:118:5717:1629	1599
61DFRAAXX100204:1:118:6018:19244	2341
61DFRAAXX100204:1:118:7837:15823	2341
61DFRAAXX100204:1:119:10280:3847	1599
61DFRAAXX100204:1:119:11142:10412	4651
61DFRAAXX100204:1:119:15069:21225	2341
61DFRAAXX100204:1:119:16423:15170	1599
61DFRAAXX100204:1:119:19075:20764	3934
61DFRAAXX100204:1:119:19160:4077	2341
61DFRAAXX100204:1:119:2619:11268	3934
61DFRAAXX100204:1:119:5965:5652	1599
61DFRAAXX100204:1:119:7697:9331	2341
61DFRAAXX100204:1:11:11851:3130	4651,1599
61DFRAAXX100204:1:11:12913:5566	2341,4651
61DFRAAXX100204:1:11:13116:7520	4651
61DFRAAXX100204:1:11:17365:5695	2341
61DFRAAXX100204:1:11:4897:18737	3934
61DFRAAXX100204:1:11:7412:20594	1599
61DFRAAXX100204:1:11:7925:7543	2341
61DFRAAXX100204:1:120:10846:16521	1599
61DFRAAXX100204:1:120:11738:10712	1599
61DFRAAXX100204:1:120:14806:19462	1599
61DFRAAXX100204:1:120:15740:8163	4651
61DFRAAXX100204:1:120:17396:11985	1599
61DFRAAXX100204:1:120:2781:5965	2341
61DFRAAXX100204:1:120:7605:17420	2341
61DFRAAXX100204:1:120:8946:18166	3467
61DFRAAXX100204:1:120:9493:16834	1599,3956
61DFRAAXX100204:1:12:10343:1922	2342
61DFRAAXX100204:1:12:15202:18990	4651
61DFRAAXX100204:1:12:15819:13477	3934,3467
61DFRAAXX100204:1:12:2232:6547	3934
61DFRAAXX100204:1:12:4832:18940	3934
61DFRAAXX100204:1:12:7255:13576	3934
61DFRAAXX100204:1:13:11433:20044	5646
61DFRAAXX100204:1:13:17028:5835	2341,4651
61DFRAAXX100204:1:13:6121:5271	1599,3956
61DFRAAXX100204:1:14:13767:5519	1599
61DFRAAXX100204:1:14:18495:16459	2341
61DFRAAXX100204:1:14:18690:2667	2341
61DFRAAXX100204:1:14:19290:19405	4651,1599
61DFRAAXX100204:1:14:7123:8434	2341
61DFRAAXX100204:1:14:8788:13362	1599
61DFRAAXX100204:1:15:10342:3060	4651
61DFRAAXX100204:1:15:12386:20636	3467
61DFRAAXX100204:1:15:12709:1508	4651
61DFRAAXX100204:1:15:13408:10982	3934
61DFRAAXX100204:1:15:17640:2965	2341,4651
61DFRAAXX100204:1:15:19131:4406	3934
61DFRAAXX100204:1:15:2113:8167	1599
61DFRAAXX100204:1:15:3818:8573	1599
61DFRAAXX100204:1:15:4968:18343	2341,4651
61DFRAAXX100204:1:15:7438:18226	1599
61DFRAAXX100204:1:15:8057:14465	3934
61DFRAAXX100204:1:15:9128:3351	2341,4651
61DFRAAXX100204:1:16:4991:2665	1599
61DFRAAXX100204:1:16:5224:9765	2341
61DFRAAXX100204:1:16:6182:20961	3934
61DFRAAXX100204:1:16:7208:4570	2341
61DFRAAXX100204:1:16:8647:4916	2341
61DFRAAXX100204:1:17:11420:3677	1599
61DFRAAXX100204:1:17:11511:18460	1599
61DFRAAXX100204:1:17:12808:14442	4651
61DFRAAXX100204:1:17:14917:19350	3467
61DFRAAXX100204:1:17:15392:8543	1599,5646
61DFRAAXX100204:1:17:15786:1291	1599
61DFRAAXX100204:1:17:19735:10430	1599
61DFRAAXX100204:1:17:5625:1547	3467
61DFRAAXX100204:1:17:8980:4725	1599
61DFRAAXX100204:1:18:10941:18200	4651
61DFRAAXX100204:1:18:13572:5502	3934
61DFRAAXX100204:1:18:14038:17209	3934
61DFRAAXX100204:1:18:15578:14133	1599
61DFRAAXX100204:1:18:16042:20979	1599,3956
61DFRAAXX100204:1:18:17861:1314	1599,3956,3934
61DFRAAXX100204:1:18:19209:9288	3934,3467
61DFRAAXX100204:1:18:19701:18809	2341
61DFRAAXX100204:1:18:5327:2445	3934
61DFRAAXX100204:1:18:7548:7925	2341
61DFRAAXX100204:1:19:13423:10923	3934
61DFRAAXX100204:1:19:15274:21304	2341
61DFRAAXX100204:1:19:16082:4065	1599
61DFRAAXX100204:1:19:18491:5333	4651,1599
61DFRAAXX100204:1:19:9537:11882	3934
61DFRAAXX100204:1:1:10108:19477	3934
61DFRAAXX100204:1:1:10157:16571	2341,4651
61DFRAAXX100204:1:1:12756:2679	4651
61DFRAAXX100204:1:1:13089:9929	1599
61DFRAAXX100204:1:1:14405:17093	4651,1599
61DFRAAXX100204:1:1:14604:2450	3934
61DFRAAXX100204:1:1:16599:4512	1599
61DFRAAXX100204:1:1:2549:11435	1599,3956,3934
61DFRAAXX100204:1:1:2953:7350	1599
61DFRAAXX100204:1:20:11062:20427	1599
61DFRAAXX100204:1:20:11910:21043	2341,5758,1599
61DFRAAXX100204:1:20:12799:18315	3934
61DFRAAXX100204:1:20:16400:14420	2341,4651
61DFRAAXX100204:1:20:17102:1227	2342
61DFRAAXX100204:1:20:19293:7938	1599
61DFRAAXX100204:1:20:2952:7683	2341,4651
61DFRAAXX100204:1:20:4682:8244	1599
61DFRAAXX100204:1:21:10087:1905	2341
61DFRAAXX100204:1:21:11219:6622	3934
61DFRAAXX100204:1:21:13768:10037	3467
61DFRAAXX100204:1:21:13817:8708	1599
61DFRAAXX100204:1:21:18237:10074	3467
61DFRAAXX100204:1:21:5442:14264	1599
61DFRAAXX100204:1:21:8900:9224	1599,3956
61DFRAAXX100204:1:22:11282:8003	4651
61DFRAAXX100204:1:22:17075:9119	1599
61DFRAAXX100204:1:23:12342:17864	1599,5646
61DFRAAXX100204:1:23:15096:12424	1599
61DFRAAXX100204:1:23:18604:20603	3934
61DFRAAXX100204:1:24:14586:17598	3467
61DFRAAXX100204:1:24:16083:4169	3934
61DFRAAXX100204:1:24:16129:9785	1599
61DFRAAXX100204:1:24:18524:18883	1599
61DFRAAXX100204:1:24:6300:9541	2341
61DFRAAXX100204:1:24:9136:15244	3956,3934
61DFRAAXX100204:1:25:12429:13101	3934
61DFRAAXX100204:1:25:19230:17883	3934
61DFRAAXX100204:1:25:8850:17722	1599
61DFRAAXX100204:1:26:12105:4783	3934
61DFRAAXX100204:1:26:17930:11669	3934
61DFRAAXX100204:1:26:19102:17298	2341,4651
61DFRAAXX100204:1:26:19616:3146	2341,4651
61DFRAAXX100204:1:26:19760:16627	3934
61DFRAAXX100204:1:26:8651:2694	3934
61DFRAAXX100204:1:27:10618:7193	2341
61DFRAAXX100204:1:27:10821:16475	3934
61DFRAAXX100204:1:27:17615:16253	2341,4651
61DFRAAXX100204:1:27:18398:7053	2341
61DFRAAXX100204:1:27:19491:8679	3467
61DFRAAXX100204:1:27:8440:13122	1599
61DFRAAXX100204:1:27:9981:7067	3934
61DFRAAXX100204:1:28:10429:3463	3467
61DFRAAXX100204:1:28:11561:12697	3467
61DFRAAXX100204:1:28:11633:7039	2341
61DFRAAXX100204:1:28:11961:1905	3467
61DFRAAXX100204:1:28:12733:15294	4651
61DFRAAXX100204:1:28:15896:3460	2341
61DFRAAXX100204:1:28:16205:2638	1599
61DFRAAXX100204:1:28:4438:13041	4651
61DFRAAXX100204:1:28:7821:5120	2341
61DFRAAXX100204:1:29:12255:3019	1599
61DFRAAXX100204:1:29:12985:20357	2341
61DFRAAXX100204:1:29:14284:9168	3956,3934
61DFRAAXX100204:1:29:17732:4486	3934
61DFRAAXX100204:1:29:7329:18233	1599
61DFRAAXX100204:1:29:9800:10806	2341
61DFRAAXX100204:1:2:16343:14079	3934
61DFRAAXX100204:1:2:2527:18646	2341
61DFRAAXX100204:1:2:6348:21229	3934
61DFRAAXX100204:1:2:7030:12411	3934
61DFRAAXX100204:1:2:7230:6340	1599
61DFRAAXX100204:1:2:8476:4409	2341,4651
61DFRAAXX100204:1:30:12106:15038	2341
61DFRAAXX100204:1:30:2320:17184	3934
61DFRAAXX100204:1:30:3084:2844	1599
61DFRAAXX100204:1:30:6936:20879	2341
61DFRAAXX100204:1:30:8882:7861	2341,4651
61DFRAAXX100204:1:31:12024:4567	2341,4651
61DFRAAXX100204:1:31:13033:17944	1599
61DFRAAXX100204:1:31:14170:11348	3934
61DFRAAXX100204:1:31:17516:15166	2342
61DFRAAXX100204:1:31:19806:17285	3467
61DFRAAXX100204:1:31:5149:18075	2341
61DFRAAXX100204:1:31:7078:10094	1599
61DFRAAXX100204:1:32:10387:16130	3467
61DFRAAXX100204:1:32:18425:2383	1599
61DFRAAXX100204:1:33:11716:6236	3934
61DFRAAXX100204:1:33:14670:17092	2341
61DFRAAXX100204:1:33:4277:6189	2341
61DFRAAXX100204:1:33:5072:2785	3934
61DFRAAXX100204:1:33:7780:8317	3934
61DFRAAXX100204:1:33:8978:14291	2341,4651
61DFRAAXX100204:1:34:14888:21280	3467
61DFRAAXX100204:1:34:16285:12791	2341,4651
61DFRAAXX100204:1:34:6001:7659	1599
61DFRAAXX100204:1:35:10890:16174	3934
61DFRAAXX100204:1:35:13154:7147	3934
61DFRAAXX100204:1:35:2690:7853	1599
61DFRAAXX100204:1:35:6637:11487	3467
61DFRAAXX100204:1:35:6934:2971	2341
61DFRAAXX100204:1:35:7183:1364	3467
61DFRAAXX100204:1:36:10605:3436	5646,3934
61DFRAAXX100204:1:36:14739:21058	3467
61DFRAAXX100204:1:36:15374:16902	2341,4651
61DFRAAXX100204:1:36:16137:14022	3467
61DFRAAXX100204:1:36:17357:12942	3467
61DFRAAXX100204:1:36:19084:20762	1599
61DFRAAXX100204:1:37:14761:11581	2341
61DFRAAXX100204:1:37:14905:1783	1599
61DFRAAXX100204:1:37:15336:18853	1599
61DFRAAXX100204:1:37:17419:10673	1599
61DFRAAXX100204:1:37:17641:10216	4651
61DFRAAXX100204:1:37:19071:14464	1599
61DFRAAXX100204:1:37:2634:4058	1599
61DFRAAXX100204:1:37:4203:1269	1599
61DFRAAXX100204:1:37:8865:8813	3934,3467
61DFRAAXX100204:1:38:11475:7262	1599
61DFRAAXX100204:1:38:13536:12513	2341
61DFRAAXX100204:1:38:16286:12997	2341
61DFRAAXX100204:1:38:17095:11502	2341,4651
61DFRAAXX100204:1:38:18712:3088	1599
61DFRAAXX100204:1:38:18991:16926	4651,1599
61DFRAAXX100204:1:38:4668:7595	1599
61DFRAAXX100204:1:38:5711:7279	4651
61DFRAAXX100204:1:38:8248:12615	3934
61DFRAAXX100204:1:39:15912:19519	2341,4651
61DFRAAXX100204:1:39:16086:15240	4651
61DFRAAXX100204:1:39:18382:15062	1599
61DFRAAXX100204:1:39:6509:12443	1599
61DFRAAXX100204:1:39:6685:3384	3467
61DFRAAXX100204:1:39:6782:15857	4651,1599
61DFRAAXX100204:1:3:10261:7421	3934
61DFRAAXX100204:1:3:11707:4906	1599
61DFRAAXX100204:1:3:14031:3259	2341
61DFRAAXX100204:1:3:16179:8259	1599
61DFRAAXX100204:1:3:16543:9756	3934
61DFRAAXX100204:1:3:17162:3661	3467
61DFRAAXX100204:1:3:3115:7820	2342
61DFRAAXX100204:1:3:3481:4325	2341,4651
61DFRAAXX100204:1:3:6749:7591	3467
61DFRAAXX100204:1:3:7613:4874	2341
61DFRAAXX100204:1:40:11916:6663	2341
61DFRAAXX100204:1:40:14287:17362	4651
61DFRAAXX100204:1:40:15863:20798	1599
61DFRAAXX100204:1:40:4379:6630	5646
61DFRAAXX100204:1:40:5429:11488	3467
61DFRAAXX100204:1:40:8601:10146	1599
61DFRAAXX100204:1:41:13682:18037	3934
61DFRAAXX100204:1:41:13702:12757	5646,3934
61DFRAAXX100204:1:41:15391:8627	3467
61DFRAAXX100204:1:41:16260:6057	3934,2342
61DFRAAXX100204:1:41:17703:4127	1599
61DFRAAXX100204:1:42:10041:13156	1599
61DFRAAXX100204:1:42:11951:3694	1599
61DFRAAXX100204:1:42:12905:13039	1599
61DFRAAXX100204:1:42:13305:10344	3934
61DFRAAXX100204:1:42:3751:12422	3467
61DFRAAXX100204:1:42:7667:8475	2341,4651
61DFRAAXX100204:1:43:12100:16829	1599
61DFRAAXX100204:1:43:13648:5864	2341
61DFRAAXX100204:1:43:13744:10761	4651
61DFRAAXX100204:1:43:15225:16890	2341
61DFRAAXX100204:1:43:4487:6034	1599
61DFRAAXX100204:1:43:4799:7178	2341
61DFRAAXX100204:1:43:8525:17148	3467
61DFRAAXX100204:1:44:16524:12496	2341,4651
61DFRAAXX100204:1:44:17281:3633	4651
61DFRAAXX100204:1:44:18988:4438	1599
61DFRAAXX100204:1:44:3527:19813	2341
61DFRAAXX100204:1:44:3990:15656	1599
61DFRAAXX100204:1:44:6036:9664	1599
61DFRAAXX100204:1:44:9830:19062	2341
61DFRAAXX100204:1:45:15766:8385	3934
61DFRAAXX100204:1:45:16771:6358	3934
61DFRAAXX100204:1:45:17245:7690	1599
61DFRAAXX100204:1:45:19613:3779	3934
61DFRAAXX100204:1:45:3677:2222	2341
61DFRAAXX100204:1:45:4976:12173	1599
61DFRAAXX100204:1:45:7071:14736	3467
61DFRAAXX100204:1:46:11968:13604	3934
61DFRAAXX100204:1:46:12256:19661	3467
61DFRAAXX100204:1:46:14072:16735	2341
61DFRAAXX100204:1:46:14401:11276	1599
61DFRAAXX100204:1:46:17467:17315	1599
61DFRAAXX100204:1:46:7651:20702	1599
61DFRAAXX100204:1:47:11244:19701	3934
61DFRAAXX100204:1:47:14030:18969	3467
61DFRAAXX100204:1:47:16381:1461	3934
61DFRAAXX100204:1:47:16403:14535	2341
61DFRAAXX100204:1:47:7404:5361	3934,3467
61DFRAAXX100204:1:47:9513:14202	1599
61DFRAAXX100204:1:49:12319:2770	3467
61DFRAAXX100204:1:49:16402:6606	1599
61DFRAAXX100204:1:49:3594:1534	4651,1599
61DFRAAXX100204:1:4:1187:14275	3934
61DFRAAXX100204:1:4:12249:12815	2341,4651
61DFRAAXX100204:1:4:4184:15630	2341
61DFRAAXX100204:1:50:12065:18685	2341
61DFRAAXX100204:1:50:17476:13675	3934
61DFRAAXX100204:1:50:18263:10568	3934
61DFRAAXX100204:1:50:19316:19947	3934
61DFRAAXX100204:1:50:4899:1812	3956,3934
61DFRAAXX100204:1:51:10655:12061	3467
61DFRAAXX100204:1:51:11581:10931	3934
61DFRAAXX100204:1:51:11994:8522	4651
61DFRAAXX100204:1:51:13389:7681	3467
61DFRAAXX100204:1:51:14937:17314	1599
61DFRAAXX100204:1:51:14966:19706	3934
61DFRAAXX100204:1:51:16741:15401	3934
61DFRAAXX100204:1:51:17347:5760	3934
61DFRAAXX100204:1:51:4651:17622	1599
61DFRAAXX100204:1:51:6767:6450	2341
61DFRAAXX100204:1:52:15036:5462	3934,3467
61DFRAAXX100204:1:52:16689:12678	3934
61DFRAAXX100204:1:52:16691:13372	1599
61DFRAAXX100204:1:52:17570:6621	3934
61DFRAAXX100204:1:52:19483:1941	2341
61DFRAAXX100204:1:52:7670:19051	4651
61DFRAAXX100204:1:53:12396:2003	1599
61DFRAAXX100204:1:53:3851:2355	4651,1599
61DFRAAXX100204:1:54:11639:20223	1599
61DFRAAXX100204:1:54:11944:9446	3934
61DFRAAXX100204:1:54:12830:14070	3467
61DFRAAXX100204:1:54:15401:8300	2341
61DFRAAXX100204:1:54:4740:10791	1599,5646
61DFRAAXX100204:1:57:12023:15604	3934
61DFRAAXX100204:1:57:15762:2722	4651
61DFRAAXX100204:1:57:16084:13805	4651
61DFRAAXX100204:1:57:19323:15933	1599
61DFRAAXX100204:1:57:3704:14759	1599
61DFRAAXX100204:1:57:7000:5844	1599,5646
61DFRAAXX100204:1:58:10209:17461	3467
61DFRAAXX100204:1:58:13104:7244	3934
61DFRAAXX100204:1:58:14908:13197	1599
61DFRAAXX100204:1:58:17141:1357	3934
61DFRAAXX100204:1:58:4430:13453	1599,3956
61DFRAAXX100204:1:58:5905:12014	1599
61DFRAAXX100204:1:59:11353:15874	3934
61DFRAAXX100204:1:59:13055:19644	1599
61DFRAAXX100204:1:59:14907:8306	2341
61DFRAAXX100204:1:59:14975:15017	2341
61DFRAAXX100204:1:59:17123:17968	4651,1599
61DFRAAXX100204:1:59:18099:7683	3934
61DFRAAXX100204:1:59:18391:18964	3934
61DFRAAXX100204:1:59:5013:9061	1599
61DFRAAXX100204:1:59:7225:7648	2341
61DFRAAXX100204:1:59:9928:3318	3467
61DFRAAXX100204:1:5:15628:21145	3956,3934
61DFRAAXX100204:1:5:4929:2218	1599,3956
61DFRAAXX100204:1:5:9176:9298	2341
61DFRAAXX100204:1:60:13007:21243	3934
61DFRAAXX100204:1:60:6800:15967	2341
61DFRAAXX100204:1:61:14886:9670	4651
61DFRAAXX100204:1:61:16685:16269	2341
61DFRAAXX100204:1:61:7296:18079	5646
61DFRAAXX100204:1:63:13051:9401	3934,3467
61DFRAAXX100204:1:63:16324:18195	2341
61DFRAAXX100204:1:63:17388:5229	2341
61DFRAAXX100204:1:63:18069:10038	3467
61DFRAAXX100204:1:63:6425:4029	1599,3956,3934
61DFRAAXX100204:1:64:13033:18695	1599
61DFRAAXX100204:1:64:2579:13708	2342
61DFRAAXX100204:1:66:12167:1368	4651
61DFRAAXX100204:1:66:3958:8493	3467
61DFRAAXX100204:1:66:4742:14672	3934
61DFRAAXX100204:1:67:11562:18044	4651,1599
61DFRAAXX100204:1:67:11929:18156	3934
61DFRAAXX100204:1:68:11705:7980	3934
61DFRAAXX100204:1:68:12673:11761	1599
61DFRAAXX100204:1:68:13596:7680	4651,1599
61DFRAAXX100204:1:68:3594:11112	3934
61DFRAAXX100204:1:68:4164:15031	1599
61DFRAAXX100204:1:69:10276:21193	3467
61DFRAAXX100204:1:69:17483:9305	4651
61DFRAAXX100204:1:69:18647:15403	1599,3956
61DFRAAXX100204:1:69:2209:2875	4651
61DFRAAXX100204:1:69:3354:7337	1599
61DFRAAXX100204:1:69:7489:8176	2341
61DFRAAXX100204:1:69:8620:2932	3467
61DFRAAXX100204:1:69:8695:11299	4651
61DFRAAXX100204:1:6:12637:21355	3934
61DFRAAXX100204:1:6:15342:6705	1599
61DFRAAXX100204:1:6:16424:16759	1599,3956,3934
61DFRAAXX100204:1:6:3227:9570	3934
61DFRAAXX100204:1:6:4200:19149	3934
61DFRAAXX100204:1:70:1240:13584	3934
61DFRAAXX100204:1:70:14125:4700	3934
61DFRAAXX100204:1:70:17357:3337	2341,4651
61DFRAAXX100204:1:70:17761:19968	3934
61DFRAAXX100204:1:70:19774:7825	4651
61DFRAAXX100204:1:70:4186:5856	1599
61DFRAAXX100204:1:70:6010:15148	4651
61DFRAAXX100204:1:71:14032:6276	2341
61DFRAAXX100204:1:71:15307:16484	3934
61DFRAAXX100204:1:71:15480:15785	1599
61DFRAAXX100204:1:71:15526:20933	1599
61DFRAAXX100204:1:71:8991:7370	4651
61DFRAAXX100204:1:72:10545:10395	3934
61DFRAAXX100204:1:72:11191:13808	1599
61DFRAAXX100204:1:72:13458:4484	2341
61DFRAAXX100204:1:72:15781:18287	3934,3467
61DFRAAXX100204:1:72:5822:16534	2341
61DFRAAXX100204:1:72:7006:6680	3934
61DFRAAXX100204:1:72:9773:19001	2341
61DFRAAXX100204:1:73:13285:10554	3934
61DFRAAXX100204:1:73:2421:13528	3934
61DFRAAXX100204:1:73:2437:2515	2341
61DFRAAXX100204:1:73:6511:15158	4651,1599
61DFRAAXX100204:1:74:15028:15735	1599
61DFRAAXX100204:1:74:15313:19661	3934
61DFRAAXX100204:1:74:18250:19541	4651
61DFRAAXX100204:1:74:8216:16775	3467
61DFRAAXX100204:1:74:8307:2569	4651
61DFRAAXX100204:1:74:9815:3590	3934
61DFRAAXX100204:1:75:10043:11079	2341
61DFRAAXX100204:1:75:12890:4754	1599
61DFRAAXX100204:1:75:15130:13756	3934
61DFRAAXX100204:1:75:16400:7147	3934
61DFRAAXX100204:1:75:17028:9056	2341
61DFRAAXX100204:1:75:19637:16360	4651
61DFRAAXX100204:1:75:9809:14228	5758,1599
61DFRAAXX100204:1:76:18794:13759	4651
61DFRAAXX100204:1:77:12645:2596	4651
61DFRAAXX100204:1:77:17537:12808	3934
61DFRAAXX100204:1:77:1812:10525	3934
61DFRAAXX100204:1:77:7594:7412	1599,3956,3934
61DFRAAXX100204:1:77:8327:19614	4651
61DFRAAXX100204:1:77:8530:6282	1599
61DFRAAXX100204:1:77:8663:9418	3934
61DFRAAXX100204:1:77:8680:9432	3934
61DFRAAXX100204:1:78:1145:8444	3467
61DFRAAXX100204:1:78:14561:4542	4651
61DFRAAXX100204:1:78:15448:1913	3934
61DFRAAXX100204:1:78:18998:2588	5758,1599
61DFRAAXX100204:1:78:4101:20208	2341
61DFRAAXX100204:1:78:9081:9018	3467
61DFRAAXX100204:1:78:9862:14298	3934,3467
61DFRAAXX100204:1:79:12086:18390	3934
61DFRAAXX100204:1:79:6759:11413	3934
61DFRAAXX100204:1:7:10628:8304	1599,3956
61DFRAAXX100204:1:7:17263:18352	3467
61DFRAAXX100204:1:7:18107:4160	3934
61DFRAAXX100204:1:7:18137:14827	3956,3934
61DFRAAXX100204:1:7:4875:19134	2341
61DFRAAXX100204:1:7:7575:10659	1599
61DFRAAXX100204:1:80:10177:17911	1599
61DFRAAXX100204:1:80:10702:16284	3934
61DFRAAXX100204:1:80:10720:2930	2341
61DFRAAXX100204:1:80:13126:15112	1599,3956
61DFRAAXX100204:1:80:15518:7553	2341
61DFRAAXX100204:1:80:15552:8107	1599
61DFRAAXX100204:1:80:16684:8694	1599
61DFRAAXX100204:1:80:18808:20043	2341
61DFRAAXX100204:1:80:18819:14477	4651,1599
61DFRAAXX100204:1:80:19204:18585	3467
61DFRAAXX100204:1:80:4881:12527	3467
61DFRAAXX100204:1:80:8978:11767	2341
61DFRAAXX100204:1:80:9635:5606	2341
61DFRAAXX100204:1:81:10024:15255	3934,3467
61DFRAAXX100204:1:81:15441:17978	4651,1599
61DFRAAXX100204:1:81:18339:9490	4651,1599
61DFRAAXX100204:1:81:4286:11442	1599
61DFRAAXX100204:1:81:7623:9201	4651,1599
61DFRAAXX100204:1:81:8437:7777	2341,4651
61DFRAAXX100204:1:81:8497:18030	1599
61DFRAAXX100204:1:81:8704:10326	3934
61DFRAAXX100204:1:82:16457:9511	3934,2342
61DFRAAXX100204:1:82:1732:13830	1599
61DFRAAXX100204:1:82:17801:3866	1599,3956
61DFRAAXX100204:1:82:5743:14556	1599
61DFRAAXX100204:1:83:12808:1117	1599
61DFRAAXX100204:1:83:13235:16384	3467
61DFRAAXX100204:1:83:15532:2075	3934,3467
61DFRAAXX100204:1:83:4468:3716	3934
61DFRAAXX100204:1:83:6178:20831	3934
61DFRAAXX100204:1:83:7442:3473	3934
61DFRAAXX100204:1:83:9796:4828	3467
61DFRAAXX100204:1:84:12252:20357	2341
61DFRAAXX100204:1:84:13272:2072	1599
61DFRAAXX100204:1:84:1575:5411	1599
61DFRAAXX100204:1:84:17381:19463	3934,3467
61DFRAAXX100204:1:84:17983:7466	4651
61DFRAAXX100204:1:84:19412:8656	3934,3467
61DFRAAXX100204:1:84:2046:3699	1599
61DFRAAXX100204:1:84:3303:1483	2341
61DFRAAXX100204:1:84:3817:11389	1599
61DFRAAXX100204:1:84:9253:20445	1599
61DFRAAXX100204:1:85:10347:11889	1599
61DFRAAXX100204:1:85:11190:5128	3934,2342
61DFRAAXX100204:1:85:13943:7323	3934
61DFRAAXX100204:1:85:15185:6232	3934
61DFRAAXX100204:1:85:16079:6792	4651
61DFRAAXX100204:1:85:17726:6160	4651
61DFRAAXX100204:1:85:19175:7537	2342
61DFRAAXX100204:1:85:2953:11325	2341
61DFRAAXX100204:1:85:4759:9380	2341
61DFRAAXX100204:1:85:4891:14875	2341
61DFRAAXX100204:1:85:9582:18971	1599
61DFRAAXX100204:1:86:10142:11689	1599
61DFRAAXX100204:1:86:15043:4782	3934
61DFRAAXX100204:1:86:15379:8949	3467
61DFRAAXX100204:1:86:17685:16508	1599,3956,3934
61DFRAAXX100204:1:86:3138:7064	1599
61DFRAAXX100204:1:86:4368:15324	1599
61DFRAAXX100204:1:86:4683:11550	3934
61DFRAAXX100204:1:86:9081:11939	2341,4651
61DFRAAXX100204:1:87:11245:16259	1599
61DFRAAXX100204:1:87:11731:20305	2341
61DFRAAXX100204:1:87:15404:17812	2341
61DFRAAXX100204:1:87:17132:9687	1599
61DFRAAXX100204:1:87:19713:5981	2341,4651
61DFRAAXX100204:1:87:6207:1766	2341,4651
61DFRAAXX100204:1:87:7403:6374	3467
61DFRAAXX100204:1:87:9886:8890	2341
61DFRAAXX100204:1:88:13917:14142	3467
61DFRAAXX100204:1:88:14799:8764	3934
61DFRAAXX100204:1:88:18159:12360	3934
61DFRAAXX100204:1:88:19029:12828	3934
61DFRAAXX100204:1:88:19056:16122	1599
61DFRAAXX100204:1:88:4393:17126	5646
61DFRAAXX100204:1:89:14871:5629	4651,1599
61DFRAAXX100204:1:89:1613:17800	3934,3467
61DFRAAXX100204:1:89:19283:15916	3934
61DFRAAXX100204:1:8:11402:7052	1599
61DFRAAXX100204:1:8:14385:4956	4651
61DFRAAXX100204:1:8:5671:10264	4651
61DFRAAXX100204:1:8:7143:1187	1599
61DFRAAXX100204:1:8:7940:12179	2341
61DFRAAXX100204:1:90:16935:13319	3934,3467
61DFRAAXX100204:1:90:19028:12941	3934
61DFRAAXX100204:1:91:10896:15871	1599
61DFRAAXX100204:1:91:1209:17725	1599
61DFRAAXX100204:1:91:13177:4033	3934
61DFRAAXX100204:1:91:14519:8682	2341
61DFRAAXX100204:1:91:14633:10962	1599
61DFRAAXX100204:1:91:19698:4084	4651,1599
61DFRAAXX100204:1:91:2117:14234	4651
61DFRAAXX100204:1:91:3009:10737	3934
61DFRAAXX100204:1:91:3626:10646	1599
61DFRAAXX100204:1:92:4170:16433	1599
61DFRAAXX100204:1:92:7524:3153	4651
61DFRAAXX100204:1:92:8792:9851	4651,1599
61DFRAAXX100204:1:92:9608:18547	2341
61DFRAAXX100204:1:93:12045:18095	3934
61DFRAAXX100204:1:93:12197:11978	2341,4651
61DFRAAXX100204:1:93:12886:11817	3934
61DFRAAXX100204:1:93:14413:16350	3934
61DFRAAXX100204:1:93:1511:6717	3467
61DFRAAXX100204:1:93:16376:4646	2341
61DFRAAXX100204:1:93:17187:16586	1599,3956,3934
61DFRAAXX100204:1:93:19259:3088	3934
61DFRAAXX100204:1:93:2597:3618	2341
61DFRAAXX100204:1:93:7402:13911	3934
61DFRAAXX100204:1:93:8558:16460	2341
61DFRAAXX100204:1:93:9923:5831	3934
61DFRAAXX100204:1:94:2914:10034	1599
61DFRAAXX100204:1:94:4194:4060	3467
61DFRAAXX100204:1:94:8937:1326	3934
61DFRAAXX100204:1:95:11280:2580	3934
61DFRAAXX100204:1:95:12995:16999	1599
61DFRAAXX100204:1:95:18216:16706	3934
61DFRAAXX100204:1:95:2073:5643	2341
61DFRAAXX100204:1:95:2546:21261	1599,3956,3934
61DFRAAXX100204:1:95:3938:20606	1599
61DFRAAXX100204:1:95:4014:10059	4651
61DFRAAXX100204:1:96:12350:11421	3467
61DFRAAXX100204:1:96:14950:6413	3934
61DFRAAXX100204:1:96:19258:4840	1599
61DFRAAXX100204:1:97:10577:12462	1599
61DFRAAXX100204:1:97:10625:6986	1599
61DFRAAXX100204:1:97:14212:12361	2341
61DFRAAXX100204:1:97:19257:17004	3934
61DFRAAXX100204:1:97:2092:10276	1599
61DFRAAXX100204:1:97:3410:2597	1599
61DFRAAXX100204:1:97:3696:8104	2341
61DFRAAXX100204:1:97:6510:4607	4651
61DFRAAXX100204:1:97:7696:18994	1599,3956,3934
61DFRAAXX100204:1:98:10492:5619	3934
61DFRAAXX100204:1:98:16479:12365	1599
61DFRAAXX100204:1:98:18242:10818	2341,4651
61DFRAAXX100204:1:98:1899:4752	3934,3467
61DFRAAXX100204:1:98:19659:3120	1599
61DFRAAXX100204:1:98:3490:11524	1599
61DFRAAXX100204:1:98:3502:17062	1599
61DFRAAXX100204:1:99:11715:8437	3934,3467
61DFRAAXX100204:1:99:14181:20288	3467
61DFRAAXX100204:1:99:15297:15472	2341
61DFRAAXX100204:1:99:17255:13933	2341
61DFRAAXX100204:1:99:17768:14286	2341
61DFRAAXX100204:1:99:3259:8550	2341,4651
61DFRAAXX100204:1:99:6333:20884	1599
61DFRAAXX100204:1:9:12467:17366	2341
61DFRAAXX100204:1:9:19765:4226	4651
61DFRAAXX100204:1:9:2047:3630	2341
61DFRAAXX100204:2:100:10503:19784	2341
61DFRAAXX100204:2:100:11613:1212	2342
61DFRAAXX100204:2:100:1452:20903	3934
61DFRAAXX100204:2:100:15468:18134	1599
61DFRAAXX100204:2:100:19050:11113	2341
61DFRAAXX100204:2:100:3182:13052	4651
61DFRAAXX100204:2:100:5832:12269	1599
61DFRAAXX100204:2:100:8929:9528	3934
61DFRAAXX100204:2:101:11439:6448	3934
61DFRAAXX100204:2:101:12081:1392	3467
61DFRAAXX100204:2:101:12523:17425	4651
61DFRAAXX100204:2:101:14029:19975	4651
61DFRAAXX100204:2:101:15778:14296	4651
61DFRAAXX100204:2:101:16228:4266	1599
61DFRAAXX100204:2:101:18841:3973	4651,1599
61DFRAAXX100204:2:101:3168:2259	2341
61DFRAAXX100204:2:101:4161:15837	3934
61DFRAAXX100204:2:102:10489:7996	2341
61DFRAAXX100204:2:102:11363:11672	1599
61DFRAAXX100204:2:102:1229:12657	2341
61DFRAAXX100204:2:102:12654:14198	2341,4651
61DFRAAXX100204:2:102:13822:20408	1599
61DFRAAXX100204:2:102:14265:20825	3467
61DFRAAXX100204:2:102:5865:14370	1599
61DFRAAXX100204:2:102:9218:11514	3467
61DFRAAXX100204:2:103:10360:18079	2341
61DFRAAXX100204:2:103:1062:7317	1599
61DFRAAXX100204:2:103:10651:14646	2341
61DFRAAXX100204:2:103:13542:8459	1599
61DFRAAXX100204:2:103:14745:12363	4651,1599
61DFRAAXX100204:2:103:19581:15652	2341
61DFRAAXX100204:2:103:2356:1306	1599
61DFRAAXX100204:2:103:7680:18716	3934,3467
61DFRAAXX100204:2:103:8562:1594	1599
61DFRAAXX100204:2:103:9935:5860	4651
61DFRAAXX100204:2:104:10496:18789	4651
61DFRAAXX100204:2:104:10720:10560	3934
61DFRAAXX100204:2:104:11785:15358	3934
61DFRAAXX100204:2:104:12499:3036	3467
61DFRAAXX100204:2:104:13760:18899	2341,4651
61DFRAAXX100204:2:104:16354:5832	3467
61DFRAAXX100204:2:104:17458:5204	1599
61DFRAAXX100204:2:104:18592:18103	1599
61DFRAAXX100204:2:104:5237:13967	2341
61DFRAAXX100204:2:104:6379:19026	3934
61DFRAAXX100204:2:104:6911:2520	1599
61DFRAAXX100204:2:104:7146:2643	3934
61DFRAAXX100204:2:104:7449:12789	4651
61DFRAAXX100204:2:104:7459:12772	4651
61DFRAAXX100204:2:104:8238:19098	1599
61DFRAAXX100204:2:104:8869:12944	1599
61DFRAAXX100204:2:105:12343:17839	3467
61DFRAAXX100204:2:105:13266:11597	2341,4651
61DFRAAXX100204:2:105:17737:14587	1599
61DFRAAXX100204:2:105:2214:1664	2341,5758
61DFRAAXX100204:2:105:3520:12513	3934
61DFRAAXX100204:2:105:5038:20205	3934
61DFRAAXX100204:2:105:6081:5594	4651
61DFRAAXX100204:2:105:8835:19481	1599
61DFRAAXX100204:2:105:9649:1761	3467
61DFRAAXX100204:2:106:10320:2201	3934
61DFRAAXX100204:2:106:10851:13640	2341,4651
61DFRAAXX100204:2:106:11754:3503	3467
61DFRAAXX100204:2:106:13450:6267	3956,3934
61DFRAAXX100204:2:106:15576:2150	1599
61DFRAAXX100204:2:106:17678:15911	4651
61DFRAAXX100204:2:106:18905:1781	1599,3956,3934
61DFRAAXX100204:2:106:19214:20517	1599
61DFRAAXX100204:2:106:19313:1988	3467
61DFRAAXX100204:2:106:3314:17101	4651,1599
61DFRAAXX100204:2:106:3323:17079	4651,1599
61DFRAAXX100204:2:106:4609:11813	3934
61DFRAAXX100204:2:106:9011:9487	4651
61DFRAAXX100204:2:107:11763:13978	1599
61DFRAAXX100204:2:107:11912:8546	3934
61DFRAAXX100204:2:107:15866:10755	3467
61DFRAAXX100204:2:107:3273:8238	2341
61DFRAAXX100204:2:107:4960:16711	4651
61DFRAAXX100204:2:107:5141:5581	3934
61DFRAAXX100204:2:107:6225:15663	2341
61DFRAAXX100204:2:107:7863:9136	1599
61DFRAAXX100204:2:107:9591:8397	1599
61DFRAAXX100204:2:108:1152:16319	1599
61DFRAAXX100204:2:108:13381:19402	3934
61DFRAAXX100204:2:108:13529:20471	1599
61DFRAAXX100204:2:108:15924:6076	1599
61DFRAAXX100204:2:108:17481:9233	1599
61DFRAAXX100204:2:108:3621:16426	4651
61DFRAAXX100204:2:108:4427:15232	3467
61DFRAAXX100204:2:108:4756:20837	1599,3956,3934
61DFRAAXX100204:2:109:10687:16642	2341
61DFRAAXX100204:2:109:10947:10206	3467
61DFRAAXX100204:2:109:11096:21291	4651
61DFRAAXX100204:2:109:11398:17518	3934,3467
61DFRAAXX100204:2:109:13550:5294	2341
61DFRAAXX100204:2:109:15896:17493	2341
61DFRAAXX100204:2:109:17009:10690	1599
61DFRAAXX100204:2:109:17198:8426	1599,5646
61DFRAAXX100204:2:109:2200:17049	2341
61DFRAAXX100204:2:109:2398:12552	1599
61DFRAAXX100204:2:109:5814:15815	1599
61DFRAAXX100204:2:109:7216:2028	2341
61DFRAAXX100204:2:109:9128:20740	3934
61DFRAAXX100204:2:109:9660:5543	4651
61DFRAAXX100204:2:109:9804:19104	3467
61DFRAAXX100204:2:10:13315:18735	3934
61DFRAAXX100204:2:10:15364:9193	3467
61DFRAAXX100204:2:10:19309:17766	4651,1599
61DFRAAXX100204:2:10:4122:5410	4651
61DFRAAXX100204:2:10:6209:13802	1599
61DFRAAXX100204:2:10:7931:5684	3934
61DFRAAXX100204:2:10:9024:3771	2341
61DFRAAXX100204:2:110:10060:2174	1599
61DFRAAXX100204:2:110:10333:6398	1599
61DFRAAXX100204:2:110:17207:18683	3467
61DFRAAXX100204:2:110:18504:11535	2341
61DFRAAXX100204:2:110:18803:8570	3934
61DFRAAXX100204:2:110:3269:3239	2341
61DFRAAXX100204:2:110:3635:5391	2341
61DFRAAXX100204:2:110:6203:1234	1599
61DFRAAXX100204:2:110:6327:11449	1599,3956,3934
61DFRAAXX100204:2:110:7063:14101	1599
61DFRAAXX100204:2:110:8508:6536	3934
61DFRAAXX100204:2:110:9123:5516	3934
61DFRAAXX100204:2:111:12164:3667	3467
61DFRAAXX100204:2:111:14239:17092	2342
61DFRAAXX100204:2:111:14283:12991	2341,4651
61DFRAAXX100204:2:111:14709:7059	1599
61DFRAAXX100204:2:111:14954:1864	1599
61DFRAAXX100204:2:111:15278:3483	1599
61DFRAAXX100204:2:111:17849:18571	1599
61DFRAAXX100204:2:111:3687:17602	2341
61DFRAAXX100204:2:111:4591:8055	2341
61DFRAAXX100204:2:111:9781:10244	2341,4651
61DFRAAXX100204:2:112:10142:17528	2341
61DFRAAXX100204:2:112:13884:21081	1599
61DFRAAXX100204:2:112:14657:4452	2341
61DFRAAXX100204:2:112:15528:12048	1599
61DFRAAXX100204:2:112:18622:2496	2341
61DFRAAXX100204:2:112:1981:13112	3934
61DFRAAXX100204:2:112:4742:8671	4651
61DFRAAXX100204:2:112:7723:5582	4651,1599
61DFRAAXX100204:2:113:2499:17423	1599
61DFRAAXX100204:2:113:4183:13573	2341
61DFRAAXX100204:2:113:5822:17377	4651
61DFRAAXX100204:2:113:7599:11556	4651,1599
61DFRAAXX100204:2:113:8306:13969	4651
61DFRAAXX100204:2:113:8317:11116	3467
61DFRAAXX100204:2:113:8470:9855	1599
61DFRAAXX100204:2:114:10400:4522	1599
61DFRAAXX100204:2:114:14747:18672	3467
61DFRAAXX100204:2:114:15824:6476	1599
61DFRAAXX100204:2:114:17022:16754	3467
61DFRAAXX100204:2:114:3294:8473	3934
61DFRAAXX100204:2:114:5953:8210	3467
61DFRAAXX100204:2:114:9079:8419	1599
61DFRAAXX100204:2:115:10599:6426	1599
61DFRAAXX100204:2:115:12782:15071	3467
61DFRAAXX100204:2:115:15400:16649	4651
61DFRAAXX100204:2:115:17270:15242	3934
61DFRAAXX100204:2:115:19248:10387	1599
61DFRAAXX100204:2:115:6564:17432	2341,4651
61DFRAAXX100204:2:115:6917:4441	1599
61DFRAAXX100204:2:115:7925:6087	3934
61DFRAAXX100204:2:115:8998:7219	3467
61DFRAAXX100204:2:116:10513:4355	2341
61DFRAAXX100204:2:116:11352:19424	1599
61DFRAAXX100204:2:116:14696:20211	3934
61DFRAAXX100204:2:116:17789:11298	1599
61DFRAAXX100204:2:117:10878:8281	2341
61DFRAAXX100204:2:117:1610:10521	3934
61DFRAAXX100204:2:117:19124:20698	1599
61DFRAAXX100204:2:117:1926:20853	1599
61DFRAAXX100204:2:117:2312:17990	1599
61DFRAAXX100204:2:117:2696:7228	1599
61DFRAAXX100204:2:117:3367:14172	1599
61DFRAAXX100204:2:117:3477:17069	3934
61DFRAAXX100204:2:118:10490:9278	3934
61DFRAAXX100204:2:118:1213:3069	3934
61DFRAAXX100204:2:118:1589:11335	2341
61DFRAAXX100204:2:118:15968:12234	2341
61DFRAAXX100204:2:118:3923:4815	3934
61DFRAAXX100204:2:118:6462:15511	3467
61DFRAAXX100204:2:118:8744:7664	2341
61DFRAAXX100204:2:119:10538:15052	3934
61DFRAAXX100204:2:119:1230:13532	3934
61DFRAAXX100204:2:119:14399:17161	2341
61DFRAAXX100204:2:119:15386:5465	1599,3956
61DFRAAXX100204:2:119:15527:4472	3934
61DFRAAXX100204:2:119:16228:14720	2341
61DFRAAXX100204:2:119:18297:19296	3934
61DFRAAXX100204:2:119:19323:17107	3934,2342
61DFRAAXX100204:2:119:7368:15630	3934
61DFRAAXX100204:2:119:9103:11387	3934
61DFRAAXX100204:2:11:12325:5613	1599
61DFRAAXX100204:2:11:15550:18917	3467
61DFRAAXX100204:2:11:16111:10012	3934
61DFRAAXX100204:2:11:17915:7618	3934
61DFRAAXX100204:2:11:18131:7013	1599,3956,3934
61DFRAAXX100204:2:11:19121:2794	3467
61DFRAAXX100204:2:11:3952:19049	4651,1599
61DFRAAXX100204:2:11:3962:19069	4651,1599
61DFRAAXX100204:2:11:4025:10699	3934
61DFRAAXX100204:2:11:6116:3137	2341,4651
61DFRAAXX100204:2:11:7981:7571	3934
61DFRAAXX100204:2:11:8803:6042	4651
61DFRAAXX100204:2:120:10372:2908	3934
61DFRAAXX100204:2:120:15260:9160	3467
61DFRAAXX100204:2:120:17801:10512	4651,1599
61DFRAAXX100204:2:120:3998:13357	2341
61DFRAAXX100204:2:12:12393:3099	2341
61DFRAAXX100204:2:12:17590:4101	3934,2342
61DFRAAXX100204:2:12:2277:20685	3934,3467
61DFRAAXX100204:2:12:2427:17134	1599,3956,3934
61DFRAAXX100204:2:12:2770:14515	3934,3467
61DFRAAXX100204:2:12:3093:7032	1599
61DFRAAXX100204:2:12:3156:15399	1599,3956,3934
61DFRAAXX100204:2:12:7081:11878	1599
61DFRAAXX100204:2:13:19062:13779	1599
61DFRAAXX100204:2:13:9758:6803	1599
61DFRAAXX100204:2:14:11476:15114	2341
61DFRAAXX100204:2:14:13713:18452	2342
61DFRAAXX100204:2:14:13923:3991	1599
61DFRAAXX100204:2:14:14023:12778	1599
61DFRAAXX100204:2:14:16995:2715	3467
61DFRAAXX100204:2:14:18019:20986	2341
61DFRAAXX100204:2:14:2725:3903	3467
61DFRAAXX100204:2:14:3938:19856	2341
61DFRAAXX100204:2:14:4277:5195	4651,1599
61DFRAAXX100204:2:14:4467:3112	1599
61DFRAAXX100204:2:14:6615:19833	1599,3956
61DFRAAXX100204:2:14:8201:5545	2341
61DFRAAXX100204:2:14:9050:10819	3934
61DFRAAXX100204:2:15:11821:20762	3467
61DFRAAXX100204:2:15:12013:16994	3934
61DFRAAXX100204:2:15:13433:19846	3467
61DFRAAXX100204:2:15:16879:10709	2341
61DFRAAXX100204:2:15:17558:2200	1599
61DFRAAXX100204:2:15:19326:8407	2341
61DFRAAXX100204:2:15:3729:12570	2341,4651
61DFRAAXX100204:2:15:6897:12254	3934
61DFRAAXX100204:2:15:8677:13143	2341
61DFRAAXX100204:2:16:14353:20124	3934
61DFRAAXX100204:2:16:16174:14056	1599
61DFRAAXX100204:2:16:16663:8503	4651
61DFRAAXX100204:2:16:18695:7977	4651,1599
61DFRAAXX100204:2:16:19030:7325	1599,3956
61DFRAAXX100204:2:16:3002:7306	1599
61DFRAAXX100204:2:16:3036:17083	3467
61DFRAAXX100204:2:16:3684:11292	1599
61DFRAAXX100204:2:16:6670:6151	2341
61DFRAAXX100204:2:17:16416:5153	3934
61DFRAAXX100204:2:17:19281:15059	1599,3956,3934
61DFRAAXX100204:2:17:4813:3520	3467
61DFRAAXX100204:2:17:5213:5399	4651,1599
61DFRAAXX100204:2:17:6433:18103	1599,3956
61DFRAAXX100204:2:17:7086:14832	4651
61DFRAAXX100204:2:17:7592:3222	3934
61DFRAAXX100204:2:17:9810:8028	3934
61DFRAAXX100204:2:18:12014:9885	1599
61DFRAAXX100204:2:18:16125:5465	3956,3934
61DFRAAXX100204:2:18:4580:19824	3467
61DFRAAXX100204:2:18:5184:19140	1599
61DFRAAXX100204:2:18:7546:10540	2341
61DFRAAXX100204:2:18:7566:10533	2341
61DFRAAXX100204:2:19:7484:15711	3934
61DFRAAXX100204:2:1:15109:10355	2341
61DFRAAXX100204:2:1:15465:19388	1599
61DFRAAXX100204:2:1:1941:7779	3934
61DFRAAXX100204:2:1:3940:20811	2341
61DFRAAXX100204:2:1:7258:19339	1599,3956
61DFRAAXX100204:2:1:7735:5632	2341,4651
61DFRAAXX100204:2:20:10733:7124	2341,4651
61DFRAAXX100204:2:20:11054:14150	2341
61DFRAAXX100204:2:20:11442:11436	3467
61DFRAAXX100204:2:20:13404:2552	2341
61DFRAAXX100204:2:20:16385:7210	3934
61DFRAAXX100204:2:20:16787:15488	2341
61DFRAAXX100204:2:20:3008:14953	1599
61DFRAAXX100204:2:21:10257:3006	3934
61DFRAAXX100204:2:21:11047:4631	1599
61DFRAAXX100204:2:21:15481:18011	1599
61DFRAAXX100204:2:21:17828:2927	4651
61DFRAAXX100204:2:21:19468:8434	3934
61DFRAAXX100204:2:21:3896:21001	1599
61DFRAAXX100204:2:21:5010:13921	3934,2342
61DFRAAXX100204:2:21:7191:16823	1599
61DFRAAXX100204:2:21:8378:14247	1599
61DFRAAXX100204:2:21:8800:14702	1599,3956
61DFRAAXX100204:2:21:9659:14373	1599
61DFRAAXX100204:2:22:10394:16080	3467
61DFRAAXX100204:2:22:13358:13896	2341,4651
61DFRAAXX100204:2:22:15618:7542	4651
61DFRAAXX100204:2:22:6821:19197	1599
61DFRAAXX100204:2:22:6913:11876	4651
61DFRAAXX100204:2:22:9298:20741	3934
61DFRAAXX100204:2:22:9639:20862	1599
61DFRAAXX100204:2:22:9668:7177	3934
61DFRAAXX100204:2:23:11451:1327	1599
61DFRAAXX100204:2:23:18941:16191	3934
61DFRAAXX100204:2:23:7692:5508	2341
61DFRAAXX100204:2:24:12740:21216	3467
61DFRAAXX100204:2:24:15469:8665	4651,1599
61DFRAAXX100204:2:24:16695:17285	1599
61DFRAAXX100204:2:24:19273:8279	4651
61DFRAAXX100204:2:24:6891:2180	2341,4651
61DFRAAXX100204:2:24:6916:11767	3934
61DFRAAXX100204:2:24:7086:16329	3934
61DFRAAXX100204:2:24:9379:2863	5646
61DFRAAXX100204:2:25:11170:8912	4651
61DFRAAXX100204:2:25:13067:20744	2341
61DFRAAXX100204:2:25:14301:11242	4651
61DFRAAXX100204:2:25:15126:19440	1599
61DFRAAXX100204:2:25:18045:14106	2341
61DFRAAXX100204:2:25:3750:2732	2341,4651
61DFRAAXX100204:2:25:7347:5444	3467
61DFRAAXX100204:2:25:8933:8122	1599,3956
61DFRAAXX100204:2:26:11187:19799	1599
61DFRAAXX100204:2:26:16448:13715	4651
61DFRAAXX100204:2:26:16861:10738	3934,2342
61DFRAAXX100204:2:26:17369:11435	5646,3934
61DFRAAXX100204:2:26:18375:5735	2342
61DFRAAXX100204:2:26:3131:15194	3934
61DFRAAXX100204:2:26:4035:17578	2341
61DFRAAXX100204:2:26:7546:5578	3934
61DFRAAXX100204:2:27:14307:15590	2341
61DFRAAXX100204:2:27:2482:9476	2341,4651
61DFRAAXX100204:2:27:6204:10981	1599
61DFRAAXX100204:2:27:6600:3503	3934
61DFRAAXX100204:2:28:11159:18365	3934
61DFRAAXX100204:2:28:12077:9016	1599
61DFRAAXX100204:2:28:14401:20038	2341
61DFRAAXX100204:2:28:15596:12394	4651,1599
61DFRAAXX100204:2:28:17261:5687	4651
61DFRAAXX100204:2:28:3434:9438	3934
61DFRAAXX100204:2:28:4297:4697	3934
61DFRAAXX100204:2:28:7222:8202	2341
61DFRAAXX100204:2:28:9255:10405	3934
61DFRAAXX100204:2:29:10856:1964	3934
61DFRAAXX100204:2:29:12147:17023	3467
61DFRAAXX100204:2:29:12535:4304	2341,4651
61DFRAAXX100204:2:29:12630:10405	3467
61DFRAAXX100204:2:29:14485:10864	2341
61DFRAAXX100204:2:29:15379:18711	1599
61DFRAAXX100204:2:29:17678:14745	4651
61DFRAAXX100204:2:29:17905:11704	2341
61DFRAAXX100204:2:29:3146:19328	2341,4651
61DFRAAXX100204:2:29:3501:8168	3467
61DFRAAXX100204:2:29:4507:10556	1599
61DFRAAXX100204:2:29:4869:1916	4651,1599
61DFRAAXX100204:2:29:5614:11690	3934
61DFRAAXX100204:2:29:6510:15712	2341
61DFRAAXX100204:2:29:7451:13556	1599
61DFRAAXX100204:2:29:7503:7186	3934
61DFRAAXX100204:2:29:8640:11413	2341
61DFRAAXX100204:2:2:11242:5151	3934
61DFRAAXX100204:2:2:11680:16113	2341
61DFRAAXX100204:2:2:12870:4790	1599
61DFRAAXX100204:2:2:13429:12988	3956,3934
61DFRAAXX100204:2:2:15305:7426	2341
61DFRAAXX100204:2:2:15557:16144	2341
61DFRAAXX100204:2:2:19374:6327	3934
61DFRAAXX100204:2:2:19674:11888	1599
61DFRAAXX100204:2:2:19729:8409	2341
61DFRAAXX100204:2:2:4272:7130	3467
61DFRAAXX100204:2:2:8732:14129	3467
61DFRAAXX100204:2:30:13938:5082	2342
61DFRAAXX100204:2:30:14420:11849	4651,1599
61DFRAAXX100204:2:30:5670:13728	2341
61DFRAAXX100204:2:30:6174:2865	3467
61DFRAAXX100204:2:30:6409:5105	1599
61DFRAAXX100204:2:30:8172:19357	1599
61DFRAAXX100204:2:30:9527:4230	2341
61DFRAAXX100204:2:31:12387:2448	1599
61DFRAAXX100204:2:31:12915:10575	1599
61DFRAAXX100204:2:31:15342:4472	1599
61DFRAAXX100204:2:31:15835:14026	3467
61DFRAAXX100204:2:31:18037:1917	1599
61DFRAAXX100204:2:31:18281:1814	2341
61DFRAAXX100204:2:31:3737:10860	2341,4651
61DFRAAXX100204:2:31:5169:21366	2341,4651
61DFRAAXX100204:2:31:7648:17805	1599
61DFRAAXX100204:2:32:14450:16835	2341
61DFRAAXX100204:2:32:2917:11947	3934
61DFRAAXX100204:2:32:7241:3682	1599
61DFRAAXX100204:2:32:8291:20621	2341
61DFRAAXX100204:2:32:8440:13120	4651
61DFRAAXX100204:2:32:9314:15600	2341,4651
61DFRAAXX100204:2:32:9607:9533	3934
61DFRAAXX100204:2:33:14566:8435	2341
61DFRAAXX100204:2:33:2830:14909	3934,2342
61DFRAAXX100204:2:33:4430:1429	1599,3956
61DFRAAXX100204:2:33:5133:18805	1599
61DFRAAXX100204:2:34:11311:12287	3934,3467
61DFRAAXX100204:2:34:13208:11544	1599
61DFRAAXX100204:2:34:13882:4342	1599
61DFRAAXX100204:2:34:18021:17441	4651
61DFRAAXX100204:2:34:5271:16960	3934
61DFRAAXX100204:2:34:7849:15713	2341
61DFRAAXX100204:2:34:9774:20263	4651
61DFRAAXX100204:2:35:14511:8557	1599
61DFRAAXX100204:2:35:14573:2226	2341,4651
61DFRAAXX100204:2:35:15905:10040	5646
61DFRAAXX100204:2:35:17355:5857	3467
61DFRAAXX100204:2:35:18825:13908	3934
61DFRAAXX100204:2:35:6511:16970	1599,3956
61DFRAAXX100204:2:35:8151:17555	4651
61DFRAAXX100204:2:35:9802:14938	4651
61DFRAAXX100204:2:36:12837:12376	2341
61DFRAAXX100204:2:36:15480:12470	1599
61DFRAAXX100204:2:36:16939:18362	1599,3956,3934
61DFRAAXX100204:2:36:17375:6397	3934
61DFRAAXX100204:2:36:4322:12665	1599
61DFRAAXX100204:2:36:4453:8258	4651
61DFRAAXX100204:2:37:11222:20226	3934
61DFRAAXX100204:2:37:11443:16190	1599
61DFRAAXX100204:2:37:11853:16367	1599
61DFRAAXX100204:2:37:12871:17820	2341
61DFRAAXX100204:2:37:14295:12907	4651
61DFRAAXX100204:2:37:14364:3193	2341
61DFRAAXX100204:2:37:16787:4141	3934
61DFRAAXX100204:2:37:17795:19859	3467
61DFRAAXX100204:2:37:7105:17080	2341,4651
61DFRAAXX100204:2:37:7728:16353	2341
61DFRAAXX100204:2:38:13176:3718	3956,3934
61DFRAAXX100204:2:38:16050:14887	4651,1599
61DFRAAXX100204:2:38:18888:5105	1599
61DFRAAXX100204:2:38:2791:10555	3934
61DFRAAXX100204:2:38:6081:4425	1599
61DFRAAXX100204:2:38:6478:9466	2341
61DFRAAXX100204:2:38:7994:5366	2341,4651
61DFRAAXX100204:2:38:8191:13224	3934,3467
61DFRAAXX100204:2:39:10964:6621	3467
61DFRAAXX100204:2:39:14590:9063	2342
61DFRAAXX100204:2:39:15057:19603	1599
61DFRAAXX100204:2:39:16043:12229	1599
61DFRAAXX100204:2:39:16768:8906	3934
61DFRAAXX100204:2:39:17879:10147	4651
61DFRAAXX100204:2:39:5761:12231	2341
61DFRAAXX100204:2:39:6540:21238	1599
61DFRAAXX100204:2:39:8721:12284	4651
61DFRAAXX100204:2:39:9594:2211	3934
61DFRAAXX100204:2:39:9790:14231	3934
61DFRAAXX100204:2:39:9989:1324	3934
61DFRAAXX100204:2:3:12846:8556	3934,3467
61DFRAAXX100204:2:3:17214:4427	1599,3956,3934
61DFRAAXX100204:2:3:1943:19196	4651
61DFRAAXX100204:2:3:2013:6509	4651
61DFRAAXX100204:2:3:7889:5880	1599
61DFRAAXX100204:2:40:13444:19182	4651
61DFRAAXX100204:2:40:4889:19817	3467
61DFRAAXX100204:2:40:6156:6377	2341
61DFRAAXX100204:2:40:6717:14383	3934
61DFRAAXX100204:2:40:8329:7411	3934
61DFRAAXX100204:2:41:10098:17183	1599
61DFRAAXX100204:2:41:13531:4034	2341
61DFRAAXX100204:2:41:15590:6267	2342
61DFRAAXX100204:2:41:16716:10275	1599
61DFRAAXX100204:2:41:7962:8762	3934
61DFRAAXX100204:2:42:10424:15740	3934
61DFRAAXX100204:2:42:10580:19020	2341
61DFRAAXX100204:2:42:11753:6111	3934
61DFRAAXX100204:2:42:12965:2388	1599
61DFRAAXX100204:2:42:17011:11367	3934
61DFRAAXX100204:2:42:19691:3260	2341
61DFRAAXX100204:2:42:8497:19035	2341
61DFRAAXX100204:2:42:9033:8872	2341,5758,1599
61DFRAAXX100204:2:43:10470:12963	1599
61DFRAAXX100204:2:43:12903:18568	2341
61DFRAAXX100204:2:43:13890:21030	3956,3934
61DFRAAXX100204:2:43:14558:16449	1599
61DFRAAXX100204:2:43:14626:7996	1599
61DFRAAXX100204:2:43:15130:17285	1599
61DFRAAXX100204:2:43:17704:20034	1599
61DFRAAXX100204:2:43:6965:4245	2341
61DFRAAXX100204:2:45:11668:15081	4651
61DFRAAXX100204:2:45:15122:9806	1599
61DFRAAXX100204:2:45:17391:2254	3934
61DFRAAXX100204:2:45:3251:11217	1599
61DFRAAXX100204:2:45:3256:11190	3934
61DFRAAXX100204:2:45:5123:10745	3934
61DFRAAXX100204:2:46:15414:6037	2341
61DFRAAXX100204:2:46:15686:3023	1599
61DFRAAXX100204:2:46:7404:1841	3467
61DFRAAXX100204:2:46:8666:8734	3956,3934
61DFRAAXX100204:2:47:11821:15478	4651
61DFRAAXX100204:2:47:14493:21124	2341
61DFRAAXX100204:2:47:15715:14021	1599
61DFRAAXX100204:2:47:16233:6564	2341,4651
61DFRAAXX100204:2:47:17341:12147	1599
61DFRAAXX100204:2:47:8105:5007	2341
61DFRAAXX100204:2:48:11797:13459	2342
61DFRAAXX100204:2:48:17214:11719	3934
61DFRAAXX100204:2:48:19804:17618	3934
61DFRAAXX100204:2:48:5420:7109	1599
61DFRAAXX100204:2:48:7472:13890	3934
61DFRAAXX100204:2:49:12229:4681	4651
61DFRAAXX100204:2:49:13452:7686	2341,4651
61DFRAAXX100204:2:49:14626:16532	2341
61DFRAAXX100204:2:49:4619:13845	4651
61DFRAAXX100204:2:49:5398:19148	2341
61DFRAAXX100204:2:49:8225:11582	2341
61DFRAAXX100204:2:49:9109:15389	1599
61DFRAAXX100204:2:49:9603:2248	3934
61DFRAAXX100204:2:4:12994:9251	1599
61DFRAAXX100204:2:4:13652:11093	3934
61DFRAAXX100204:2:4:14139:21191	3467
61DFRAAXX100204:2:4:15617:14800	3934
61DFRAAXX100204:2:4:2652:16469	2341
61DFRAAXX100204:2:4:5146:21155	4651,1599
61DFRAAXX100204:2:4:6305:8909	3934
61DFRAAXX100204:2:4:9245:2974	3934,3467
61DFRAAXX100204:2:4:9574:18139	2341
61DFRAAXX100204:2:4:9697:7384	2341
61DFRAAXX100204:2:50:10280:13190	3467
61DFRAAXX100204:2:50:16440:12193	4651
61DFRAAXX100204:2:50:4228:15982	3934
61DFRAAXX100204:2:50:4383:15342	3467
61DFRAAXX100204:2:50:5996:1959	4651
61DFRAAXX100204:2:50:6466:19289	2341
61DFRAAXX100204:2:50:6727:7067	4651
61DFRAAXX100204:2:50:6903:2590	1599
61DFRAAXX100204:2:50:8152:10431	3934,3467
61DFRAAXX100204:2:51:11562:9873	1599
61DFRAAXX100204:2:51:11956:16089	4651,1599
61DFRAAXX100204:2:51:12998:17689	2341
61DFRAAXX100204:2:51:16439:1544	2341,4651
61DFRAAXX100204:2:51:16936:9584	3934
61DFRAAXX100204:2:51:18715:17266	3934,2342
61DFRAAXX100204:2:51:5149:14676	3467
61DFRAAXX100204:2:52:10433:19221	2341
61DFRAAXX100204:2:52:11859:11588	2341
61DFRAAXX100204:2:52:14162:4857	2341
61DFRAAXX100204:2:52:17953:18979	4651
61DFRAAXX100204:2:52:17971:8329	3934
61DFRAAXX100204:2:52:18077:7518	4651
61DFRAAXX100204:2:52:18812:4434	3467
61DFRAAXX100204:2:52:19454:20220	2341
61DFRAAXX100204:2:52:3405:17448	1599
61DFRAAXX100204:2:52:4279:19510	1599
61DFRAAXX100204:2:52:9070:4304	1599
61DFRAAXX100204:2:53:15477:13638	3934
61DFRAAXX100204:2:53:7087:10006	5646
61DFRAAXX100204:2:54:13110:5201	1599,3956,3934
61DFRAAXX100204:2:54:14733:15456	1599
61DFRAAXX100204:2:54:5190:14924	5758,1599
61DFRAAXX100204:2:54:5444:11104	3934
61DFRAAXX100204:2:54:8610:10291	2341,4651
61DFRAAXX100204:2:54:8624:10157	2341
61DFRAAXX100204:2:54:8942:18305	3934
61DFRAAXX100204:2:55:7036:15500	1599
61DFRAAXX100204:2:55:9100:17072	1599
61DFRAAXX100204:2:56:11839:16767	2341
61DFRAAXX100204:2:56:11874:20093	3934,2342
61DFRAAXX100204:2:56:15865:17018	1599
61DFRAAXX100204:2:56:4875:12126	2341
61DFRAAXX100204:2:57:11047:10004	1599
61DFRAAXX100204:2:57:14706:8511	2341
61DFRAAXX100204:2:57:19331:15563	2341,4651
61DFRAAXX100204:2:57:3350:3043	3934
61DFRAAXX100204:2:57:9613:14377	3934
61DFRAAXX100204:2:57:9631:9071	1599
61DFRAAXX100204:2:58:12631:9353	1599
61DFRAAXX100204:2:58:13648:10946	3934
61DFRAAXX100204:2:58:15606:12653	2341
61DFRAAXX100204:2:58:17791:10787	3934,3467
61DFRAAXX100204:2:58:4950:16265	3934
61DFRAAXX100204:2:58:8063:19453	4651,1599
61DFRAAXX100204:2:59:11366:14864	1599
61DFRAAXX100204:2:59:15822:15913	1599
61DFRAAXX100204:2:59:17373:7152	2341
61DFRAAXX100204:2:59:6360:20328	2341
61DFRAAXX100204:2:59:7055:9861	2341
61DFRAAXX100204:2:5:18297:18580	1599
61DFRAAXX100204:2:5:19162:3116	1599
61DFRAAXX100204:2:5:4825:1655	4651,1599
61DFRAAXX100204:2:5:6427:9958	3934
61DFRAAXX100204:2:5:8431:11870	1599
61DFRAAXX100204:2:5:9416:5436	1599
61DFRAAXX100204:2:60:12978:20173	3934
61DFRAAXX100204:2:60:13195:9262	3934
61DFRAAXX100204:2:60:5607:11427	3934
61DFRAAXX100204:2:60:6422:10546	1599
61DFRAAXX100204:2:60:9506:20118	4651
61DFRAAXX100204:2:61:19212:17419	1599
61DFRAAXX100204:2:61:2969:11034	2341
61DFRAAXX100204:2:61:3995:5683	3934
61DFRAAXX100204:2:62:10495:1699	2341,4651
61DFRAAXX100204:2:62:19181:19976	2341,4651
61DFRAAXX100204:2:62:2091:2897	2341
61DFRAAXX100204:2:62:3026:8715	2341
61DFRAAXX100204:2:62:5514:14912	4651
61DFRAAXX100204:2:63:10115:2280	1599
61DFRAAXX100204:2:63:10226:1983	4651
61DFRAAXX100204:2:63:14393:3336	1599
61DFRAAXX100204:2:63:18627:2336	3934,3467
61DFRAAXX100204:2:63:2225:10824	3934
61DFRAAXX100204:2:63:8499:7406	1599
61DFRAAXX100204:2:63:8643:20646	2341
61DFRAAXX100204:2:63:8773:1701	2341
61DFRAAXX100204:2:63:9695:5492	1599
61DFRAAXX100204:2:64:2725:7546	2341
61DFRAAXX100204:2:64:3894:10926	1599
61DFRAAXX100204:2:65:11466:4453	2341,4651
61DFRAAXX100204:2:65:12795:8546	3934,3467
61DFRAAXX100204:2:65:13214:11325	1599
61DFRAAXX100204:2:65:15975:19128	3934
61DFRAAXX100204:2:65:16000:1766	1599
61DFRAAXX100204:2:65:16575:19124	3934
61DFRAAXX100204:2:65:18616:7825	2341
61DFRAAXX100204:2:65:3268:7360	3934
61DFRAAXX100204:2:65:9892:20933	3934
61DFRAAXX100204:2:66:10859:16104	1599
61DFRAAXX100204:2:66:12750:19085	1599
61DFRAAXX100204:2:66:18230:13324	2341
61DFRAAXX100204:2:66:3044:5710	3934
61DFRAAXX100204:2:66:6392:14275	4651,1599
61DFRAAXX100204:2:67:11212:10958	4651
61DFRAAXX100204:2:67:11371:3660	2341,4651
61DFRAAXX100204:2:67:11441:8291	3467
61DFRAAXX100204:2:67:13498:6451	2341
61DFRAAXX100204:2:67:16975:6938	4651
61DFRAAXX100204:2:67:1959:19629	3934
61DFRAAXX100204:2:67:5009:5402	3934
61DFRAAXX100204:2:67:5078:19643	3934
61DFRAAXX100204:2:67:6649:14705	1599
61DFRAAXX100204:2:68:10659:17778	3934
61DFRAAXX100204:2:68:13858:12309	3934,3467
61DFRAAXX100204:2:68:17441:18224	1599
61DFRAAXX100204:2:68:17995:10678	3467
61DFRAAXX100204:2:68:18869:19043	1599
61DFRAAXX100204:2:69:13171:20570	2341,4651
61DFRAAXX100204:2:69:17373:16194	2341
61DFRAAXX100204:2:69:19571:2808	2341
61DFRAAXX100204:2:69:2981:17594	1599
61DFRAAXX100204:2:69:3127:9491	4651
61DFRAAXX100204:2:69:3232:4367	4651,1599
61DFRAAXX100204:2:69:8564:8016	3934
61DFRAAXX100204:2:6:10306:15415	1599,3956,3934
61DFRAAXX100204:2:6:11211:15896	4651
61DFRAAXX100204:2:6:16599:13356	3934
61DFRAAXX100204:2:6:16796:15220	3934,2342
61DFRAAXX100204:2:6:6165:14165	3467
61DFRAAXX100204:2:6:7854:16097	3934
61DFRAAXX100204:2:6:9522:17901	2341,5758
61DFRAAXX100204:2:70:12549:2955	1599
61DFRAAXX100204:2:70:1702:19937	2341
61DFRAAXX100204:2:70:3207:11428	3934
61DFRAAXX100204:2:70:3233:8037	2341,4651
61DFRAAXX100204:2:70:4161:19054	2341,4651
61DFRAAXX100204:2:70:6215:3480	3934,3467
61DFRAAXX100204:2:70:9640:10091	2341
61DFRAAXX100204:2:71:10814:11226	1599
61DFRAAXX100204:2:71:14874:12568	1599,3956,3934
61DFRAAXX100204:2:71:16766:18315	3934
61DFRAAXX100204:2:71:5582:13435	4651
61DFRAAXX100204:2:71:7361:19263	1599
61DFRAAXX100204:2:72:12929:5848	3467
61DFRAAXX100204:2:72:16106:13433	5646,3934
61DFRAAXX100204:2:72:16773:13956	1599
61DFRAAXX100204:2:72:3366:15189	1599
61DFRAAXX100204:2:72:7306:8388	2341
61DFRAAXX100204:2:72:7919:11133	1599
61DFRAAXX100204:2:73:1052:15577	2341
61DFRAAXX100204:2:73:11717:2171	1599
61DFRAAXX100204:2:73:1223:18755	3934
61DFRAAXX100204:2:73:14678:14238	1599
61DFRAAXX100204:2:73:16135:9936	1599
61DFRAAXX100204:2:73:17228:17063	3934
61DFRAAXX100204:2:74:10957:11932	2341,4651
61DFRAAXX100204:2:74:11021:5950	1599
61DFRAAXX100204:2:74:12057:3784	3934,3467
61DFRAAXX100204:2:74:12194:2523	2341
61DFRAAXX100204:2:74:15853:14227	2341
61DFRAAXX100204:2:74:16856:11630	1599
61DFRAAXX100204:2:74:17021:9495	1599
61DFRAAXX100204:2:74:17829:19308	3934
61DFRAAXX100204:2:74:3890:10633	4651
61DFRAAXX100204:2:74:5352:15647	1599
61DFRAAXX100204:2:74:5984:8648	3934
61DFRAAXX100204:2:74:7990:2194	1599
61DFRAAXX100204:2:74:9221:7246	3934
61DFRAAXX100204:2:74:9647:15120	2341
61DFRAAXX100204:2:74:9707:20315	1599
61DFRAAXX100204:2:75:1113:18736	2341
61DFRAAXX100204:2:75:11743:15011	3934,3467
61DFRAAXX100204:2:75:12102:1477	4651
61DFRAAXX100204:2:75:12192:9890	4651,1599
61DFRAAXX100204:2:75:12203:14829	3934,3467
61DFRAAXX100204:2:75:12228:13082	2341
61DFRAAXX100204:2:75:13298:6967	1599
61DFRAAXX100204:2:75:13450:6797	2341,4651
61DFRAAXX100204:2:75:13865:4359	3934
61DFRAAXX100204:2:75:17096:5619	3934
61DFRAAXX100204:2:75:17395:12731	3934
61DFRAAXX100204:2:75:2029:4614	1599
61DFRAAXX100204:2:75:4062:18704	3934
61DFRAAXX100204:2:75:8001:2250	3934
61DFRAAXX100204:2:76:11876:7821	1599
61DFRAAXX100204:2:76:14626:18111	1599
61DFRAAXX100204:2:76:17213:4192	1599
61DFRAAXX100204:2:76:4920:15061	4651,1599
61DFRAAXX100204:2:78:10856:14634	1599
61DFRAAXX100204:2:78:13527:6685	1599
61DFRAAXX100204:2:78:14132:14756	2341
61DFRAAXX100204:2:78:2752:7073	2341
61DFRAAXX100204:2:79:15202:12949	2341,4651
61DFRAAXX100204:2:79:2469:13563	3934
61DFRAAXX100204:2:79:4739:7364	1599
61DFRAAXX100204:2:7:16307:4675	1599
61DFRAAXX100204:2:7:16757:18978	1599
61DFRAAXX100204:2:7:5619:7947	1599
61DFRAAXX100204:2:7:5901:13026	1599
61DFRAAXX100204:2:80:12539:18001	4651,1599
61DFRAAXX100204:2:80:16453:21329	2341
61DFRAAXX100204:2:80:16527:20989	3934
61DFRAAXX100204:2:80:17210:7731	4651
61DFRAAXX100204:2:80:17915:6788	3934
61DFRAAXX100204:2:80:18985:5861	3934,3467
61DFRAAXX100204:2:80:5447:19554	1599
61DFRAAXX100204:2:80:8031:4906	2341
61DFRAAXX100204:2:80:8935:18608	1599
61DFRAAXX100204:2:81:10792:10782	5646,3934
61DFRAAXX100204:2:81:10838:8547	3467
61DFRAAXX100204:2:81:2478:16558	3934
61DFRAAXX100204:2:81:2698:4046	1599
61DFRAAXX100204:2:81:3702:4245	3467
61DFRAAXX100204:2:81:7180:2926	2341
61DFRAAXX100204:2:81:9873:13814	1599
61DFRAAXX100204:2:82:10970:5606	1599
61DFRAAXX100204:2:82:12332:5822	2341,4651
61DFRAAXX100204:2:82:14054:19329	3934
61DFRAAXX100204:2:82:17320:20318	3934,3467
61DFRAAXX100204:2:82:17973:20930	1599
61DFRAAXX100204:2:82:19545:10297	3934,3467
61DFRAAXX100204:2:82:4129:11172	5646
61DFRAAXX100204:2:83:10132:9388	2341
61DFRAAXX100204:2:83:10692:6473	3934
61DFRAAXX100204:2:83:13860:15710	3467
61DFRAAXX100204:2:83:15167:8812	1599
61DFRAAXX100204:2:83:17942:12076	3467
61DFRAAXX100204:2:83:18846:8460	3467
61DFRAAXX100204:2:83:18925:6935	1599
61DFRAAXX100204:2:83:18936:6009	3934
61DFRAAXX100204:2:83:3006:9441	2341
61DFRAAXX100204:2:83:5699:11926	4651
61DFRAAXX100204:2:83:8075:19252	2341
61DFRAAXX100204:2:84:1403:12476	1599
61DFRAAXX100204:2:84:14895:20449	1599
61DFRAAXX100204:2:84:18112:21421	3934
61DFRAAXX100204:2:84:7039:20503	3956,3934
61DFRAAXX100204:2:84:7278:2320	3934
61DFRAAXX100204:2:84:7598:12363	3467
61DFRAAXX100204:2:84:9292:10856	3934
61DFRAAXX100204:2:85:13248:4892	1599
61DFRAAXX100204:2:85:13938:4752	1599,3956,3934
61DFRAAXX100204:2:85:14154:6391	3934
61DFRAAXX100204:2:85:14612:20026	1599
61DFRAAXX100204:2:85:16284:7934	3934
61DFRAAXX100204:2:85:19642:5727	1599
61DFRAAXX100204:2:85:2252:9373	3934
61DFRAAXX100204:2:85:5634:13628	3934
61DFRAAXX100204:2:85:6707:3957	2341
61DFRAAXX100204:2:85:9163:6151	1599
61DFRAAXX100204:2:86:12663:7217	3467
61DFRAAXX100204:2:86:16613:16581	3934
61DFRAAXX100204:2:86:17240:13579	2341,4651
61DFRAAXX100204:2:86:2177:6796	3934
61DFRAAXX100204:2:86:2312:13833	3934
61DFRAAXX100204:2:86:8370:16039	5646,3934
61DFRAAXX100204:2:87:12385:10172	2341
61DFRAAXX100204:2:87:16244:12485	3934
61DFRAAXX100204:2:87:19711:9744	1599
61DFRAAXX100204:2:87:2525:4512	3934,2342
61DFRAAXX100204:2:87:9009:5894	3934
61DFRAAXX100204:2:87:9382:11966	1599
61DFRAAXX100204:2:88:10275:20018	1599
61DFRAAXX100204:2:88:11209:14561	3934
61DFRAAXX100204:2:88:12889:2467	2341
61DFRAAXX100204:2:88:15770:6682	3934,2342
61DFRAAXX100204:2:88:19563:13455	2341,4651
61DFRAAXX100204:2:88:19686:11428	4651
61DFRAAXX100204:2:88:2412:21265	2341
61DFRAAXX100204:2:88:7713:16372	3934
61DFRAAXX100204:2:89:11640:1937	3934
61DFRAAXX100204:2:89:12476:7190	3934
61DFRAAXX100204:2:89:14827:8661	1599
61DFRAAXX100204:2:89:4611:15410	1599
61DFRAAXX100204:2:8:14952:2893	1599
61DFRAAXX100204:2:8:18013:1530	3467
61DFRAAXX100204:2:8:19795:19563	2341
61DFRAAXX100204:2:8:4618:15946	1599
61DFRAAXX100204:2:8:5863:3663	1599
61DFRAAXX100204:2:8:6144:7130	3934
61DFRAAXX100204:2:90:15646:20348	4651
61DFRAAXX100204:2:90:1701:18875	3467
61DFRAAXX100204:2:91:13839:17301	2341,4651
61DFRAAXX100204:2:91:14412:2662	3467
61DFRAAXX100204:2:91:2790:10510	2341
61DFRAAXX100204:2:91:3207:18106	3934
61DFRAAXX100204:2:91:4499:10377	1599
61DFRAAXX100204:2:91:7697:14839	2341
61DFRAAXX100204:2:92:12083:4349	3934
61DFRAAXX100204:2:92:12496:16387	2341
61DFRAAXX100204:2:92:1579:6759	2341
61DFRAAXX100204:2:92:15913:9606	3934
61DFRAAXX100204:2:92:1619:10367	1599
61DFRAAXX100204:2:92:16719:21022	1599
61DFRAAXX100204:2:92:19669:1457	1599
61DFRAAXX100204:2:92:5643:7321	3934,2342
61DFRAAXX100204:2:92:7460:6489	3934
61DFRAAXX100204:2:93:11131:17569	3934
61DFRAAXX100204:2:93:11269:11284	2341,4651
61DFRAAXX100204:2:93:12587:20638	2341
61DFRAAXX100204:2:93:3540:4075	2341
61DFRAAXX100204:2:93:4064:11896	4651
61DFRAAXX100204:2:94:12872:16032	3956,3934
61DFRAAXX100204:2:94:12912:6566	2341
61DFRAAXX100204:2:94:13049:20406	3956,3934
61DFRAAXX100204:2:94:18612:7431	2341
61DFRAAXX100204:2:94:4171:21194	2341
61DFRAAXX100204:2:94:4327:19151	1599
61DFRAAXX100204:2:94:7304:16479	2341,4651
61DFRAAXX100204:2:94:8306:2158	1599
61DFRAAXX100204:2:94:8571:18947	1599
61DFRAAXX100204:2:95:10715:12033	1599
61DFRAAXX100204:2:95:11012:1572	2341
61DFRAAXX100204:2:95:13876:19765	4651
61DFRAAXX100204:2:95:15925:14883	3934
61DFRAAXX100204:2:95:16031:19926	3934
61DFRAAXX100204:2:95:19218:10222	1599
61DFRAAXX100204:2:95:2430:14617	3934
61DFRAAXX100204:2:95:3978:4459	1599
61DFRAAXX100204:2:95:8976:1175	1599
61DFRAAXX100204:2:96:12576:1915	4651,1599
61DFRAAXX100204:2:96:14363:4930	4651
61DFRAAXX100204:2:96:16548:18298	3467
61DFRAAXX100204:2:96:3015:10149	1599
61DFRAAXX100204:2:96:3883:13236	4651
61DFRAAXX100204:2:96:5704:17272	3467
61DFRAAXX100204:2:96:8786:4879	1599
61DFRAAXX100204:2:96:9692:14501	3934,3467
61DFRAAXX100204:2:97:11992:9002	4651,1599
61DFRAAXX100204:2:97:15175:7449	1599
61DFRAAXX100204:2:97:5242:5397	2341,4651
61DFRAAXX100204:2:97:9791:2432	4651,1599
61DFRAAXX100204:2:98:13702:1652	2341
61DFRAAXX100204:2:98:4387:10358	1599
61DFRAAXX100204:2:99:12463:8569	2342
61DFRAAXX100204:2:99:13989:1817	2341
61DFRAAXX100204:2:99:1482:18172	4651
61DFRAAXX100204:2:99:18349:7338	3467
61DFRAAXX100204:2:99:2393:10998	1599
61DFRAAXX100204:2:99:2553:19920	3934
61DFRAAXX100204:2:9:11901:9796	2341
61DFRAAXX100204:2:9:16660:5307	3934
61DFRAAXX100204:2:9:4839:3808	3934
61DFRAAXX100204:2:9:7903:18448	4651
61DFRAAXX100204:2:9:8786:12245	1599
61DFRAAXX100204:2:9:9816:18050	2341
61DFRAAXX100204:1:105:3328:1831	2341,4651
61DFRAAXX100204:1:118:10049:2088	2342
61DFRAAXX100204:1:23:11519:12213	3934,2342
61DFRAAXX100204:1:23:11939:12077	4651,1599
61DFRAAXX100204:1:23:6270:7348	1599,3956
61DFRAAXX100204:1:23:7791:6222	2341
61DFRAAXX100204:1:45:9021:2358	1599
61DFRAAXX100204:1:47:10050:4881	2341
61DFRAAXX100204:1:54:16004:2808	3467
61DFRAAXX100204:1:60:15600:18048	3934
61DFRAAXX100204:1:69:16591:17319	2342
61DFRAAXX100204:1:6:6203:11351	1599,5646
61DFRAAXX100204:1:80:5491:16820	4651
61DFRAAXX100204:2:108:19708:3686	2342
61DFRAAXX100204:2:12:8635:13417	3467
61DFRAAXX100204:2:28:6561:17455	1599
61DFRAAXX100204:2:34:6329:11134	1599
61DFRAAXX100204:2:39:12200:7151	2341,4651
61DFRAAXX100204:2:3:5576:16849	2341,4651
61DFRAAXX100204:2:41:17571:3982	4651
61DFRAAXX100204:2:45:12497:12751	2342
61DFRAAXX100204:2:48:15798:15149	3467
61DFRAAXX100204:2:52:8411:14366	2341,4651
61DFRAAXX100204:2:57:7394:20685	3934
61DFRAAXX100204:2:67:3833:14229	4651,1599
61DFRAAXX100204:2:91:3351:13551	2342
61DFRAAXX100204:1:100:2394:2436	2341
61DFRAAXX100204:1:100:5964:16628	2342
61DFRAAXX100204:1:104:18292:1295	2341
61DFRAAXX100204:1:104:2089:10324	2341
61DFRAAXX100204:1:107:2775:14807	2341
61DFRAAXX100204:1:108:3696:11967	1599
61DFRAAXX100204:1:109:5368:1199	2342
61DFRAAXX100204:1:10:12468:1889	2341
61DFRAAXX100204:1:113:4454:18831	2341
61DFRAAXX100204:1:114:5888:11750	2341
61DFRAAXX100204:1:115:11100:12431	2341
61DFRAAXX100204:1:116:4006:19516	2341
61DFRAAXX100204:1:118:11592:6060	2341
61DFRAAXX100204:1:119:8365:21010	2341
61DFRAAXX100204:1:120:16337:11765	2341
61DFRAAXX100204:1:12:18475:3800	2341
61DFRAAXX100204:1:13:19613:1557	2341
61DFRAAXX100204:1:13:19793:20580	2341
61DFRAAXX100204:1:14:18233:3260	2341
61DFRAAXX100204:1:16:10792:15940	2341
61DFRAAXX100204:1:17:12656:13550	2341
61DFRAAXX100204:1:18:12465:17422	2341
61DFRAAXX100204:1:18:12986:14267	2342
61DFRAAXX100204:1:18:13187:3775	2341
61DFRAAXX100204:1:19:17257:3947	3934
61DFRAAXX100204:1:1:3104:6293	2341
61DFRAAXX100204:1:20:19371:12514	2341
61DFRAAXX100204:1:24:17579:8152	2341
61DFRAAXX100204:1:25:12506:17695	2341
61DFRAAXX100204:1:26:12368:8519	2341
61DFRAAXX100204:1:26:19629:19693	2341
61DFRAAXX100204:1:26:6090:1130	2341
61DFRAAXX100204:1:27:13009:7440	1599
61DFRAAXX100204:1:27:3023:3433	3934
61DFRAAXX100204:1:31:9078:1388	2341
61DFRAAXX100204:1:34:19036:17153	2341
61DFRAAXX100204:1:3:10387:16182	2341
61DFRAAXX100204:1:50:15348:16979	3934
61DFRAAXX100204:1:54:11961:15523	2341
61DFRAAXX100204:1:54:14976:3600	2341
61DFRAAXX100204:1:55:11089:19480	2341,4651
61DFRAAXX100204:1:59:5111:2858	2341
61DFRAAXX100204:1:5:1688:1539	2341
61DFRAAXX100204:1:61:2190:14531	2342
61DFRAAXX100204:1:64:11037:18527	2341
61DFRAAXX100204:1:69:6864:9147	2341
61DFRAAXX100204:1:79:13751:5891	2341
61DFRAAXX100204:1:79:8982:13448	2341
61DFRAAXX100204:1:81:9094:8088	2341
61DFRAAXX100204:1:84:13400:16974	2341
61DFRAAXX100204:1:86:9951:4950	2341
61DFRAAXX100204:1:88:1902:19759	4651
61DFRAAXX100204:1:89:2736:3446	2341
61DFRAAXX100204:1:89:5481:2525	2341
61DFRAAXX100204:1:8:18351:5559	2341
61DFRAAXX100204:1:92:11924:4364	2341
61DFRAAXX100204:1:94:14744:17482	2341
61DFRAAXX100204:1:94:4208:15903	2341
61DFRAAXX100204:1:95:15333:5911	2341
61DFRAAXX100204:1:95:17108:5277	2341
61DFRAAXX100204:2:103:6913:16559	2341
61DFRAAXX100204:2:110:1397:9667	2341
61DFRAAXX100204:2:113:9790:10496	2341
61DFRAAXX100204:2:117:9549:1326	2341
61DFRAAXX100204:2:11:13845:10805	2341
61DFRAAXX100204:2:13:10292:9186	2341
61DFRAAXX100204:2:16:11453:4090	2341
61DFRAAXX100204:2:18:10121:17866	2341
61DFRAAXX100204:2:20:16204:5649	3934
61DFRAAXX100204:2:22:19609:3106	3934
61DFRAAXX100204:2:23:3791:2478	2341
61DFRAAXX100204:2:23:4182:12029	2341
61DFRAAXX100204:2:24:8610:3640	2341
61DFRAAXX100204:2:27:6442:13436	2342
61DFRAAXX100204:2:28:2796:6222	2341
61DFRAAXX100204:2:2:10713:10435	2341
61DFRAAXX100204:2:33:14228:5751	2341
61DFRAAXX100204:2:34:12759:14071	2341
61DFRAAXX100204:2:36:19545:2906	2341
61DFRAAXX100204:2:36:19768:19367	2341
61DFRAAXX100204:2:37:19286:4827	3467
61DFRAAXX100204:2:39:19631:10100	2341
61DFRAAXX100204:2:3:11834:4994	2341
61DFRAAXX100204:2:42:12086:5968	2341
61DFRAAXX100204:2:48:7690:9234	2341
61DFRAAXX100204:2:48:8127:17968	3934
61DFRAAXX100204:2:49:15245:1363	2342
61DFRAAXX100204:2:57:12877:13143	2341
61DFRAAXX100204:2:57:13158:7407	2341
61DFRAAXX100204:2:5:18028:12130	2341
61DFRAAXX100204:2:60:10966:14168	2342
61DFRAAXX100204:2:62:1797:17348	2341
61DFRAAXX100204:2:63:13573:10380	2341
61DFRAAXX100204:2:63:13594:10382	2341
61DFRAAXX100204:2:66:13098:1573	2341
61DFRAAXX100204:2:66:14099:18547	2341
61DFRAAXX100204:2:67:13848:9610	2341
61DFRAAXX100204:2:71:9298:9309	2341
61DFRAAXX100204:2:73:15139:8914	2341
61DFRAAXX100204:2:79:8823:1163	1599
61DFRAAXX100204:2:7:12416:21344	2341
61DFRAAXX100204:2:81:2764:5259	2341
61DFRAAXX100204:2:88:1243:4332	2341
61DFRAAXX100204:2:8:13499:20840	2341
61DFRAAXX100204:2:94:13852:20968	2341
61DFRAAXX100204:2:94:4403:15300	2342
61DFRAAXX100204:2:94:9063:14792	2341
61DFRAAXX100204:2:96:15763:1114	3934
61DFRAAXX100204:2:98:17520:7772	2341
61DFRAAXX100204:2:99:18022:19255	3934
61DFRAAXX100204:2:9:12482:2229	2341
61DFRAAXX100204:1:102:19614:20223	3467
61DFRAAXX100204:1:104:16532:2145	2341
61DFRAAXX100204:1:105:7286:7122	1599
61DFRAAXX100204:1:118:3334:13244	3467
61DFRAAXX100204:1:20:4146:1304	4651
61DFRAAXX100204:1:34:9265:15479	3956,3934
61DFRAAXX100204:1:36:17650:14914	1599
61DFRAAXX100204:1:50:5291:15691	1599
61DFRAAXX100204:1:61:6601:2490	3934
61DFRAAXX100204:1:77:12314:18865	2342
61DFRAAXX100204:1:79:13936:21432	3934
61DFRAAXX100204:1:85:3776:14053	4651
61DFRAAXX100204:1:85:9482:19329	1599
61DFRAAXX100204:1:8:12664:15074	3467
61DFRAAXX100204:2:103:3415:6933	2341
61DFRAAXX100204:2:106:1524:17401	1599
61DFRAAXX100204:2:115:2440:20633	3934
61DFRAAXX100204:2:20:19560:20027	3467
61DFRAAXX100204:2:20:9573:9693	3934
61DFRAAXX100204:2:21:17589:8565	3467
61DFRAAXX100204:2:28:5948:5016	4651
61DFRAAXX100204:2:36:9538:18566	4651
61DFRAAXX100204:2:43:16056:5020	1599
61DFRAAXX100204:2:44:10426:14025	2341
61DFRAAXX100204:2:44:12015:17909	2341
61DFRAAXX100204:2:44:15068:17530	4651
61DFRAAXX100204:2:44:18570:6923	4651,1599
61DFRAAXX100204:2:44:4857:8818	3934,3467
61DFRAAXX100204:2:44:5117:9014	3934
61DFRAAXX100204:2:44:9167:9838	1599
61DFRAAXX100204:2:44:9240:20756	4651,1599
61DFRAAXX100204:2:44:9966:2015	2342
61DFRAAXX100204:2:45:10292:19835	3934,3467
61DFRAAXX100204:2:45:18445:16331	2341,4651
61DFRAAXX100204:2:72:19491:8191	3934
61DFRAAXX100204:2:77:12389:11736	1599,3956
61DFRAAXX100204:2:77:14696:3384	3934
61DFRAAXX100204:2:77:15952:2392	2341
61DFRAAXX100204:2:77:16071:12146	1599
61DFRAAXX100204:2:77:16185:9203	1599
61DFRAAXX100204:2:77:4149:8655	2341
61DFRAAXX100204:2:77:4516:7928	3934
61DFRAAXX100204:2:77:7503:19501	3934,2342
61DFRAAXX100204:2:77:9572:19876	1599,3956
61DFRAAXX100204:2:78:11407:6691	1599
61DFRAAXX100204:2:78:12809:2839	3934
61DFRAAXX100204:2:78:1825:7585	3467
61DFRAAXX100204:2:78:2666:1328	2341
61DFRAAXX100204:2:78:4138:1776	2341
61DFRAAXX100204:2:78:8569:6375	1599
61DFRAAXX100204:2:83:3343:1740	1599
61DFRAAXX100204:2:88:17688:18243	2342
61DFRAAXX100204:2:92:11970:15492	3934
61DFRAAXX100204:2:9:6743:4751	3467
61DFRAAXX100204:1:101:1677:15856	2341
61DFRAAXX100204:1:21:3293:20481	3934
61DFRAAXX100204:1:28:6903:1264	3467
61DFRAAXX100204:1:30:2755:16248	1599
61DFRAAXX100204:1:78:7362:10372	3467
61DFRAAXX100204:1:7:15832:16084	2341
61DFRAAXX100204:1:81:4672:4551	1599
61DFRAAXX100204:1:96:2058:11440	3467
61DFRAAXX100204:2:102:9237:3502	2341
61DFRAAXX100204:2:105:6783:18233	4651,1599
61DFRAAXX100204:2:115:3813:13760	3934
61DFRAAXX100204:2:27:11659:20963	3934
61DFRAAXX100204:2:55:3852:16206	2341,4651
61DFRAAXX100204:2:56:9650:9884	3934
61DFRAAXX100204:2:72:12036:20327	1599
61DFRAAXX100204:2:85:18074:1490	3934
61DFRAAXX100204:1:104:12575:21034	3934
61DFRAAXX100204:1:105:17538:2356	3934
61DFRAAXX100204:1:14:2386:3403	3934
61DFRAAXX100204:1:14:9283:7073	1599
61DFRAAXX100204:1:15:13006:13149	3934
61DFRAAXX100204:1:16:11714:16092	3934
61DFRAAXX100204:1:31:2396:4083	3934
61DFRAAXX100204:1:37:10191:19320	3934
61DFRAAXX100204:1:37:18784:6025	3934
61DFRAAXX100204:1:39:17111:11989	3934
61DFRAAXX100204:1:42:16170:6483	3934
61DFRAAXX100204:1:42:16915:14094	3934
61DFRAAXX100204:1:4:2726:12915	3934
61DFRAAXX100204:1:51:7272:20960	3934
61DFRAAXX100204:1:54:7819:4177	3934
61DFRAAXX100204:1:57:7025:19767	1599
61DFRAAXX100204:1:5:3877:9920	3934
61DFRAAXX100204:1:75:8083:5212	3934
61DFRAAXX100204:1:7:15400:3228	1599
61DFRAAXX100204:1:83:1434:3099	3934
61DFRAAXX100204:1:84:5644:17608	3934
61DFRAAXX100204:1:8:13803:6213	2341
61DFRAAXX100204:1:8:15736:6936	3934
61DFRAAXX100204:1:8:5137:21118	3934
61DFRAAXX100204:1:98:10818:2963	3934
61DFRAAXX100204:1:99:9084:19415	3934
61DFRAAXX100204:2:100:4562:8141	3934
61DFRAAXX100204:2:100:5502:4795	3934
61DFRAAXX100204:2:101:5685:16835	3934
61DFRAAXX100204:2:102:18080:4912	3934
61DFRAAXX100204:2:102:4649:2998	3467
61DFRAAXX100204:2:103:2707:17286	4651
61DFRAAXX100204:2:111:16789:4582	3934
61DFRAAXX100204:2:113:14108:9218	3934
61DFRAAXX100204:2:20:18007:6523	3934
61DFRAAXX100204:2:22:15370:10293	3934
61DFRAAXX100204:2:25:12821:9848	3934
61DFRAAXX100204:2:27:3614:20086	3934
61DFRAAXX100204:2:44:18954:11076	2341
61DFRAAXX100204:2:48:16702:21305	3934
61DFRAAXX100204:2:53:4060:20907	2342
61DFRAAXX100204:2:55:4550:16107	1599
61DFRAAXX100204:2:58:11724:15473	3467
61DFRAAXX100204:2:60:11468:8538	3934
61DFRAAXX100204:2:63:14776:20529	3467
61DFRAAXX100204:2:64:10313:7598	3934
61DFRAAXX100204:2:77:17888:19548	2341
61DFRAAXX100204:2:78:1220:19857	1599
61DFRAAXX100204:2:7:11007:3181	4651
61DFRAAXX100204:2:7:6003:6292	3934
61DFRAAXX100204:2:95:16392:15109	3934
61DFRAAXX100204:2:95:5886:6926	3467
61DFRAAXX100204:2:96:18573:2316	3934
61DFRAAXX100204:1:116:9350:12467	2341
61DFRAAXX100204:1:118:12818:15721	2341
61DFRAAXX100204:1:19:1819:8256	3467
61DFRAAXX100204:1:1:1129:20636	1599
61DFRAAXX100204:1:23:13847:2431	3934
61DFRAAXX100204:1:23:14992:4128	3934
61DFRAAXX100204:1:63:11805:7267	1599
61DFRAAXX100204:1:63:12891:7668	2341
61DFRAAXX100204:1:63:17293:10164	3467
61DFRAAXX100204:1:75:5108:6577	3467
61DFRAAXX100204:1:8:11197:6496	4651,1599
61DFRAAXX100204:2:103:8533:18033	2341
61DFRAAXX100204:2:108:8636:20316	2341
61DFRAAXX100204:2:116:16291:4418	3467
61DFRAAXX100204:2:30:7962:8179	2341
61DFRAAXX100204:2:36:9526:18540	4651
61DFRAAXX100204:2:42:4379:1114	1599
61DFRAAXX100204:2:48:6319:8999	3934
61DFRAAXX100204:2:90:7433:1208	5646
61DFRAAXX100204:2:93:6914:14552	2342
61DFRAAXX100204:2:95:13424:15303	3467
61DFRAAXX100204:1:119:1740:8836	3467
61DFRAAXX100204:1:17:16420:13476	3467
61DFRAAXX100204:1:25:14471:15081	1599
61DFRAAXX100204:1:4:11966:8150	4651
61DFRAAXX100204:1:52:15565:15405	1599
61DFRAAXX100204:1:53:1696:9975	2341
61DFRAAXX100204:1:59:19081:21165	1599
61DFRAAXX100204:1:87:18563:20250	2341
61DFRAAXX100204:1:92:16695:10748	3934
61DFRAAXX100204:2:102:4449:8631	2342
61DFRAAXX100204:2:110:5855:14023	2342
61DFRAAXX100204:2:118:18294:5976	2341
61DFRAAXX100204:2:19:2521:1833	3467
61DFRAAXX100204:2:43:2927:7127	1599
61DFRAAXX100204:2:98:17493:16247	2341
61DFRAAXX100204:1:113:1814:13120	3934
61DFRAAXX100204:1:11:11873:3132	4651,1599
61DFRAAXX100204:1:20:19789:20492	3467
61DFRAAXX100204:1:63:11753:3127	1599
61DFRAAXX100204:1:64:11038:12976	1599
61DFRAAXX100204:1:91:14363:17833	3467
61DFRAAXX100204:1:97:16118:5525	3934,3467
61DFRAAXX100204:2:110:14405:19998	3934,2342
61DFRAAXX100204:2:83:1776:16149	2341
61DFRAAXX100204:2:92:12352:15267	1599
61DFRAAXX100204:1:35:8717:5878	2342
61DFRAAXX100204:1:55:10064:1901	3467
61DFRAAXX100204:1:55:13152:18309	1599
61DFRAAXX100204:1:55:13620:5259	2341
61DFRAAXX100204:1:55:17078:19240	1599
61DFRAAXX100204:1:55:6717:7499	5758,1599
61DFRAAXX100204:1:55:7943:15742	3934
61DFRAAXX100204:1:56:10193:6931	2341
61DFRAAXX100204:1:56:14352:21029	2341,4651
61DFRAAXX100204:1:56:16228:13522	3934
61DFRAAXX100204:1:56:17392:13274	3934
61DFRAAXX100204:1:56:17582:6416	2341
61DFRAAXX100204:1:56:5132:15711	1599
61DFRAAXX100204:1:56:5246:19831	1599
61DFRAAXX100204:1:56:5261:2535	3934
61DFRAAXX100204:1:58:10660:2615	3934
61DFRAAXX100204:1:58:8726:10569	3934
61DFRAAXX100204:1:63:16858:5405	2341
61DFRAAXX100204:1:68:9586:6200	3934
61DFRAAXX100204:1:74:6666:12777	3467
61DFRAAXX100204:1:78:13635:13699	3934
61DFRAAXX100204:1:88:17013:15342	2341
61DFRAAXX100204:1:99:19461:19434	2341
61DFRAAXX100204:2:107:3367:7326	4651,1599
61DFRAAXX100204:2:110:10323:19812	3467
61DFRAAXX100204:2:57:11120:14787	1599
61DFRAAXX100204:2:63:4561:7944	2341
61DFRAAXX100204:2:89:19337:10123	2341
61DFRAAXX100204:2:8:18224:17426	1599
61DFRAAXX100204:2:9:6503:4361	2341
61DFRAAXX100204:1:11:2821:11079	2341
61DFRAAXX100204:1:25:2039:5040	3934
61DFRAAXX100204:1:43:14095:19060	2341
61DFRAAXX100204:1:43:7658:15787	3467
61DFRAAXX100204:1:55:17977:2624	1599
61DFRAAXX100204:1:55:5547:4515	3467
61DFRAAXX100204:1:60:6768:8260	2341
61DFRAAXX100204:1:75:19569:13282	4651
61DFRAAXX100204:2:32:18892:5847	2341
61DFRAAXX100204:2:52:3947:16028	3467
61DFRAAXX100204:2:66:16032:3138	2342
61DFRAAXX100204:2:72:8897:21069	3467
61DFRAAXX100204:2:76:11420:19230	3467
61DFRAAXX100204:2:84:7612:12378	3467
61DFRAAXX100204:2:85:18978:15321	2341
61DFRAAXX100204:1:103:16055:13287	3467
61DFRAAXX100204:1:104:14833:17447	2342
61DFRAAXX100204:1:108:11743:8124	2341
61DFRAAXX100204:1:114:11594:14361	3467
61DFRAAXX100204:1:114:18533:16135	2341
61DFRAAXX100204:1:117:18834:16470	2341
61DFRAAXX100204:1:17:6330:14537	2341
61DFRAAXX100204:1:24:16150:9066	3467
61DFRAAXX100204:1:32:15349:17400	2341
61DFRAAXX100204:1:49:4454:17446	2341
61DFRAAXX100204:1:51:10530:7483	4651
61DFRAAXX100204:1:56:14809:5329	2341
61DFRAAXX100204:1:58:4821:10011	5646
61DFRAAXX100204:1:66:8858:19594	2341
61DFRAAXX100204:1:70:12928:6484	2341
61DFRAAXX100204:1:70:17449:19936	2341
61DFRAAXX100204:1:74:7025:13070	2341
61DFRAAXX100204:1:77:9232:13158	2341
61DFRAAXX100204:1:78:15951:13181	3467
61DFRAAXX100204:1:81:17102:18981	2341
61DFRAAXX100204:1:81:5540:9662	2341
61DFRAAXX100204:1:89:5269:8820	2341
61DFRAAXX100204:2:114:3660:16834	2341
61DFRAAXX100204:2:12:16298:10813	2341
61DFRAAXX100204:2:24:12724:17900	2341
61DFRAAXX100204:2:31:11997:10154	2341
61DFRAAXX100204:2:39:8950:9265	2341
61DFRAAXX100204:2:44:11559:11264	1599
61DFRAAXX100204:2:58:19721:14369	2341
61DFRAAXX100204:2:7:4923:1978	2341
61DFRAAXX100204:2:82:7119:15446	2341
61DFRAAXX100204:2:97:18624:11387	2341
61DFRAAXX100204:2:99:10688:7814	2341
61DFRAAXX100204:1:22:4019:10842	2341
61DFRAAXX100204:1:44:8866:2735	2341
61DFRAAXX100204:1:61:17624:6561	1599
61DFRAAXX100204:1:80:2904:21037	3934
61DFRAAXX100204:1:86:18617:17842	2341
61DFRAAXX100204:1:86:5913:16718	2341
61DFRAAXX100204:2:119:5792:11217	1599
61DFRAAXX100204:2:31:3035:13189	3467
61DFRAAXX100204:2:32:10680:7105	3467
61DFRAAXX100204:2:44:3037:6778	1599
61DFRAAXX100204:2:5:6114:5833	1599
61DFRAAXX100204:2:73:18628:19060	1599
61DFRAAXX100204:2:80:12650:4293	3934,3467
61DFRAAXX100204:2:89:7977:12914	3467
61DFRAAXX100204:2:95:18965:18922	3934
61DFRAAXX100204:1:114:4123:8248	3467
61DFRAAXX100204:1:18:4203:12355	3934
61DFRAAXX100204:1:66:19781:9378	2342
61DFRAAXX100204:1:74:17451:19471	2341
61DFRAAXX100204:1:93:18792:15885	2341
61DFRAAXX100204:1:98:8112:16395	2341
61DFRAAXX100204:2:119:11504:7586	3934
61DFRAAXX100204:2:11:12397:6895	3467
61DFRAAXX100204:2:21:5065:11775	2342
61DFRAAXX100204:2:23:18958:11559	2341
61DFRAAXX100204:2:23:4840:20474	3467
61DFRAAXX100204:2:24:14225:2339	2341
61DFRAAXX100204:2:53:1657:8968	2341
61DFRAAXX100204:2:67:6951:5591	3467
61DFRAAXX100204:2:80:9816:10205	3956,3934
61DFRAAXX100204:1:100:3896:9831	3467
61DFRAAXX100204:1:54:15836:1107	1599,3956
61DFRAAXX100204:1:55:9428:10426	3934
61DFRAAXX100204:1:60:9892:13466	4651
61DFRAAXX100204:1:64:10337:15001	1599
61DFRAAXX100204:1:75:5817:14288	3934
61DFRAAXX100204:1:88:19200:2102	3467
61DFRAAXX100204:1:95:9253:15928	1599
61DFRAAXX100204:2:103:2279:11250	1599
61DFRAAXX100204:2:15:18633:18420	1599
61DFRAAXX100204:2:26:12653:14528	1599
61DFRAAXX100204:2:26:16242:3695	3467
61DFRAAXX100204:2:2:6635:12607	2341
61DFRAAXX100204:2:5:9665:16012	2342
61DFRAAXX100204:2:61:7399:4687	1599
61DFRAAXX100204:2:69:10863:2976	4651
61DFRAAXX100204:2:69:6863:9500	1599
61DFRAAXX100204:2:89:3779:19327	2341
61DFRAAXX100204:2:99:17560:1970	2341
61DFRAAXX100204:1:22:2709:7249	2341
61DFRAAXX100204:1:31:15862:6813	4651
61DFRAAXX100204:1:35:15794:2237	2341
61DFRAAXX100204:1:90:10765:13641	3467
61DFRAAXX100204:1:90:1135:17644	3467
61DFRAAXX100204:1:90:12441:4688	4651
61DFRAAXX100204:1:90:19412:12391	3934,3467
61DFRAAXX100204:1:90:4112:3272	4651
61DFRAAXX100204:1:90:4868:19875	2341
61DFRAAXX100204:1:90:5412:1200	3467
61DFRAAXX100204:1:90:6372:17655	3934
61DFRAAXX100204:1:90:6430:17065	2341
61DFRAAXX100204:1:9:13132:12406	3467
61DFRAAXX100204:2:26:12686:3440	3934
61DFRAAXX100204:2:46:14365:18511	3934
61DFRAAXX100204:2:72:17852:11533	3467
61DFRAAXX100204:1:106:15848:4270	2341
61DFRAAXX100204:1:108:11373:12086	3467
61DFRAAXX100204:1:111:7974:13395	2342
61DFRAAXX100204:1:12:5506:2673	3934
61DFRAAXX100204:1:20:8664:5498	1599
61DFRAAXX100204:1:38:9655:14623	2341,4651
61DFRAAXX100204:1:74:2095:4559	3934
61DFRAAXX100204:2:11:2424:2089	2341
61DFRAAXX100204:2:22:16489:7778	3934
61DFRAAXX100204:2:28:13987:20066	1599
61DFRAAXX100204:2:49:18577:5132	2342
61DFRAAXX100204:2:57:18857:13483	2342
61DFRAAXX100204:2:83:19036:5014	4651
61DFRAAXX100204:2:99:9972:16542	2341
61DFRAAXX100204:1:22:9553:11180	2341
61DFRAAXX100204:1:29:19647:20688	3467
61DFRAAXX100204:1:36:10127:17364	3956,3934
61DFRAAXX100204:2:113:18459:12679	2341
61DFRAAXX100204:2:118:10266:10015	3934
61DFRAAXX100204:2:2:8775:3163	3467
61DFRAAXX100204:2:43:15634:10207	4651
61DFRAAXX100204:2:49:12883:3535	2341
61DFRAAXX100204:2:66:3477:2914	3934
61DFRAAXX100204:2:6:16285:10620	3934
61DFRAAXX100204:2:87:18970:16692	3467
61DFRAAXX100204:1:103:18557:15240	2341
61DFRAAXX100204:1:104:15305:5028	1599
61DFRAAXX100204:1:29:5350:3292	3467
61DFRAAXX100204:1:72:3413:9986	1599
61DFRAAXX100204:1:85:4642:13900	1599
61DFRAAXX100204:2:117:16661:15174	3467
61DFRAAXX100204:2:119:10939:7437	3467
61DFRAAXX100204:2:119:7490:10576	1599
61DFRAAXX100204:2:48:8093:5812	3467
61DFRAAXX100204:2:64:18849:18349	3467
61DFRAAXX100204:2:6:12382:17208	2342
61DFRAAXX100204:2:76:8938:3265	1599
61DFRAAXX100204:2:7:14268:5647	3956,3934
61DFRAAXX100204:2:81:8447:11331	3467
61DFRAAXX100204:2:86:19010:5843	3934
61DFRAAXX100204:2:8:6689:16583	3467
61DFRAAXX100204:1:116:11614:10696	3934
61DFRAAXX100204:1:55:7582:21388	3467
61DFRAAXX100204:1:81:9717:9098	3934,3467
61DFRAAXX100204:2:102:7071:7591	3467
61DFRAAXX100204:2:41:11752:8006	5758,1599
61DFRAAXX100204:2:48:5388:18025	3467
61DFRAAXX100204:2:60:18642:7186	3467
61DFRAAXX100204:2:69:1633:14982	3467
61DFRAAXX100204:2:8:18199:16910	4651
61DFRAAXX100204:1:113:1796:18244	2341
61DFRAAXX100204:1:118:16320:10697	3467
61DFRAAXX100204:1:11:5512:5749	1599
61DFRAAXX100204:1:26:15306:6876	2341
61DFRAAXX100204:1:56:19671:20011	2341
61DFRAAXX100204:1:70:11498:15057	2342
61DFRAAXX100204:1:75:15681:1859	3934
61DFRAAXX100204:2:112:7740:14622	3467
61DFRAAXX100204:2:20:14092:21131	2341
61DFRAAXX100204:2:21:3903:3982	3467
61DFRAAXX100204:2:2:11468:17432	3467
61DFRAAXX100204:2:63:14241:19827	3467
61DFRAAXX100204:2:72:11886:9079	3467
61DFRAAXX100204:2:7:13466:18197	2341
61DFRAAXX100204:2:81:2360:10607	3934
61DFRAAXX100204:2:90:15181:4219	2341,4651
61DFRAAXX100204:2:97:15432:6957	1599
61DFRAAXX100204:1:40:4159:3582	2342
61DFRAAXX100204:1:8:4707:13528	2341
61DFRAAXX100204:2:104:3262:18354	3934
61DFRAAXX100204:2:106:2237:9983	3467
61DFRAAXX100204:2:17:10970:7744	2342
61DFRAAXX100204:2:18:8329:11347	3467
61DFRAAXX100204:2:37:10051:13664	2342
61DFRAAXX100204:2:95:10714:20598	2341
61DFRAAXX100204:1:109:7209:8534	3934
61DFRAAXX100204:1:10:15785:13039	1599
61DFRAAXX100204:1:113:14027:9775	3467
61DFRAAXX100204:1:16:12818:14824	4651
61DFRAAXX100204:1:31:11587:3982	2341
61DFRAAXX100204:1:70:6266:10244	3934
61DFRAAXX100204:1:75:15703:2257	3934
61DFRAAXX100204:1:91:17115:19937	3467
61DFRAAXX100204:1:98:19695:4097	3934
61DFRAAXX100204:2:102:12380:20712	3467
61DFRAAXX100204:2:106:9685:12859	2341
61DFRAAXX100204:2:109:3664:4021	1599
61DFRAAXX100204:2:110:15752:11544	2341
61DFRAAXX100204:2:114:16926:19223	2341
61DFRAAXX100204:2:114:16935:19241	2341
61DFRAAXX100204:2:120:13495:2213	3467
61DFRAAXX100204:2:14:16001:7159	5646
61DFRAAXX100204:2:21:10929:12995	1599
61DFRAAXX100204:2:36:7574:17204	3467
61DFRAAXX100204:2:51:19459:3886	1599
61DFRAAXX100204:2:84:15086:15623	3467
61DFRAAXX100204:2:84:16296:12290	2341
61DFRAAXX100204:1:62:17394:9215	4651
61DFRAAXX100204:1:62:19012:16368	3934
61DFRAAXX100204:1:62:2354:20529	4651
61DFRAAXX100204:1:62:5561:3544	1599
61DFRAAXX100204:1:62:9724:16150	3934
61DFRAAXX100204:1:79:12947:11580	1599
61DFRAAXX100204:2:32:7791:1604	1599
61DFRAAXX100204:2:47:4826:14774	1599
61DFRAAXX100204:2:51:15430:4637	2341
61DFRAAXX100204:2:72:8719:19382	4651,1599
61DFRAAXX100204:2:86:1866:11111	3467
61DFRAAXX100204:1:109:7117:7577	2342
61DFRAAXX100204:1:120:12536:14510	3934
61DFRAAXX100204:1:18:7089:11997	4651
61DFRAAXX100204:1:1:9731:4148	3467
61DFRAAXX100204:1:23:15719:20492	3467
61DFRAAXX100204:1:50:2781:12040	1599
61DFRAAXX100204:1:6:7898:1652	3467
61DFRAAXX100204:2:10:14055:10197	2342
61DFRAAXX100204:2:38:15834:5757	3467
61DFRAAXX100204:2:66:15633:9332	1599
61DFRAAXX100204:2:85:14853:16953	2342
61DFRAAXX100204:2:88:3928:3999	2341
61DFRAAXX100204:2:94:9219:19216	2341
61DFRAAXX100204:1:100:10568:8029	1599
61DFRAAXX100204:1:100:3896:9831	3934
61DFRAAXX100204:1:100:5964:16628	3934
61DFRAAXX100204:1:100:6521:15942	1599
61DFRAAXX100204:1:100:7736:7669	2341
61DFRAAXX100204:1:103:10841:7810	1599
61DFRAAXX100204:1:103:10950:5359	2341
61DFRAAXX100204:1:103:11716:5132	1599
61DFRAAXX100204:1:103:16055:13287	3467
61DFRAAXX100204:1:103:2240:19104	3934
61DFRAAXX100204:1:103:7270:1947	2341
61DFRAAXX100204:1:104:12575:21034	3934
61DFRAAXX100204:1:104:12980:14237	2341
61DFRAAXX100204:1:104:14833:17447	3934
61DFRAAXX100204:1:104:15305:5028	1599
61DFRAAXX100204:1:104:16580:7032	2341
61DFRAAXX100204:1:104:18292:1295	2341
61DFRAAXX100204:1:104:5675:14591	1599
61DFRAAXX100204:1:105:12873:15761	1599
61DFRAAXX100204:1:105:13128:3766	1599
61DFRAAXX100204:1:105:1320:14232	1599
61DFRAAXX100204:1:105:13438:5281	1599,3956,3934
61DFRAAXX100204:1:105:14917:13241	2341
61DFRAAXX100204:1:105:17538:2356	3934
61DFRAAXX100204:1:105:2856:17687	1599
61DFRAAXX100204:1:106:10565:12855	4651,1599
61DFRAAXX100204:1:106:10760:12591	1599
61DFRAAXX100204:1:106:15116:4405	3467
61DFRAAXX100204:1:106:15848:4270	2341
61DFRAAXX100204:1:106:16382:14466	1599
61DFRAAXX100204:1:106:18443:2683	1599
61DFRAAXX100204:1:106:3466:6056	1599
61DFRAAXX100204:1:106:4198:3457	3934
61DFRAAXX100204:1:106:5136:13865	1599
61DFRAAXX100204:1:106:5641:8028	4651,1599
61DFRAAXX100204:1:106:9830:6414	1599
61DFRAAXX100204:1:108:11373:12086	3934,3467
61DFRAAXX100204:1:108:14377:5385	4651
61DFRAAXX100204:1:108:14389:5405	4651
61DFRAAXX100204:1:108:15590:1811	2341
61DFRAAXX100204:1:108:17264:6451	1599
61DFRAAXX100204:1:108:18275:11773	1599
61DFRAAXX100204:1:108:3696:11967	2341,4651
61DFRAAXX100204:1:108:7439:11445	3934
61DFRAAXX100204:1:109:14590:2705	1599
61DFRAAXX100204:1:109:16995:19998	1599
61DFRAAXX100204:1:109:19428:9613	2341
61DFRAAXX100204:1:109:3858:15745	1599
61DFRAAXX100204:1:109:5270:8115	4651
61DFRAAXX100204:1:109:5368:1199	3934
61DFRAAXX100204:1:109:6046:12616	2341
61DFRAAXX100204:1:109:7479:20450	1599,3956,3934
61DFRAAXX100204:1:109:8111:5771	2341
61DFRAAXX100204:1:109:8825:10825	2341,4651
61DFRAAXX100204:1:10:12529:10134	4651
61DFRAAXX100204:1:10:15785:13039	1599
61DFRAAXX100204:1:10:19574:4662	2341
61DFRAAXX100204:1:10:3302:6953	2341
61DFRAAXX100204:1:10:4419:7089	4651
61DFRAAXX100204:1:10:6783:21111	1599
61DFRAAXX100204:1:110:12582:16773	3934
61DFRAAXX100204:1:110:14559:14157	1599
61DFRAAXX100204:1:110:15057:1586	3934
61DFRAAXX100204:1:110:17634:18055	3934
61DFRAAXX100204:1:110:19725:8493	3934
61DFRAAXX100204:1:111:12978:10272	2341
61DFRAAXX100204:1:111:1496:19746	1599
61DFRAAXX100204:1:111:17971:6941	3467
61DFRAAXX100204:1:111:2670:18376	1599
61DFRAAXX100204:1:111:3091:16327	2341
61DFRAAXX100204:1:111:4390:5640	2341
61DFRAAXX100204:1:111:6992:18145	1599
61DFRAAXX100204:1:112:12893:11962	1599
61DFRAAXX100204:1:112:17204:12120	3934,3467
61DFRAAXX100204:1:112:17321:3911	4651,1599
61DFRAAXX100204:1:112:2178:18936	1599
61DFRAAXX100204:1:112:3556:4265	4651
61DFRAAXX100204:1:112:4041:9371	1599
61DFRAAXX100204:1:112:6163:17850	1599,3956,3934
61DFRAAXX100204:1:112:9483:16234	2341
61DFRAAXX100204:1:113:1046:3404	2341
61DFRAAXX100204:1:113:11915:16851	2341
61DFRAAXX100204:1:113:15806:7572	4651
61DFRAAXX100204:1:113:17223:20855	1599
61DFRAAXX100204:1:113:1796:18244	2341
61DFRAAXX100204:1:113:19284:10730	3934
61DFRAAXX100204:1:113:4221:17093	1599
61DFRAAXX100204:1:113:4454:18831	2341
61DFRAAXX100204:1:113:5474:16323	1599
61DFRAAXX100204:1:113:7261:4683	1599
61DFRAAXX100204:1:113:8844:12117	1599
61DFRAAXX100204:1:114:11594:14361	3934,3467
61DFRAAXX100204:1:114:17034:12977	3467
61DFRAAXX100204:1:114:18112:2211	1599
61DFRAAXX100204:1:114:4123:8248	3934
61DFRAAXX100204:1:114:7274:17511	3934
61DFRAAXX100204:1:115:11100:12431	2341
61DFRAAXX100204:1:115:12062:4885	1599
61DFRAAXX100204:1:115:19687:14106	1599
61DFRAAXX100204:1:115:2584:1882	3934
61DFRAAXX100204:1:115:3329:17934	2341
61DFRAAXX100204:1:115:4501:10087	3934,3467
61DFRAAXX100204:1:115:8793:14866	1599
61DFRAAXX100204:1:116:11614:10696	1599
61DFRAAXX100204:1:116:14204:11131	1599
61DFRAAXX100204:1:116:16158:17823	4651,1599
61DFRAAXX100204:1:116:18126:19497	2341,4651
61DFRAAXX100204:1:116:19779:8844	1599
61DFRAAXX100204:1:116:3709:3202	3934
61DFRAAXX100204:1:116:3765:6750	1599
61DFRAAXX100204:1:116:4006:19516	2341
61DFRAAXX100204:1:116:7610:13847	3467
61DFRAAXX100204:1:117:12052:7307	1599
61DFRAAXX100204:1:117:13293:6179	2341
61DFRAAXX100204:1:117:2609:13178	2341
61DFRAAXX100204:1:117:8575:15830	2341
61DFRAAXX100204:1:118:10944:3105	1599
61DFRAAXX100204:1:118:11592:6060	2341
61DFRAAXX100204:1:118:12908:5657	3934
61DFRAAXX100204:1:118:5604:13671	2341
61DFRAAXX100204:1:118:7837:15823	2341
61DFRAAXX100204:1:119:10280:3847	2341
61DFRAAXX100204:1:119:11142:10412	2341
61DFRAAXX100204:1:119:15069:21225	2341
61DFRAAXX100204:1:119:16423:15170	1599
61DFRAAXX100204:1:119:1740:8836	3934,3467
61DFRAAXX100204:1:119:3138:11363	1599
61DFRAAXX100204:1:119:5965:5652	1599
61DFRAAXX100204:1:11:11851:3130	2341
61DFRAAXX100204:1:11:12913:5566	2341
61DFRAAXX100204:1:11:4897:18737	3934
61DFRAAXX100204:1:11:7412:20594	1599
61DFRAAXX100204:1:120:10846:16521	1599
61DFRAAXX100204:1:120:11738:10712	4651
61DFRAAXX100204:1:120:14806:19462	1599
61DFRAAXX100204:1:120:9493:16834	1599
61DFRAAXX100204:1:12:15202:18990	2341
61DFRAAXX100204:1:12:2232:6547	3934
61DFRAAXX100204:1:12:3134:3481	3934
61DFRAAXX100204:1:12:4832:18940	3956,3934
61DFRAAXX100204:1:12:5506:2673	3934
61DFRAAXX100204:1:12:7255:13576	1599,3956,3934
61DFRAAXX100204:1:13:11433:20044	1599
61DFRAAXX100204:1:13:19793:20580	2341
61DFRAAXX100204:1:13:6121:5271	1599
61DFRAAXX100204:1:14:18233:3260	2341
61DFRAAXX100204:1:14:18495:16459	2341
61DFRAAXX100204:1:14:19290:19405	2341,4651
61DFRAAXX100204:1:14:2386:3403	3934
61DFRAAXX100204:1:14:8788:13362	1599
61DFRAAXX100204:1:15:10342:3060	2341
61DFRAAXX100204:1:15:13408:10982	1599,3956
61DFRAAXX100204:1:15:19131:4406	1599
61DFRAAXX100204:1:15:2113:8167	4651
61DFRAAXX100204:1:15:3818:8573	2341,4651
61DFRAAXX100204:1:15:8057:14465	3934
61DFRAAXX100204:1:15:9128:3351	2341
61DFRAAXX100204:1:16:11714:16092	1599,3956
61DFRAAXX100204:1:16:4991:2665	1599
61DFRAAXX100204:1:16:5224:9765	2341
61DFRAAXX100204:1:16:8647:4916	2341
61DFRAAXX100204:1:17:12808:14442	2341
61DFRAAXX100204:1:17:14917:19350	3467
61DFRAAXX100204:1:17:15392:8543	1599
61DFRAAXX100204:1:17:15786:1291	4651
61DFRAAXX100204:1:17:19735:10430	1599
61DFRAAXX100204:1:17:5625:1547	3467
61DFRAAXX100204:1:17:8980:4725	1599
61DFRAAXX100204:1:18:12465:17422	2341
61DFRAAXX100204:1:18:12986:14267	3934
61DFRAAXX100204:1:18:13572:5502	1599,3956,3934
61DFRAAXX100204:1:18:14038:17209	3934
61DFRAAXX100204:1:18:15578:14133	1599
61DFRAAXX100204:1:18:16042:20979	1599
61DFRAAXX100204:1:18:4203:12355	1599
61DFRAAXX100204:1:18:5327:2445	1599
61DFRAAXX100204:1:18:7548:7925	2341
61DFRAAXX100204:1:1:10108:19477	1599
61DFRAAXX100204:1:1:10157:16571	2341
61DFRAAXX100204:1:1:13089:9929	1599
61DFRAAXX100204:1:1:14405:17093	2341
61DFRAAXX100204:1:1:14604:2450	1599,3956,3934
61DFRAAXX100204:1:1:2549:11435	1599
61DFRAAXX100204:1:1:3104:6293	2341
61DFRAAXX100204:1:20:11062:20427	1599
61DFRAAXX100204:1:20:11910:21043	2341
61DFRAAXX100204:1:20:12799:18315	1599
61DFRAAXX100204:1:20:19293:7938	1599
61DFRAAXX100204:1:20:19522:20581	2341
61DFRAAXX100204:1:21:13817:8708	1599
61DFRAAXX100204:1:21:3293:20481	3934
61DFRAAXX100204:1:21:7887:4912	2341
61DFRAAXX100204:1:21:9232:18669	1599
61DFRAAXX100204:1:22:10049:17623	1599
61DFRAAXX100204:1:22:11282:8003	2341
61DFRAAXX100204:1:22:2709:7249	2341
61DFRAAXX100204:1:23:11519:12213	3934
61DFRAAXX100204:1:23:11939:12077	4651
61DFRAAXX100204:1:23:12342:17864	1599
61DFRAAXX100204:1:23:13847:2431	3934
61DFRAAXX100204:1:23:14992:4128	1599
61DFRAAXX100204:1:23:15096:12424	1599
61DFRAAXX100204:1:23:15719:20492	3934,3467
61DFRAAXX100204:1:23:6270:7348	1599
61DFRAAXX100204:1:24:16083:4169	3934
61DFRAAXX100204:1:24:16129:9785	1599
61DFRAAXX100204:1:24:18524:18883	1599
61DFRAAXX100204:1:24:5370:3478	4651
61DFRAAXX100204:1:25:10233:20252	2341,4651
61DFRAAXX100204:1:25:14471:15081	4651
61DFRAAXX100204:1:25:15892:2185	1599
61DFRAAXX100204:1:25:19230:17883	1599,3956,3934
61DFRAAXX100204:1:25:3177:2775	2341
61DFRAAXX100204:1:25:4969:1829	2341
61DFRAAXX100204:1:25:7903:2560	1599
61DFRAAXX100204:1:25:8850:17722	2341,4651
61DFRAAXX100204:1:26:12105:4783	3934
61DFRAAXX100204:1:26:18444:15815	1599,5646
61DFRAAXX100204:1:26:19616:3146	2341
61DFRAAXX100204:1:26:19629:19693	2341
61DFRAAXX100204:1:26:19760:16627	3934
61DFRAAXX100204:1:26:6527:11361	2341
61DFRAAXX100204:1:26:8651:2694	3956,3934
61DFRAAXX100204:1:27:10618:7193	2341
61DFRAAXX100204:1:27:10821:16475	1599
61DFRAAXX100204:1:27:18398:7053	2341
61DFRAAXX100204:1:27:3023:3433	1599
61DFRAAXX100204:1:27:8440:13122	1599
61DFRAAXX100204:1:27:9981:7067	3934
61DFRAAXX100204:1:28:11561:12697	3467
61DFRAAXX100204:1:28:11961:1905	3934,3467
61DFRAAXX100204:1:28:15896:3460	2341
61DFRAAXX100204:1:28:16205:2638	1599
61DFRAAXX100204:1:29:12255:3019	1599
61DFRAAXX100204:1:29:12985:20357	2341
61DFRAAXX100204:1:29:14284:9168	1599
61DFRAAXX100204:1:29:17732:4486	1599
61DFRAAXX100204:1:29:19647:20688	3467
61DFRAAXX100204:1:29:5350:3292	3934
61DFRAAXX100204:1:29:7329:18233	1599
61DFRAAXX100204:1:29:9800:10806	2341
61DFRAAXX100204:1:2:16343:14079	1599
61DFRAAXX100204:1:2:6348:21229	3934
61DFRAAXX100204:1:2:6891:3562	3934,2342
61DFRAAXX100204:1:2:7030:12411	3934
61DFRAAXX100204:1:2:7230:6340	4651
61DFRAAXX100204:1:30:12106:15038	2341
61DFRAAXX100204:1:30:3084:2844	1599
61DFRAAXX100204:1:31:11587:3982	2341
61DFRAAXX100204:1:31:13033:17944	1599
61DFRAAXX100204:1:31:14170:11348	1599,3956,3934
61DFRAAXX100204:1:31:15862:6813	2341
61DFRAAXX100204:1:31:17516:15166	3934
61DFRAAXX100204:1:31:19806:17285	3467
61DFRAAXX100204:1:33:11716:6236	1599,5646
61DFRAAXX100204:1:33:5072:2785	1599
61DFRAAXX100204:1:33:7780:8317	3934
61DFRAAXX100204:1:34:14888:21280	3467
61DFRAAXX100204:1:34:6001:7659	1599
61DFRAAXX100204:1:35:2690:7853	1599
61DFRAAXX100204:1:35:3354:16697	1599
61DFRAAXX100204:1:35:7145:12719	3934,2342
61DFRAAXX100204:1:36:10127:17364	1599
61DFRAAXX100204:1:36:10605:3436	1599
61DFRAAXX100204:1:36:17357:12942	3934
61DFRAAXX100204:1:36:17650:14914	4651
61DFRAAXX100204:1:36:19084:20762	1599
61DFRAAXX100204:1:37:10191:19320	1599,5646
61DFRAAXX100204:1:37:14761:11581	2341
61DFRAAXX100204:1:37:15336:18853	4651
61DFRAAXX100204:1:37:17641:10216	2341
61DFRAAXX100204:1:37:19071:14464	1599
61DFRAAXX100204:1:37:2634:4058	1599
61DFRAAXX100204:1:37:4203:1269	1599
61DFRAAXX100204:1:37:5973:16110	3934
61DFRAAXX100204:1:38:11475:7262	4651
61DFRAAXX100204:1:38:13536:12513	2341
61DFRAAXX100204:1:38:17240:3567	3934,3467
61DFRAAXX100204:1:38:18712:3088	4651
61DFRAAXX100204:1:38:4668:7595	2341
61DFRAAXX100204:1:38:5711:7279	2341
61DFRAAXX100204:1:38:9655:14623	2341
61DFRAAXX100204:1:39:17111:11989	3934
61DFRAAXX100204:1:39:6509:12443	1599
61DFRAAXX100204:1:3:10261:7421	1599
61DFRAAXX100204:1:3:11707:4906	1599
61DFRAAXX100204:1:3:14031:3259	2341
61DFRAAXX100204:1:3:16179:8259	4651,1599
61DFRAAXX100204:1:3:5286:20488	4651
61DFRAAXX100204:1:3:7613:4874	2341
61DFRAAXX100204:1:40:11916:6663	2341
61DFRAAXX100204:1:40:14287:17362	2341
61DFRAAXX100204:1:40:15863:20798	1599
61DFRAAXX100204:1:40:4033:20859	1599
61DFRAAXX100204:1:40:4379:6630	1599
61DFRAAXX100204:1:41:13682:18037	3934
61DFRAAXX100204:1:41:16260:6057	3934
61DFRAAXX100204:1:41:17703:4127	1599
61DFRAAXX100204:1:42:12905:13039	4651
61DFRAAXX100204:1:43:12100:16829	1599
61DFRAAXX100204:1:43:15225:16890	2341
61DFRAAXX100204:1:43:4487:6034	1599
61DFRAAXX100204:1:43:4799:7178	2341
61DFRAAXX100204:1:43:7658:15787	3467
61DFRAAXX100204:1:44:18988:4438	1599
61DFRAAXX100204:1:44:9830:19062	2341
61DFRAAXX100204:1:45:17245:7690	2341
61DFRAAXX100204:1:45:19613:3779	3934
61DFRAAXX100204:1:47:16381:1461	1599
61DFRAAXX100204:1:47:7404:5361	3934
61DFRAAXX100204:1:48:14993:7250	1599
61DFRAAXX100204:1:48:15064:2123	2341,4651
61DFRAAXX100204:1:48:19566:16580	2341
61DFRAAXX100204:1:48:3242:6434	1599
61DFRAAXX100204:1:48:4386:5977	1599,3956
61DFRAAXX100204:1:48:4925:5180	1599
61DFRAAXX100204:1:48:9911:4289	3934
61DFRAAXX100204:1:49:16402:6606	4651,1599
61DFRAAXX100204:1:4:17373:18101	3934
61DFRAAXX100204:1:4:2726:12915	3934
61DFRAAXX100204:1:50:4899:1812	1599
61DFRAAXX100204:1:52:15036:5462	3934
61DFRAAXX100204:1:52:16691:13372	1599
61DFRAAXX100204:1:52:17570:6621	1599
61DFRAAXX100204:1:53:12396:2003	1599
61DFRAAXX100204:1:53:3617:5675	1599
61DFRAAXX100204:1:53:3851:2355	2341,4651
61DFRAAXX100204:1:53:8406:10070	3467
61DFRAAXX100204:1:55:6717:7499	2341
61DFRAAXX100204:1:57:16084:13805	2341
61DFRAAXX100204:1:57:19323:15933	1599
61DFRAAXX100204:1:58:14908:13197	1599
61DFRAAXX100204:1:58:17141:1357	1599
61DFRAAXX100204:1:58:4430:13453	1599
61DFRAAXX100204:1:58:5905:12014	1599
61DFRAAXX100204:1:58:8726:10569	1599
61DFRAAXX100204:1:59:14907:8306	2341
61DFRAAXX100204:1:59:17123:17968	2341,4651
61DFRAAXX100204:1:59:18099:7683	1599,5646
61DFRAAXX100204:1:5:4929:2218	1599
61DFRAAXX100204:1:5:9176:9298	2341
61DFRAAXX100204:1:60:13007:21243	3956,3934
61DFRAAXX100204:1:60:6800:15967	2341
61DFRAAXX100204:1:62:17394:9215	2341
61DFRAAXX100204:1:63:13051:9401	3934
61DFRAAXX100204:1:63:17293:10164	3934
61DFRAAXX100204:1:63:18069:10038	3467
61DFRAAXX100204:1:64:13033:18695	4651
61DFRAAXX100204:1:64:8737:9877	1599
61DFRAAXX100204:1:65:14069:2601	4651
61DFRAAXX100204:1:65:17637:6432	4651,1599
61DFRAAXX100204:1:65:4685:10725	3467
61DFRAAXX100204:1:66:15633:16957	4651,1599
61DFRAAXX100204:1:66:4742:14672	1599,3956,3934
61DFRAAXX100204:1:67:10932:14113	3934
61DFRAAXX100204:1:67:11562:18044	2341
61DFRAAXX100204:1:67:15738:20219	1599
61DFRAAXX100204:1:68:11868:17365	3934
61DFRAAXX100204:1:68:13596:7680	2341
61DFRAAXX100204:1:68:3594:11112	1599,3956
61DFRAAXX100204:1:68:4164:15031	1599
61DFRAAXX100204:1:68:9586:6200	1599,3956
61DFRAAXX100204:1:69:17483:9305	2341
61DFRAAXX100204:1:69:18647:15403	1599
61DFRAAXX100204:1:69:3354:7337	4651,1599
61DFRAAXX100204:1:69:8620:2932	3467
61DFRAAXX100204:1:69:8695:11299	2341
61DFRAAXX100204:1:6:12637:21355	3934
61DFRAAXX100204:1:6:15342:6705	1599
61DFRAAXX100204:1:6:16424:16759	1599
61DFRAAXX100204:1:6:3227:9570	1599
61DFRAAXX100204:1:6:6203:11351	1599
61DFRAAXX100204:1:6:7898:1652	3467
61DFRAAXX100204:1:70:11498:15057	3934,2342
61DFRAAXX100204:1:70:1240:13584	1599
61DFRAAXX100204:1:70:14125:4700	3934
61DFRAAXX100204:1:70:17357:3337	2341
61DFRAAXX100204:1:70:17761:19968	3934
61DFRAAXX100204:1:70:4186:5856	2341,4651
61DFRAAXX100204:1:70:6010:15148	2341
61DFRAAXX100204:1:70:6266:10244	1599
61DFRAAXX100204:1:73:2421:13528	3934
61DFRAAXX100204:1:73:6511:15158	2341
61DFRAAXX100204:1:74:15028:15735	1599
61DFRAAXX100204:1:74:15313:19661	1599
61DFRAAXX100204:1:74:2095:4559	3934
61DFRAAXX100204:1:74:6666:12777	3934
61DFRAAXX100204:1:74:8216:16775	3467
61DFRAAXX100204:1:75:12890:4754	1599
61DFRAAXX100204:1:75:15130:13756	3934
61DFRAAXX100204:1:75:16400:7147	1599
61DFRAAXX100204:1:75:19569:13282	2341,4651
61DFRAAXX100204:1:75:5817:14288	3934
61DFRAAXX100204:1:75:9809:14228	2341
61DFRAAXX100204:1:76:11489:3379	1599
61DFRAAXX100204:1:76:11905:1781	1599
61DFRAAXX100204:1:76:14840:16696	2341
61DFRAAXX100204:1:76:16135:21005	2341
61DFRAAXX100204:1:76:18794:13759	2341
61DFRAAXX100204:1:76:4694:3714	2341
61DFRAAXX100204:1:76:9240:14886	3934
61DFRAAXX100204:1:77:12645:2596	2341
61DFRAAXX100204:1:77:17537:12808	3934
61DFRAAXX100204:1:77:8663:9418	5646,3934
61DFRAAXX100204:1:77:8680:9432	5646,3934
61DFRAAXX100204:1:78:15448:1913	1599
61DFRAAXX100204:1:78:4101:20208	2341
61DFRAAXX100204:1:78:9862:14298	3934
61DFRAAXX100204:1:79:13751:5891	2341
61DFRAAXX100204:1:79:6759:11413	1599
61DFRAAXX100204:1:7:10628:8304	1599
61DFRAAXX100204:1:7:15400:3228	1599
61DFRAAXX100204:1:7:18107:4160	1599
61DFRAAXX100204:1:7:18137:14827	1599
61DFRAAXX100204:1:7:7575:10659	1599
61DFRAAXX100204:1:7:9151:20378	2342
61DFRAAXX100204:1:80:10177:17911	4651,1599
61DFRAAXX100204:1:80:10702:16284	1599
61DFRAAXX100204:1:80:16684:8694	4651,1599
61DFRAAXX100204:1:80:18808:20043	2341
61DFRAAXX100204:1:80:2503:8472	3467
61DFRAAXX100204:1:80:4881:12527	3934,3467
61DFRAAXX100204:1:80:5491:16820	2341
61DFRAAXX100204:1:81:18339:9490	2341
61DFRAAXX100204:1:81:4181:14637	3934,2342
61DFRAAXX100204:1:81:4286:11442	4651
61DFRAAXX100204:1:81:7623:9201	2341
61DFRAAXX100204:1:81:8704:10326	3934
61DFRAAXX100204:1:81:9094:8088	2341
61DFRAAXX100204:1:82:16457:9511	3934
61DFRAAXX100204:1:82:17801:3866	1599
61DFRAAXX100204:1:82:5743:14556	1599
61DFRAAXX100204:1:83:12808:1117	4651,1599
61DFRAAXX100204:1:83:1434:3099	3934
61DFRAAXX100204:1:83:15532:2075	3934
61DFRAAXX100204:1:83:6178:20831	3934
61DFRAAXX100204:1:83:7442:3473	3934
61DFRAAXX100204:1:84:13022:12211	1599
61DFRAAXX100204:1:84:13063:11095	2341,4651
61DFRAAXX100204:1:84:13272:2072	1599
61DFRAAXX100204:1:84:1575:5411	4651,1599
61DFRAAXX100204:1:84:17381:19463	3934
61DFRAAXX100204:1:84:19412:8656	3934
61DFRAAXX100204:1:84:2046:3699	1599
61DFRAAXX100204:1:84:5644:17608	3934
61DFRAAXX100204:1:84:9253:20445	1599
61DFRAAXX100204:1:85:10347:11889	2341
61DFRAAXX100204:1:85:12592:4274	1599
61DFRAAXX100204:1:85:16079:6792	2341
61DFRAAXX100204:1:85:19175:7537	3934,2342
61DFRAAXX100204:1:85:4642:13900	4651
61DFRAAXX100204:1:85:4759:9380	2341
61DFRAAXX100204:1:85:9482:19329	4651
61DFRAAXX100204:1:85:9582:18971	1599
61DFRAAXX100204:1:86:10142:11689	4651
61DFRAAXX100204:1:86:10763:10754	2341
61DFRAAXX100204:1:86:15043:4782	1599
61DFRAAXX100204:1:86:15379:8949	3934,3467
61DFRAAXX100204:1:86:17685:16508	1599
61DFRAAXX100204:1:86:3138:7064	2341
61DFRAAXX100204:1:86:4368:15324	1599
61DFRAAXX100204:1:86:4683:11550	1599
61DFRAAXX100204:1:87:10455:6344	4651,1599
61DFRAAXX100204:1:87:11245:16259	1599
61DFRAAXX100204:1:87:15404:17812	2341
61DFRAAXX100204:1:87:6207:1766	2341
61DFRAAXX100204:1:88:14799:8764	3934
61DFRAAXX100204:1:88:18159:12360	1599
61DFRAAXX100204:1:88:19029:12828	3934
61DFRAAXX100204:1:88:19056:16122	4651,1599
61DFRAAXX100204:1:88:19200:2102	3934,3467
61DFRAAXX100204:1:89:14871:5629	2341,4651
61DFRAAXX100204:1:89:19283:15916	1599
61DFRAAXX100204:1:89:2736:3446	2341
61DFRAAXX100204:1:89:5269:8820	2341
61DFRAAXX100204:1:8:11402:7052	1599
61DFRAAXX100204:1:8:12664:15074	3467
61DFRAAXX100204:1:8:13803:6213	2341
61DFRAAXX100204:1:8:15736:6936	3934
61DFRAAXX100204:1:8:5137:21118	3934
61DFRAAXX100204:1:90:10765:13641	3467
61DFRAAXX100204:1:90:16935:13319	3934
61DFRAAXX100204:1:90:19412:12391	3934
61DFRAAXX100204:1:90:6372:17655	3934
61DFRAAXX100204:1:90:7969:13959	1599
61DFRAAXX100204:1:91:10896:15871	4651,1599
61DFRAAXX100204:1:91:1209:17725	4651
61DFRAAXX100204:1:91:13177:4033	3934
61DFRAAXX100204:1:91:14633:10962	1599
61DFRAAXX100204:1:91:17115:19937	3467
61DFRAAXX100204:1:91:19698:4084	2341,4651
61DFRAAXX100204:1:91:2117:14234	2341
61DFRAAXX100204:1:91:3009:10737	1599
61DFRAAXX100204:1:91:3626:10646	1599
61DFRAAXX100204:1:92:16695:10748	1599
61DFRAAXX100204:1:92:8195:4281	3934
61DFRAAXX100204:1:92:8792:9851	2341
61DFRAAXX100204:1:93:12886:11817	1599
61DFRAAXX100204:1:93:14413:16350	3934
61DFRAAXX100204:1:93:17187:16586	1599
61DFRAAXX100204:1:93:18792:15885	2341
61DFRAAXX100204:1:93:2597:3618	2341
61DFRAAXX100204:1:93:7402:13911	3934
61DFRAAXX100204:1:93:9923:5831	1599
61DFRAAXX100204:1:94:2914:10034	1599
61DFRAAXX100204:1:94:3814:19009	2341,4651
61DFRAAXX100204:1:95:11280:2580	3934
61DFRAAXX100204:1:95:12995:16999	4651
61DFRAAXX100204:1:95:15333:5911	2341
61DFRAAXX100204:1:95:18216:16706	1599
61DFRAAXX100204:1:95:2073:5643	2341
61DFRAAXX100204:1:95:2546:21261	1599
61DFRAAXX100204:1:95:4014:10059	2341
61DFRAAXX100204:1:96:12350:11421	3934
61DFRAAXX100204:1:96:14950:6413	1599,3956,3934
61DFRAAXX100204:1:96:19258:4840	1599
61DFRAAXX100204:1:96:2058:11440	3467
61DFRAAXX100204:1:97:10577:12462	4651
61DFRAAXX100204:1:97:10625:6986	1599
61DFRAAXX100204:1:97:17612:3293	3934
61DFRAAXX100204:1:98:10492:5619	1599
61DFRAAXX100204:1:98:16479:12365	2341
61DFRAAXX100204:1:98:1719:14229	1599
61DFRAAXX100204:1:98:18242:10818	2341
61DFRAAXX100204:1:98:1899:4752	3934
61DFRAAXX100204:1:98:3490:11524	2341,4651
61DFRAAXX100204:1:98:8112:16395	2341
61DFRAAXX100204:1:99:11715:8437	3934
61DFRAAXX100204:1:99:14181:20288	3934,3467
61DFRAAXX100204:1:99:17255:13933	2341
61DFRAAXX100204:1:99:17768:14286	2341
61DFRAAXX100204:1:99:6333:20884	4651,1599
61DFRAAXX100204:1:99:9084:19415	3934
61DFRAAXX100204:2:100:10503:19784	2341
61DFRAAXX100204:2:100:11613:1212	3934
61DFRAAXX100204:2:100:15468:18134	1599
61DFRAAXX100204:2:100:16333:9837	3934
61DFRAAXX100204:2:100:2744:6195	2342
61DFRAAXX100204:2:100:3182:13052	2341
61DFRAAXX100204:2:100:4562:8141	3934
61DFRAAXX100204:2:100:5502:4795	3934
61DFRAAXX100204:2:100:5832:12269	1599
61DFRAAXX100204:2:100:8929:9528	1599
61DFRAAXX100204:2:101:11439:6448	3934
61DFRAAXX100204:2:101:12081:1392	3467
61DFRAAXX100204:2:101:12523:17425	2341
61DFRAAXX100204:2:101:16228:4266	4651
61DFRAAXX100204:2:101:5685:16835	3934
61DFRAAXX100204:2:102:11363:11672	4651
61DFRAAXX100204:2:102:12654:14198	2341
61DFRAAXX100204:2:102:4649:2998	3934,3467
61DFRAAXX100204:2:102:5865:14370	4651
61DFRAAXX100204:2:103:1062:7317	1599
61DFRAAXX100204:2:103:10651:14646	2341
61DFRAAXX100204:2:103:13542:8459	1599
61DFRAAXX100204:2:103:14745:12363	2341
61DFRAAXX100204:2:103:2279:11250	4651
61DFRAAXX100204:2:103:2707:17286	2341
61DFRAAXX100204:2:103:3415:6933	2341
61DFRAAXX100204:2:103:7680:18716	3934
61DFRAAXX100204:2:103:8533:18033	2341
61DFRAAXX100204:2:103:8562:1594	1599
61DFRAAXX100204:2:103:9935:5860	2341
61DFRAAXX100204:2:104:10496:18789	2341
61DFRAAXX100204:2:104:10720:10560	1599,3956,3934
61DFRAAXX100204:2:104:17458:5204	1599
61DFRAAXX100204:2:104:18592:18103	1599
61DFRAAXX100204:2:104:3262:18354	1599
61DFRAAXX100204:2:104:5237:13967	2341
61DFRAAXX100204:2:104:7146:2643	1599
61DFRAAXX100204:2:104:7449:12789	2341
61DFRAAXX100204:2:104:7459:12772	2341
61DFRAAXX100204:2:104:8238:19098	2341
61DFRAAXX100204:2:105:12343:17839	3934,3467
61DFRAAXX100204:2:105:13266:11597	2341
61DFRAAXX100204:2:105:17737:14587	1599
61DFRAAXX100204:2:105:3520:12513	3934
61DFRAAXX100204:2:105:5038:20205	3934
61DFRAAXX100204:2:105:6081:5594	2341
61DFRAAXX100204:2:105:6783:18233	2341
61DFRAAXX100204:2:105:8835:19481	4651,1599
61DFRAAXX100204:2:105:9649:1761	3934,3467
61DFRAAXX100204:2:106:10851:13640	2341
61DFRAAXX100204:2:106:11754:3503	3934
61DFRAAXX100204:2:106:13450:6267	1599
61DFRAAXX100204:2:106:15576:2150	4651
61DFRAAXX100204:2:106:17678:15911	2341,4651
61DFRAAXX100204:2:106:18905:1781	1599
61DFRAAXX100204:2:106:2237:9983	3934,3467
61DFRAAXX100204:2:106:3314:17101	2341,4651
61DFRAAXX100204:2:106:3323:17079	2341,4651
61DFRAAXX100204:2:106:4609:11813	1599
61DFRAAXX100204:2:107:11763:13978	4651,1599
61DFRAAXX100204:2:107:11912:8546	1599
61DFRAAXX100204:2:107:15866:10755	3934,3467
61DFRAAXX100204:2:107:3273:8238	2341
61DFRAAXX100204:2:107:4960:16711	2341
61DFRAAXX100204:2:107:5141:5581	3934
61DFRAAXX100204:2:107:6225:15663	2341
61DFRAAXX100204:2:108:1152:16319	4651
61DFRAAXX100204:2:108:13381:19402	3934
61DFRAAXX100204:2:108:13529:20471	1599
61DFRAAXX100204:2:108:15924:6076	4651,1599
61DFRAAXX100204:2:108:19708:3686	3934
61DFRAAXX100204:2:108:3621:16426	2341
61DFRAAXX100204:2:108:4427:15232	3467
61DFRAAXX100204:2:109:10947:10206	3934,3467
61DFRAAXX100204:2:109:11096:21291	2341
61DFRAAXX100204:2:109:11398:17518	3934
61DFRAAXX100204:2:109:17009:10690	1599
61DFRAAXX100204:2:109:17198:8426	1599
61DFRAAXX100204:2:109:2398:12552	4651,1599
61DFRAAXX100204:2:109:5814:15815	4651
61DFRAAXX100204:2:109:9128:20740	3934
61DFRAAXX100204:2:109:9660:5543	2341
61DFRAAXX100204:2:10:14055:10197	3934,2342
61DFRAAXX100204:2:10:16186:20329	1599
61DFRAAXX100204:2:10:19309:17766	2341
61DFRAAXX100204:2:10:6209:13802	1599
61DFRAAXX100204:2:10:7931:5684	1599
61DFRAAXX100204:2:10:9024:3771	2341
61DFRAAXX100204:2:110:10060:2174	4651
61DFRAAXX100204:2:110:10333:6398	1599
61DFRAAXX100204:2:110:14405:19998	3934
61DFRAAXX100204:2:110:18803:8570	3934
61DFRAAXX100204:2:110:5855:14023	3934,2342
61DFRAAXX100204:2:110:6203:1234	1599
61DFRAAXX100204:2:110:6327:11449	1599
61DFRAAXX100204:2:110:7063:14101	2341
61DFRAAXX100204:2:110:9123:5516	1599,3956,3934
61DFRAAXX100204:2:111:14709:7059	1599
61DFRAAXX100204:2:111:14954:1864	1599
61DFRAAXX100204:2:111:15278:3483	1599
61DFRAAXX100204:2:111:3687:17602	2341
61DFRAAXX100204:2:112:15528:12048	4651
61DFRAAXX100204:2:112:7723:5582	2341,4651
61DFRAAXX100204:2:112:7740:14622	3934
61DFRAAXX100204:2:113:14108:9218	3934
61DFRAAXX100204:2:113:2499:17423	1599
61DFRAAXX100204:2:113:4183:13573	2341
61DFRAAXX100204:2:113:7599:11556	2341
61DFRAAXX100204:2:113:8306:13969	2341
61DFRAAXX100204:2:113:8317:11116	3467
61DFRAAXX100204:2:114:10400:4522	4651
61DFRAAXX100204:2:114:14747:18672	3467
61DFRAAXX100204:2:114:15824:6476	1599
61DFRAAXX100204:2:114:9079:8419	1599
61DFRAAXX100204:2:115:10599:6426	1599
61DFRAAXX100204:2:115:15400:16649	2341
61DFRAAXX100204:2:115:17270:15242	3934
61DFRAAXX100204:2:115:19187:16975	3467
61DFRAAXX100204:2:115:19248:10387	1599
61DFRAAXX100204:2:115:2440:20633	3934
61DFRAAXX100204:2:115:6564:17432	2341
61DFRAAXX100204:2:115:6917:4441	4651,1599
61DFRAAXX100204:2:115:7925:6087	3934
61DFRAAXX100204:2:115:8998:7219	3467
61DFRAAXX100204:2:116:10513:4355	2341
61DFRAAXX100204:2:116:14696:20211	3934
61DFRAAXX100204:2:116:16291:4418	3934
61DFRAAXX100204:2:116:1692:12234	2342
61DFRAAXX100204:2:116:17789:11298	1599
61DFRAAXX100204:2:116:5611:4381	3934
61DFRAAXX100204:2:117:1610:10521	1599
61DFRAAXX100204:2:117:16661:15174	3934
61DFRAAXX100204:2:117:19124:20698	1599
61DFRAAXX100204:2:117:1926:20853	2341,4651
61DFRAAXX100204:2:117:2312:17990	4651
61DFRAAXX100204:2:117:2696:7228	4651
61DFRAAXX100204:2:117:3367:14172	1599
61DFRAAXX100204:2:117:3477:17069	1599
61DFRAAXX100204:2:118:10266:10015	1599
61DFRAAXX100204:2:118:10490:9278	3934
61DFRAAXX100204:2:118:1213:3069	1599
61DFRAAXX100204:2:118:1589:11335	2341
61DFRAAXX100204:2:118:3923:4815	1599,5646
61DFRAAXX100204:2:118:5370:20173	3934
61DFRAAXX100204:2:119:10538:15052	1599,3956,3934
61DFRAAXX100204:2:119:10939:7437	3934
61DFRAAXX100204:2:119:11504:7586	1599
61DFRAAXX100204:2:119:1230:13532	3934
61DFRAAXX100204:2:119:14399:17161	2341
61DFRAAXX100204:2:119:15386:5465	1599
61DFRAAXX100204:2:119:15527:4472	1599
61DFRAAXX100204:2:119:16228:14720	2341
61DFRAAXX100204:2:119:18297:19296	1599
61DFRAAXX100204:2:119:18713:19615	1599
61DFRAAXX100204:2:119:19323:17107	3934
61DFRAAXX100204:2:119:7368:15630	3934
61DFRAAXX100204:2:119:7490:10576	4651
61DFRAAXX100204:2:119:9103:11387	1599
61DFRAAXX100204:2:119:9363:6950	3934,3467
61DFRAAXX100204:2:11:12325:5613	4651,1599
61DFRAAXX100204:2:11:12397:6895	3934
61DFRAAXX100204:2:11:13845:10805	2341
61DFRAAXX100204:2:11:15157:8084	3934
61DFRAAXX100204:2:11:16111:10012	1599
61DFRAAXX100204:2:11:17915:7618	1599
61DFRAAXX100204:2:11:18131:7013	1599
61DFRAAXX100204:2:11:19121:2794	3467
61DFRAAXX100204:2:11:3962:19069	2341
61DFRAAXX100204:2:120:10372:2908	1599
61DFRAAXX100204:2:120:15260:9160	3467
61DFRAAXX100204:2:120:17801:10512	4651
61DFRAAXX100204:2:12:16298:10813	2341
61DFRAAXX100204:2:12:17590:4101	3934
61DFRAAXX100204:2:12:2427:17134	1599
61DFRAAXX100204:2:12:2770:14515	3934
61DFRAAXX100204:2:12:3093:7032	1599
61DFRAAXX100204:2:12:3156:15399	1599
61DFRAAXX100204:2:12:8635:13417	3467
61DFRAAXX100204:2:13:14821:13696	3934
61DFRAAXX100204:2:13:19062:13779	4651,1599
61DFRAAXX100204:2:14:11476:15114	2341
61DFRAAXX100204:2:14:13923:3991	1599
61DFRAAXX100204:2:14:14023:12778	2341
61DFRAAXX100204:2:14:18019:20986	2341
61DFRAAXX100204:2:14:4277:5195	2341
61DFRAAXX100204:2:14:4467:3112	1599
61DFRAAXX100204:2:14:6615:19833	1599
61DFRAAXX100204:2:14:8201:5545	2341
61DFRAAXX100204:2:14:9050:10819	5646,3934
61DFRAAXX100204:2:15:17558:2200	1599
61DFRAAXX100204:2:15:6897:12254	3934
61DFRAAXX100204:2:15:8677:13143	2341
61DFRAAXX100204:2:16:14353:20124	1599
61DFRAAXX100204:2:16:16663:8503	2341
61DFRAAXX100204:2:16:18695:7977	2341
61DFRAAXX100204:2:16:19030:7325	1599
61DFRAAXX100204:2:16:3002:7306	1599
61DFRAAXX100204:2:16:3684:11292	1599
61DFRAAXX100204:2:17:10970:7744	3934
61DFRAAXX100204:2:17:16416:5153	3934
61DFRAAXX100204:2:17:5213:5399	2341
61DFRAAXX100204:2:17:6433:18103	1599
61DFRAAXX100204:2:17:7086:14832	2341
61DFRAAXX100204:2:17:7592:3222	1599
61DFRAAXX100204:2:17:9810:8028	1599
61DFRAAXX100204:2:18:16125:5465	1599
61DFRAAXX100204:2:18:4580:19824	3467
61DFRAAXX100204:2:19:7484:15711	1599,3956
61DFRAAXX100204:2:1:15109:10355	2341
61DFRAAXX100204:2:1:15465:19388	4651
61DFRAAXX100204:2:1:1941:7779	1599
61DFRAAXX100204:2:1:7258:19339	1599
61DFRAAXX100204:2:20:10733:7124	2341
61DFRAAXX100204:2:20:11442:11436	3467
61DFRAAXX100204:2:20:13404:2552	2341
61DFRAAXX100204:2:20:16204:5649	1599,3956,3934
61DFRAAXX100204:2:20:16385:7210	1599
61DFRAAXX100204:2:20:18007:6523	3934
61DFRAAXX100204:2:20:19560:20027	3467
61DFRAAXX100204:2:20:3008:14953	4651
61DFRAAXX100204:2:20:9573:9693	3956,3934
61DFRAAXX100204:2:21:10257:3006	1599
61DFRAAXX100204:2:21:15481:18011	1599
61DFRAAXX100204:2:21:16809:8281	3934
61DFRAAXX100204:2:21:17828:2927	2341,4651
61DFRAAXX100204:2:21:18211:18842	1599
61DFRAAXX100204:2:21:19468:8434	3934
61DFRAAXX100204:2:21:5010:13921	3934
61DFRAAXX100204:2:21:7191:16823	4651,1599
61DFRAAXX100204:2:21:8378:14247	2341,4651
61DFRAAXX100204:2:21:8800:14702	1599
61DFRAAXX100204:2:22:10394:16080	3934,3467
61DFRAAXX100204:2:22:15370:10293	3934
61DFRAAXX100204:2:22:15618:7542	2341
61DFRAAXX100204:2:22:16489:7778	3934
61DFRAAXX100204:2:22:19609:3106	1599
61DFRAAXX100204:2:22:6821:19197	4651
61DFRAAXX100204:2:22:6913:11876	2341
61DFRAAXX100204:2:22:9298:20741	1599
61DFRAAXX100204:2:22:9668:7177	3934
61DFRAAXX100204:2:23:11451:1327	1599
61DFRAAXX100204:2:23:18941:16191	3934
61DFRAAXX100204:2:24:12740:21216	3934,3467
61DFRAAXX100204:2:24:14225:2339	2341
61DFRAAXX100204:2:24:15469:8665	2341,4651
61DFRAAXX100204:2:24:16695:17285	1599
61DFRAAXX100204:2:24:6916:11767	1599
61DFRAAXX100204:2:24:7086:16329	1599,5646
61DFRAAXX100204:2:24:9379:2863	1599
61DFRAAXX100204:2:25:12722:7536	3934
61DFRAAXX100204:2:25:12821:9848	1599,3956
61DFRAAXX100204:2:25:15126:19440	4651
61DFRAAXX100204:2:25:18045:14106	2341
61DFRAAXX100204:2:25:3750:2732	2341
61DFRAAXX100204:2:25:8933:8122	1599
61DFRAAXX100204:2:26:11187:19799	1599
61DFRAAXX100204:2:26:12653:14528	1599
61DFRAAXX100204:2:26:12686:3440	1599
61DFRAAXX100204:2:26:16242:3695	3467
61DFRAAXX100204:2:26:16861:10738	3934
61DFRAAXX100204:2:26:3131:15194	1599
61DFRAAXX100204:2:26:7546:5578	3934
61DFRAAXX100204:2:27:11659:20963	3934
61DFRAAXX100204:2:27:14307:15590	2341
61DFRAAXX100204:2:27:3614:20086	3934
61DFRAAXX100204:2:27:6204:10981	1599
61DFRAAXX100204:2:28:11159:18365	1599
61DFRAAXX100204:2:28:12077:9016	1599
61DFRAAXX100204:2:28:13987:20066	4651
61DFRAAXX100204:2:28:14401:20038	2341
61DFRAAXX100204:2:28:15596:12394	2341,4651
61DFRAAXX100204:2:28:17261:5687	2341,4651
61DFRAAXX100204:2:28:4297:4697	1599
61DFRAAXX100204:2:28:6561:17455	4651
61DFRAAXX100204:2:28:7222:8202	2341
61DFRAAXX100204:2:28:9255:10405	1599
61DFRAAXX100204:2:29:12535:4304	2341
61DFRAAXX100204:2:29:12630:10405	3467
61DFRAAXX100204:2:29:14485:10864	2341
61DFRAAXX100204:2:29:15379:18711	4651,1599
61DFRAAXX100204:2:29:17905:11704	2341
61DFRAAXX100204:2:29:4869:1916	2341,4651
61DFRAAXX100204:2:29:5614:11690	3934
61DFRAAXX100204:2:29:7503:7186	1599
61DFRAAXX100204:2:29:8640:11413	2341
61DFRAAXX100204:2:2:10713:10435	2341
61DFRAAXX100204:2:2:11242:5151	1599,3956,3934
61DFRAAXX100204:2:2:12870:4790	1599
61DFRAAXX100204:2:2:13429:12988	1599
61DFRAAXX100204:2:2:19374:6327	1599
61DFRAAXX100204:2:2:19674:11888	2341
61DFRAAXX100204:2:2:19729:8409	2341
61DFRAAXX100204:2:2:4272:7130	3467
61DFRAAXX100204:2:2:6447:21371	3934,3467
61DFRAAXX100204:2:2:8775:3163	3934
61DFRAAXX100204:2:30:14420:11849	2341,4651
61DFRAAXX100204:2:30:6174:2865	3467
61DFRAAXX100204:2:30:6409:5105	2341,5758
61DFRAAXX100204:2:30:7962:8179	2341
61DFRAAXX100204:2:30:8172:19357	2341
61DFRAAXX100204:2:31:12387:2448	4651
61DFRAAXX100204:2:31:15342:4472	4651,1599
61DFRAAXX100204:2:31:18037:1917	1599
61DFRAAXX100204:2:31:3035:13189	3467
61DFRAAXX100204:2:31:3737:10860	2341
61DFRAAXX100204:2:31:7648:17805	4651
61DFRAAXX100204:2:32:10680:7105	3934,3467
61DFRAAXX100204:2:32:14450:16835	2341
61DFRAAXX100204:2:32:2917:11947	1599
61DFRAAXX100204:2:32:7241:3682	1599
61DFRAAXX100204:2:32:8440:13120	2341
61DFRAAXX100204:2:32:9607:9533	1599
61DFRAAXX100204:2:33:14566:8435	2341
61DFRAAXX100204:2:33:2830:14909	3934
61DFRAAXX100204:2:33:5133:18805	2341
61DFRAAXX100204:2:34:11311:12287	3934
61DFRAAXX100204:2:34:13208:11544	1599
61DFRAAXX100204:2:34:13882:4342	1599
61DFRAAXX100204:2:34:6329:11134	1599
61DFRAAXX100204:2:35:12233:4062	3934
61DFRAAXX100204:2:35:14573:2226	2341
61DFRAAXX100204:2:35:15905:10040	1599
61DFRAAXX100204:2:35:17355:5857	3934,3467
61DFRAAXX100204:2:35:18825:13908	1599
61DFRAAXX100204:2:35:6511:16970	1599
61DFRAAXX100204:2:36:16939:18362	1599
61DFRAAXX100204:2:36:17065:11237	3467
61DFRAAXX100204:2:36:17375:6397	3934
61DFRAAXX100204:2:36:7574:17204	3934,3467
61DFRAAXX100204:2:37:11222:20226	1599
61DFRAAXX100204:2:37:11853:16367	1599
61DFRAAXX100204:2:37:14295:12907	2341
61DFRAAXX100204:2:37:14364:3193	2341
61DFRAAXX100204:2:37:15359:15262	3934,2342
61DFRAAXX100204:2:37:16787:4141	3934
61DFRAAXX100204:2:37:7105:17080	2341
61DFRAAXX100204:2:37:7728:16353	2341
61DFRAAXX100204:2:37:9092:3114	1599
61DFRAAXX100204:2:38:13176:3718	1599
61DFRAAXX100204:2:38:16050:14887	2341
61DFRAAXX100204:2:38:2791:10555	1599,3956,3934
61DFRAAXX100204:2:38:6081:4425	1599
61DFRAAXX100204:2:38:7994:5366	2341
61DFRAAXX100204:2:38:8191:13224	3934
61DFRAAXX100204:2:39:10964:6621	3934,3467
61DFRAAXX100204:2:39:10967:1318	3934
61DFRAAXX100204:2:39:12200:7151	2341
61DFRAAXX100204:2:39:16043:12229	2341,4651
61DFRAAXX100204:2:39:16768:8906	3934
61DFRAAXX100204:2:39:17879:10147	2341
61DFRAAXX100204:2:39:19631:10100	2341
61DFRAAXX100204:2:39:6540:21238	1599
61DFRAAXX100204:2:39:8721:12284	2341
61DFRAAXX100204:2:39:9594:2211	1599,3956
61DFRAAXX100204:2:39:9790:14231	1599
61DFRAAXX100204:2:39:9989:1324	5646,3934
61DFRAAXX100204:2:3:11027:9247	1599
61DFRAAXX100204:2:3:12846:8556	3934
61DFRAAXX100204:2:3:1943:19196	2341
61DFRAAXX100204:2:3:2013:6509	2341
61DFRAAXX100204:2:3:7889:5880	1599
61DFRAAXX100204:2:40:4889:19817	3934
61DFRAAXX100204:2:40:8329:7411	1599
61DFRAAXX100204:2:41:10098:17183	2341,4651
61DFRAAXX100204:2:41:16716:10275	4651
61DFRAAXX100204:2:41:7962:8762	1599
61DFRAAXX100204:2:42:10424:15740	1599
61DFRAAXX100204:2:42:11753:6111	1599,3956,3934
61DFRAAXX100204:2:42:17011:11367	1599
61DFRAAXX100204:2:42:4379:1114	4651
61DFRAAXX100204:2:42:9033:8872	2341
61DFRAAXX100204:2:43:10470:12963	2341,5758,1599
61DFRAAXX100204:2:43:13890:21030	1599
61DFRAAXX100204:2:43:14558:16449	4651,1599
61DFRAAXX100204:2:43:14626:7996	1599
61DFRAAXX100204:2:43:15130:17285	2341
61DFRAAXX100204:2:43:15634:10207	2341
61DFRAAXX100204:2:43:16056:5020	2341
61DFRAAXX100204:2:43:17704:20034	2341,4651
61DFRAAXX100204:2:43:2927:7127	1599
61DFRAAXX100204:2:43:6965:4245	2341
61DFRAAXX100204:2:44:11559:11264	1599
61DFRAAXX100204:2:44:12015:17909	2341
61DFRAAXX100204:2:44:18570:6923	2341
61DFRAAXX100204:2:44:4857:8818	3934
61DFRAAXX100204:2:44:9167:9838	4651
61DFRAAXX100204:2:44:9240:20756	2341,4651
61DFRAAXX100204:2:44:9966:2015	3934,2342
61DFRAAXX100204:2:45:11668:15081	2341
61DFRAAXX100204:2:45:12497:12751	3934
61DFRAAXX100204:2:45:15122:9806	2341
61DFRAAXX100204:2:45:17391:2254	5646,3934
61DFRAAXX100204:2:45:18445:16331	2341
61DFRAAXX100204:2:45:3251:11217	1599
61DFRAAXX100204:2:45:5123:10745	1599
61DFRAAXX100204:2:46:14365:18511	5646,3934
61DFRAAXX100204:2:46:8666:8734	1599
61DFRAAXX100204:2:47:15715:14021	1599
61DFRAAXX100204:2:47:16233:6564	2341
61DFRAAXX100204:2:47:17341:12147	1599
61DFRAAXX100204:2:47:8105:5007	2341
61DFRAAXX100204:2:48:11797:13459	3934
61DFRAAXX100204:2:48:16702:21305	3956,3934
61DFRAAXX100204:2:48:16761:14437	1599
61DFRAAXX100204:2:48:17214:11719	3934
61DFRAAXX100204:2:48:19804:17618	1599
61DFRAAXX100204:2:48:6319:8999	3934
61DFRAAXX100204:2:48:7472:13890	1599,3956,3934
61DFRAAXX100204:2:48:8093:5812	3934,3467
61DFRAAXX100204:2:48:8127:17968	3934
61DFRAAXX100204:2:48:9478:19071	3467
61DFRAAXX100204:2:49:12420:12011	2341
61DFRAAXX100204:2:49:15589:6706	2341
61DFRAAXX100204:2:49:16448:20143	3934
61DFRAAXX100204:2:49:18577:5132	3934,2342
61DFRAAXX100204:2:49:5398:19148	2341
61DFRAAXX100204:2:49:8225:11582	2341
61DFRAAXX100204:2:49:9109:15389	2341
61DFRAAXX100204:2:4:12994:9251	1599
61DFRAAXX100204:2:4:13652:11093	1599
61DFRAAXX100204:2:4:15617:14800	1599
61DFRAAXX100204:2:4:2652:16469	2341
61DFRAAXX100204:2:4:6617:7095	3934
61DFRAAXX100204:2:4:9245:2974	3934
61DFRAAXX100204:2:4:9697:7384	2341
61DFRAAXX100204:2:50:10280:13190	3934,3467
61DFRAAXX100204:2:50:12919:8167	2341
61DFRAAXX100204:2:50:16440:12193	2341
61DFRAAXX100204:2:50:4228:15982	1599
61DFRAAXX100204:2:50:4383:15342	3467
61DFRAAXX100204:2:50:5996:1959	2341,4651
61DFRAAXX100204:2:50:6727:7067	2341,4651
61DFRAAXX100204:2:50:6903:2590	1599
61DFRAAXX100204:2:50:8152:10431	3934
61DFRAAXX100204:2:51:11562:9873	1599
61DFRAAXX100204:2:51:11956:16089	2341
61DFRAAXX100204:2:51:12998:17689	2341
61DFRAAXX100204:2:51:16936:9584	1599
61DFRAAXX100204:2:51:18715:17266	3934
61DFRAAXX100204:2:52:17953:18979	2341,4651
61DFRAAXX100204:2:52:17971:8329	3934
61DFRAAXX100204:2:52:18812:4434	3934,3467
61DFRAAXX100204:2:52:3405:17448	1599
61DFRAAXX100204:2:52:3947:16028	3934
61DFRAAXX100204:2:52:8411:14366	2341
61DFRAAXX100204:2:52:9070:4304	4651,1599
61DFRAAXX100204:2:53:15477:13638	1599
61DFRAAXX100204:2:53:7087:10006	1599
61DFRAAXX100204:2:54:13110:5201	1599
61DFRAAXX100204:2:54:14733:15456	2341
61DFRAAXX100204:2:54:5444:11104	3934
61DFRAAXX100204:2:54:8610:10291	2341
61DFRAAXX100204:2:54:8624:10157	2341
61DFRAAXX100204:2:55:4550:16107	1599
61DFRAAXX100204:2:55:7036:15500	1599
61DFRAAXX100204:2:55:9100:17072	1599
61DFRAAXX100204:2:56:11622:4103	2341
61DFRAAXX100204:2:56:15865:17018	2341
61DFRAAXX100204:2:56:9210:20897	2341
61DFRAAXX100204:2:56:9650:9884	1599
61DFRAAXX100204:2:57:11120:14787	4651
61DFRAAXX100204:2:57:7394:20685	1599
61DFRAAXX100204:2:57:9631:9071	1599
61DFRAAXX100204:2:58:12631:9353	1599
61DFRAAXX100204:2:58:13648:10946	1599
61DFRAAXX100204:2:58:17791:10787	3934
61DFRAAXX100204:2:58:4950:16265	3934
61DFRAAXX100204:2:58:8063:19453	2341,4651
61DFRAAXX100204:2:59:15822:15913	1599
61DFRAAXX100204:2:59:17373:7152	2341
61DFRAAXX100204:2:5:18297:18580	2341,4651
61DFRAAXX100204:2:5:18358:12939	2341
61DFRAAXX100204:2:5:19162:3116	4651,1599
61DFRAAXX100204:2:5:6114:5833	2341
61DFRAAXX100204:2:5:6427:9958	3934
61DFRAAXX100204:2:60:10966:14168	3934
61DFRAAXX100204:2:60:12978:20173	1599
61DFRAAXX100204:2:60:13195:9262	3934
61DFRAAXX100204:2:60:6422:10546	4651,1599
61DFRAAXX100204:2:60:9506:20118	2341
61DFRAAXX100204:2:61:19212:17419	2341,4651
61DFRAAXX100204:2:62:10495:1699	2341
61DFRAAXX100204:2:62:1797:17348	2341
61DFRAAXX100204:2:62:19181:19976	2341
61DFRAAXX100204:2:62:2091:2897	2341
61DFRAAXX100204:2:62:5514:14912	2341
61DFRAAXX100204:2:63:10115:2280	4651
61DFRAAXX100204:2:63:10226:1983	2341
61DFRAAXX100204:2:63:14393:3336	1599
61DFRAAXX100204:2:63:14776:20529	3467
61DFRAAXX100204:2:63:18627:2336	3934
61DFRAAXX100204:2:63:2225:10824	3956,3934
61DFRAAXX100204:2:63:4561:7944	2341
61DFRAAXX100204:2:63:8499:7406	1599
61DFRAAXX100204:2:63:8643:20646	2341
61DFRAAXX100204:2:63:9695:5492	4651,1599
61DFRAAXX100204:2:64:10313:7598	3934
61DFRAAXX100204:2:64:3894:10926	1599
61DFRAAXX100204:2:65:12795:8546	3934
61DFRAAXX100204:2:65:13214:11325	1599
61DFRAAXX100204:2:65:15975:19128	3934
61DFRAAXX100204:2:65:16000:1766	1599
61DFRAAXX100204:2:65:16575:19124	3956,3934
61DFRAAXX100204:2:65:18616:7825	2341
61DFRAAXX100204:2:65:3268:7360	1599
61DFRAAXX100204:2:65:9892:20933	3934
61DFRAAXX100204:2:66:12750:19085	1599
61DFRAAXX100204:2:66:13098:1573	2341
61DFRAAXX100204:2:66:14099:18547	2341
61DFRAAXX100204:2:66:15633:9332	4651,1599
61DFRAAXX100204:2:66:3044:5710	3934
61DFRAAXX100204:2:67:11371:3660	2341
61DFRAAXX100204:2:67:11441:8291	3934,3467
61DFRAAXX100204:2:67:13498:6451	2341
61DFRAAXX100204:2:67:16975:6938	2341
61DFRAAXX100204:2:67:1959:19629	1599
61DFRAAXX100204:2:67:3833:14229	2341
61DFRAAXX100204:2:67:5009:5402	3934
61DFRAAXX100204:2:67:5078:19643	1599,3956
61DFRAAXX100204:2:67:6649:14705	1599
61DFRAAXX100204:2:67:6951:5591	3934
61DFRAAXX100204:2:68:10659:17778	1599,3956,3934
61DFRAAXX100204:2:68:13858:12309	3934
61DFRAAXX100204:2:68:17441:18224	2341,5758,1599
61DFRAAXX100204:2:68:18869:19043	1599
61DFRAAXX100204:2:69:10863:2976	2341
61DFRAAXX100204:2:69:19571:2808	2341
61DFRAAXX100204:2:69:2981:17594	4651
61DFRAAXX100204:2:69:3127:9491	2341
61DFRAAXX100204:2:69:3232:4367	2341
61DFRAAXX100204:2:69:6863:9500	1599
61DFRAAXX100204:2:69:8564:8016	1599,3956,3934
61DFRAAXX100204:2:6:10306:15415	1599
61DFRAAXX100204:2:6:11211:15896	2341
61DFRAAXX100204:2:6:11220:17974	2341
61DFRAAXX100204:2:6:11220:17974	2341
61DFRAAXX100204:2:6:16285:10620	3934
61DFRAAXX100204:2:6:7854:16097	1599
61DFRAAXX100204:2:70:12549:2955	1599
61DFRAAXX100204:2:70:3207:11428	3934
61DFRAAXX100204:2:70:4161:19054	2341
61DFRAAXX100204:2:71:10814:11226	4651
61DFRAAXX100204:2:71:14874:12568	1599
61DFRAAXX100204:2:71:18013:3385	3934,3467
61DFRAAXX100204:2:71:5582:13435	2341
61DFRAAXX100204:2:72:11886:9079	3934
61DFRAAXX100204:2:72:12036:20327	4651
61DFRAAXX100204:2:72:16106:13433	1599
61DFRAAXX100204:2:72:16773:13956	4651
61DFRAAXX100204:2:72:17852:11533	3934,3467
61DFRAAXX100204:2:72:19491:8191	3934
61DFRAAXX100204:2:72:3366:15189	1599
61DFRAAXX100204:2:72:7919:11133	1599
61DFRAAXX100204:2:72:8719:19382	2341
61DFRAAXX100204:2:72:8897:21069	3467
61DFRAAXX100204:2:73:11717:2171	1599
61DFRAAXX100204:2:73:1223:18755	1599,3956,3934
61DFRAAXX100204:2:73:14678:14238	1599
61DFRAAXX100204:2:73:16135:9936	1599
61DFRAAXX100204:2:73:18628:19060	1599
61DFRAAXX100204:2:74:10957:11932	2341
61DFRAAXX100204:2:74:11021:5950	1599
61DFRAAXX100204:2:74:12057:3784	3934
61DFRAAXX100204:2:74:15853:14227	2341
61DFRAAXX100204:2:74:16856:11630	4651
61DFRAAXX100204:2:74:17829:19308	1599
61DFRAAXX100204:2:74:5352:15647	1599
61DFRAAXX100204:2:74:5984:8648	1599
61DFRAAXX100204:2:74:7990:2194	2341
61DFRAAXX100204:2:74:9221:7246	1599,3956,3934
61DFRAAXX100204:2:74:9707:20315	2341,4651
61DFRAAXX100204:2:75:11743:15011	3934
61DFRAAXX100204:2:75:12102:1477	2341
61DFRAAXX100204:2:75:12192:9890	2341
61DFRAAXX100204:2:75:12203:14829	3934
61DFRAAXX100204:2:75:12228:13082	2341
61DFRAAXX100204:2:75:13298:6967	1599
61DFRAAXX100204:2:75:13715:20818	1599
61DFRAAXX100204:2:75:13865:4359	1599
61DFRAAXX100204:2:75:17096:5619	3934
61DFRAAXX100204:2:75:17395:12731	3934
61DFRAAXX100204:2:75:4062:18704	1599
61DFRAAXX100204:2:76:11876:7821	2341,5758,1599
61DFRAAXX100204:2:76:14626:18111	1599
61DFRAAXX100204:2:76:18492:5450	3934
61DFRAAXX100204:2:76:4187:15818	1599
61DFRAAXX100204:2:76:8938:3265	3934
61DFRAAXX100204:2:77:14696:3384	1599
61DFRAAXX100204:2:77:15952:2392	2341
61DFRAAXX100204:2:77:16185:9203	1599
61DFRAAXX100204:2:77:7503:19501	3934
61DFRAAXX100204:2:78:11407:6691	1599
61DFRAAXX100204:2:78:12809:2839	3934
61DFRAAXX100204:2:78:13725:3113	4651
61DFRAAXX100204:2:78:14132:14756	2341
61DFRAAXX100204:2:78:1825:7585	3934,3467
61DFRAAXX100204:2:78:2666:1328	2341
61DFRAAXX100204:2:78:8569:6375	1599
61DFRAAXX100204:2:79:15202:12949	2341
61DFRAAXX100204:2:79:18142:8571	1599
61DFRAAXX100204:2:79:4739:7364	1599
61DFRAAXX100204:2:79:8823:1163	2341,4651
61DFRAAXX100204:2:7:11007:3181	2341
61DFRAAXX100204:2:7:12416:21344	2341
61DFRAAXX100204:2:7:14268:5647	1599
61DFRAAXX100204:2:7:16307:4675	2341
61DFRAAXX100204:2:7:16757:18978	4651
61DFRAAXX100204:2:7:5619:7947	4651,1599
61DFRAAXX100204:2:7:6003:6292	3934
61DFRAAXX100204:2:7:6881:14417	5646,3934
61DFRAAXX100204:2:80:12539:18001	2341
61DFRAAXX100204:2:80:12650:4293	3934
61DFRAAXX100204:2:80:14721:21206	3934,2342
61DFRAAXX100204:2:80:16453:21329	2341
61DFRAAXX100204:2:80:16527:20989	5646,3934
61DFRAAXX100204:2:80:17210:7731	2341
61DFRAAXX100204:2:80:17915:6788	1599
61DFRAAXX100204:2:80:18985:5861	3934
61DFRAAXX100204:2:80:19441:5443	3934
61DFRAAXX100204:2:80:3477:6993	1599
61DFRAAXX100204:2:80:5447:19554	1599
61DFRAAXX100204:2:80:8031:4906	2341
61DFRAAXX100204:2:80:8935:18608	1599
61DFRAAXX100204:2:80:9816:10205	1599
61DFRAAXX100204:2:81:10792:10782	1599
61DFRAAXX100204:2:81:2360:10607	1599
61DFRAAXX100204:2:81:2478:16558	1599
61DFRAAXX100204:2:81:2698:4046	4651,1599
61DFRAAXX100204:2:81:2764:5259	2341
61DFRAAXX100204:2:81:7180:2926	2341
61DFRAAXX100204:2:82:10970:5606	4651
61DFRAAXX100204:2:82:17320:20318	3934
61DFRAAXX100204:2:82:17973:20930	1599
61DFRAAXX100204:2:82:19545:10297	3934
61DFRAAXX100204:2:82:4129:11172	1599
61DFRAAXX100204:2:82:7119:15446	2341
61DFRAAXX100204:2:83:10692:6473	3934
61DFRAAXX100204:2:83:13860:15710	3467
61DFRAAXX100204:2:83:15167:8812	4651,1599
61DFRAAXX100204:2:83:18846:8460	3934,3467
61DFRAAXX100204:2:83:18936:6009	1599
61DFRAAXX100204:2:83:19036:5014	2341
61DFRAAXX100204:2:83:3006:9441	2341
61DFRAAXX100204:2:83:3343:1740	2341
61DFRAAXX100204:2:84:1403:12476	4651
61DFRAAXX100204:2:84:14895:20449	1599
61DFRAAXX100204:2:84:7039:20503	1599
61DFRAAXX100204:2:84:7278:2320	1599
61DFRAAXX100204:2:84:7612:12378	3934,3467
61DFRAAXX100204:2:84:8693:17332	2341
61DFRAAXX100204:2:85:13248:4892	4651,1599
61DFRAAXX100204:2:85:14154:6391	5646,3934
61DFRAAXX100204:2:85:14612:20026	4651
61DFRAAXX100204:2:85:18074:1490	3934
61DFRAAXX100204:2:85:9163:6151	4651
61DFRAAXX100204:2:86:12663:7217	3934,3467
61DFRAAXX100204:2:86:15563:7939	2341
61DFRAAXX100204:2:86:16613:16581	1599
61DFRAAXX100204:2:86:19010:5843	1599
61DFRAAXX100204:2:86:2177:6796	3934
61DFRAAXX100204:2:86:2312:13833	3956,3934
61DFRAAXX100204:2:86:8370:16039	1599
61DFRAAXX100204:2:87:10898:18404	2342
61DFRAAXX100204:2:87:12385:10172	2341
61DFRAAXX100204:2:87:16244:12485	1599
61DFRAAXX100204:2:87:18970:16692	3934
61DFRAAXX100204:2:87:2525:4512	3934
61DFRAAXX100204:2:87:9009:5894	1599
61DFRAAXX100204:2:88:14826:1075	1599
61DFRAAXX100204:2:88:15770:6682	3934
61DFRAAXX100204:2:88:1698:6657	3934
61DFRAAXX100204:2:88:17688:18243	3934
61DFRAAXX100204:2:88:19686:11428	2341
61DFRAAXX100204:2:89:11640:1937	3934
61DFRAAXX100204:2:89:12476:7190	3934
61DFRAAXX100204:2:89:19337:10123	2341
61DFRAAXX100204:2:89:4611:15410	1599
61DFRAAXX100204:2:89:7977:12914	3934
61DFRAAXX100204:2:8:14952:2893	1599
61DFRAAXX100204:2:8:18224:17426	2341,4651
61DFRAAXX100204:2:8:5863:3663	1599
61DFRAAXX100204:2:8:6689:16583	3934,3467
61DFRAAXX100204:2:90:15646:20348	2341
61DFRAAXX100204:2:91:14412:2662	3934,3467
61DFRAAXX100204:2:91:3207:18106	1599,3956,3934
61DFRAAXX100204:2:91:7697:14839	2341
61DFRAAXX100204:2:92:11970:15492	3934
61DFRAAXX100204:2:92:12083:4349	3934
61DFRAAXX100204:2:92:12352:15267	4651,1599
61DFRAAXX100204:2:92:15913:9606	1599
61DFRAAXX100204:2:92:1619:10367	4651
61DFRAAXX100204:2:92:16719:21022	1599
61DFRAAXX100204:2:92:19669:1457	1599
61DFRAAXX100204:2:93:12587:20638	2341
61DFRAAXX100204:2:93:3540:4075	2341
61DFRAAXX100204:2:93:4064:11896	2341,4651
61DFRAAXX100204:2:93:6914:14552	2342
61DFRAAXX100204:2:94:12872:16032	1599
61DFRAAXX100204:2:94:12912:6566	2341
61DFRAAXX100204:2:94:13852:20968	2341
61DFRAAXX100204:2:94:4171:21194	2341
61DFRAAXX100204:2:94:4327:19151	1599
61DFRAAXX100204:2:94:7304:16479	2341
61DFRAAXX100204:2:94:9063:14792	2341
61DFRAAXX100204:2:94:9219:19216	2341
61DFRAAXX100204:2:95:10714:20598	2341
61DFRAAXX100204:2:95:10715:12033	4651
61DFRAAXX100204:2:95:13424:15303	3934,3467
61DFRAAXX100204:2:95:15925:14883	1599
61DFRAAXX100204:2:95:16392:15109	3934
61DFRAAXX100204:2:95:19218:10222	2341,5758
61DFRAAXX100204:2:95:2430:14617	5646,3934
61DFRAAXX100204:2:95:5886:6926	3934,3467
61DFRAAXX100204:2:95:8976:1175	4651,1599
61DFRAAXX100204:2:95:9039:13034	3934
61DFRAAXX100204:2:96:1120:6368	1599,3956
61DFRAAXX100204:2:96:3015:10149	1599
61DFRAAXX100204:2:96:3883:13236	2341
61DFRAAXX100204:2:96:8786:4879	2341
61DFRAAXX100204:2:96:9692:14501	3934
61DFRAAXX100204:2:97:15175:7449	4651,1599
61DFRAAXX100204:2:97:5242:5397	2341
61DFRAAXX100204:2:98:4387:10358	4651
61DFRAAXX100204:2:99:13989:1817	2341
61DFRAAXX100204:2:99:1482:18172	2341
61DFRAAXX100204:2:99:18022:19255	3934
61DFRAAXX100204:2:99:2393:10998	4651,1599
61DFRAAXX100204:2:99:2553:19920	1599
61DFRAAXX100204:2:9:4839:3808	3934
61DFRAAXX100204:2:9:6743:4751	3934
61DFRAAXX100204:2:9:7903:18448	2341,4651
61DFRAAXX100204:2:9:8786:12245	2341
61DFRAAXX100204:1:100:3428:14447	3934
61DFRAAXX100204:1:104:14523:14228	2341
61DFRAAXX100204:1:104:2089:10324	2341
61DFRAAXX100204:1:105:7286:7122	1599
61DFRAAXX100204:1:108:13872:18013	1599
61DFRAAXX100204:1:109:7209:8534	3934
61DFRAAXX100204:1:10:3102:10390	3934,3467
61DFRAAXX100204:1:110:7016:11898	5646,3934
61DFRAAXX100204:1:111:19414:13803	1599
61DFRAAXX100204:1:112:12111:15153	2341
61DFRAAXX100204:1:115:13886:17335	1599
61DFRAAXX100204:1:115:9674:18835	1599
61DFRAAXX100204:1:116:18859:4610	2341
61DFRAAXX100204:1:116:8015:9314	3934
61DFRAAXX100204:1:117:1252:3627	4651
61DFRAAXX100204:1:119:19075:20764	3934
61DFRAAXX100204:1:17:11420:3677	4651
61DFRAAXX100204:1:17:12656:13550	2341
61DFRAAXX100204:1:17:16420:13476	3467
61DFRAAXX100204:1:17:6330:14537	2341
61DFRAAXX100204:1:18:13187:3775	2341
61DFRAAXX100204:1:18:19209:9288	3934
61DFRAAXX100204:1:1:12756:2679	2341
61DFRAAXX100204:1:20:17102:1227	3934
61DFRAAXX100204:1:21:8900:9224	1599
61DFRAAXX100204:1:24:16150:9066	3467
61DFRAAXX100204:1:24:17579:8152	2341
61DFRAAXX100204:1:27:17615:16253	2341
61DFRAAXX100204:1:28:4438:13041	2341
61DFRAAXX100204:1:30:6936:20879	2341
61DFRAAXX100204:1:33:8978:14291	2341
61DFRAAXX100204:1:37:14905:1783	2341
61DFRAAXX100204:1:38:16286:12997	2341
61DFRAAXX100204:1:38:8248:12615	3956,3934
61DFRAAXX100204:1:39:16086:15240	2341
61DFRAAXX100204:1:3:3115:7820	3934
61DFRAAXX100204:1:41:15391:8627	3467
61DFRAAXX100204:1:42:16915:14094	3934
61DFRAAXX100204:1:43:14095:19060	2341
61DFRAAXX100204:1:43:16184:15562	2341
61DFRAAXX100204:1:44:3527:19813	2341
61DFRAAXX100204:1:45:16771:6358	1599,3956,3934
61DFRAAXX100204:1:46:10292:12760	1599
61DFRAAXX100204:1:48:14562:8136	2342
61DFRAAXX100204:1:48:6065:12154	1599
61DFRAAXX100204:1:49:4454:17446	2341
61DFRAAXX100204:1:4:1187:14275	1599
61DFRAAXX100204:1:52:16689:12678	1599
61DFRAAXX100204:1:55:17977:2624	1599
61DFRAAXX100204:1:58:10660:2615	3934
61DFRAAXX100204:1:63:17388:5229	2341
61DFRAAXX100204:1:64:11037:18527	2341
61DFRAAXX100204:1:67:14057:20797	2342
61DFRAAXX100204:1:74:7025:13070	2341
61DFRAAXX100204:1:75:8083:5212	3934
61DFRAAXX100204:1:76:12677:14381	4651,1599
61DFRAAXX100204:1:77:1812:10525	1599
61DFRAAXX100204:1:77:8530:6282	1599
61DFRAAXX100204:1:78:1145:8444	3934,3467
61DFRAAXX100204:1:78:18998:2588	2341
61DFRAAXX100204:1:79:12086:18390	1599
61DFRAAXX100204:1:7:2976:8498	1599
61DFRAAXX100204:1:80:11947:9677	2341
61DFRAAXX100204:1:80:1272:19170	3934
61DFRAAXX100204:1:80:2904:21037	3934
61DFRAAXX100204:1:80:8978:11767	2341
61DFRAAXX100204:1:81:4672:4551	4651
61DFRAAXX100204:1:81:5540:9662	2341
61DFRAAXX100204:1:81:8497:18030	4651,1599
61DFRAAXX100204:1:82:1732:13830	1599
61DFRAAXX100204:1:83:4468:3716	3934
61DFRAAXX100204:1:84:17983:7466	2341
61DFRAAXX100204:1:85:11190:5128	3934
61DFRAAXX100204:1:86:9081:11939	2341
61DFRAAXX100204:1:86:9951:4950	2341
61DFRAAXX100204:1:87:18563:20250	2341
61DFRAAXX100204:1:87:7403:6374	3934,3467
61DFRAAXX100204:1:89:1496:18004	2341
61DFRAAXX100204:1:90:19028:12941	3956,3934
61DFRAAXX100204:1:90:4868:19875	2341
61DFRAAXX100204:1:90:5412:1200	3934,3467
61DFRAAXX100204:1:92:4170:16433	4651,1599
61DFRAAXX100204:1:97:2092:10276	1599
61DFRAAXX100204:1:97:3410:2597	1599
61DFRAAXX100204:1:97:7696:18994	1599
61DFRAAXX100204:1:98:10818:2963	3934
61DFRAAXX100204:2:101:18841:3973	2341
61DFRAAXX100204:2:102:10489:7996	2341
61DFRAAXX100204:2:102:18080:4912	3934
61DFRAAXX100204:2:102:2288:2441	3934
61DFRAAXX100204:2:103:19581:15652	2341
61DFRAAXX100204:2:103:2356:1306	1599
61DFRAAXX100204:2:104:12499:3036	3467
61DFRAAXX100204:2:104:16354:5832	3467
61DFRAAXX100204:2:105:1936:2491	1599,5646
61DFRAAXX100204:2:106:10320:2201	1599
61DFRAAXX100204:2:106:19214:20517	1599
61DFRAAXX100204:2:108:17481:9233	1599
61DFRAAXX100204:2:108:8636:20316	2341
61DFRAAXX100204:2:109:15896:17493	2341
61DFRAAXX100204:2:109:8247:13654	2341
61DFRAAXX100204:2:10:13315:18735	1599
61DFRAAXX100204:2:111:14283:12991	2341
61DFRAAXX100204:2:111:16789:4582	3934
61DFRAAXX100204:2:111:9781:10244	2341
61DFRAAXX100204:2:112:18622:2496	2341
61DFRAAXX100204:2:112:1981:13112	3934
61DFRAAXX100204:2:114:3294:8473	1599
61DFRAAXX100204:2:115:3813:13760	3934
61DFRAAXX100204:2:118:18294:5976	2341
61DFRAAXX100204:2:118:8744:7664	2341
61DFRAAXX100204:2:119:5792:11217	1599
61DFRAAXX100204:2:11:7981:7571	3934
61DFRAAXX100204:2:12:2886:16070	2342
61DFRAAXX100204:2:14:2725:3903	3467
61DFRAAXX100204:2:16:6670:6151	2341
61DFRAAXX100204:2:18:12014:9885	1599
61DFRAAXX100204:2:1:17447:4358	2341
61DFRAAXX100204:2:21:10929:12995	1599
61DFRAAXX100204:2:21:5065:11775	3934
61DFRAAXX100204:2:21:9659:14373	4651,1599
61DFRAAXX100204:2:24:12724:17900	2341
61DFRAAXX100204:2:24:6891:2180	2341
61DFRAAXX100204:2:25:11170:8912	2341
61DFRAAXX100204:2:25:14301:11242	2341
61DFRAAXX100204:2:25:7347:5444	3467
61DFRAAXX100204:2:26:17369:11435	1599
61DFRAAXX100204:2:29:10856:1964	3934
61DFRAAXX100204:2:29:6510:15712	2341
61DFRAAXX100204:2:2:2069:1889	1599
61DFRAAXX100204:2:31:11997:10154	2341
61DFRAAXX100204:2:31:12915:10575	1599
61DFRAAXX100204:2:31:15835:14026	3934,3467
61DFRAAXX100204:2:32:18892:5847	2341
61DFRAAXX100204:2:33:4430:1429	1599
61DFRAAXX100204:2:37:10051:13664	2342
61DFRAAXX100204:2:39:14590:9063	3934
61DFRAAXX100204:2:40:13444:19182	2341
61DFRAAXX100204:2:40:6156:6377	2341
61DFRAAXX100204:2:41:13531:4034	2341
61DFRAAXX100204:2:42:10580:19020	2341
61DFRAAXX100204:2:43:18654:8835	3934
61DFRAAXX100204:2:44:15068:17530	2341
61DFRAAXX100204:2:44:3037:6778	4651,1599
61DFRAAXX100204:2:44:5117:9014	1599
61DFRAAXX100204:2:45:10292:19835	3934
61DFRAAXX100204:2:46:7404:1841	3467
61DFRAAXX100204:2:48:5420:7109	1599
61DFRAAXX100204:2:49:9603:2248	3934
61DFRAAXX100204:2:53:4060:20907	3934
61DFRAAXX100204:2:54:5190:14924	2341
61DFRAAXX100204:2:54:8942:18305	1599
61DFRAAXX100204:2:56:11874:20093	3934
61DFRAAXX100204:2:57:19331:15563	2341
61DFRAAXX100204:2:57:9613:14377	1599
61DFRAAXX100204:2:58:11724:15473	3934
61DFRAAXX100204:2:58:19721:14369	2341
61DFRAAXX100204:2:59:7055:9861	2341
61DFRAAXX100204:2:5:17080:13982	3467
61DFRAAXX100204:2:5:18633:15967	2341
61DFRAAXX100204:2:5:8431:11870	1599
61DFRAAXX100204:2:64:18849:18349	3934,3467
61DFRAAXX100204:2:66:18230:13324	2341
61DFRAAXX100204:2:66:6392:14275	2341
61DFRAAXX100204:2:67:11212:10958	2341
61DFRAAXX100204:2:69:1633:14982	3934
61DFRAAXX100204:2:69:17373:16194	2341
61DFRAAXX100204:2:70:3233:8037	2341
61DFRAAXX100204:2:74:12194:2523	2341
61DFRAAXX100204:2:75:2029:4614	1599
61DFRAAXX100204:2:77:9572:19876	1599
61DFRAAXX100204:2:78:17842:2724	2341
61DFRAAXX100204:2:82:14054:19329	1599
61DFRAAXX100204:2:84:16296:12290	2341
61DFRAAXX100204:2:84:9292:10856	1599,5646
61DFRAAXX100204:2:85:11540:16194	3934,3467
61DFRAAXX100204:2:88:1243:4332	2341
61DFRAAXX100204:2:88:7713:16372	1599
61DFRAAXX100204:2:8:6144:7130	3934
61DFRAAXX100204:2:91:13839:17301	2341
61DFRAAXX100204:2:91:4499:10377	4651,1599
61DFRAAXX100204:2:92:12496:16387	2341
61DFRAAXX100204:2:94:8571:18947	4651,1599
61DFRAAXX100204:2:95:18965:18922	1599
61DFRAAXX100204:2:96:18573:2316	3934
61DFRAAXX100204:2:96:5704:17272	3934
61DFRAAXX100204:2:97:12784:4900	3934
61DFRAAXX100204:2:97:9791:2432	2341
61DFRAAXX100204:2:98:17520:7772	2341
61DFRAAXX100204:2:99:10688:7814	2341
61DFRAAXX100204:2:99:12463:8569	3934
61DFRAAXX100204:2:9:6503:4361	2341
61DFRAAXX100204:1:100:14896:16054	2341
61DFRAAXX100204:1:100:3192:11794	2341
61DFRAAXX100204:1:103:2670:20660	2341,4651
61DFRAAXX100204:1:104:18495:9410	2341
61DFRAAXX100204:1:112:12856:8551	1599
61DFRAAXX100204:1:115:13097:5980	3934
61DFRAAXX100204:1:115:5013:10454	2341
61DFRAAXX100204:1:117:4983:9150	2341
61DFRAAXX100204:1:118:16320:10697	3934
61DFRAAXX100204:1:11:5512:5749	2341,4651
61DFRAAXX100204:1:120:15740:8163	2341
61DFRAAXX100204:1:15:12709:1508	2341
61DFRAAXX100204:1:15:7438:18226	1599
61DFRAAXX100204:1:16:18621:7929	1599
61DFRAAXX100204:1:18:7089:11997	2341
61DFRAAXX100204:1:19:17257:3947	3934
61DFRAAXX100204:1:19:18491:5333	2341
61DFRAAXX100204:1:1:16599:4512	1599
61DFRAAXX100204:1:20:4146:1304	2341
61DFRAAXX100204:1:23:18604:20603	3934
61DFRAAXX100204:1:28:12733:15294	2341
61DFRAAXX100204:1:28:16718:16891	2341
61DFRAAXX100204:1:28:6903:1264	3467
61DFRAAXX100204:1:30:8882:7861	2341
61DFRAAXX100204:1:31:12024:4567	2341
61DFRAAXX100204:1:34:19036:17153	2341
61DFRAAXX100204:1:38:17095:11502	2341
61DFRAAXX100204:1:38:18991:16926	2341
61DFRAAXX100204:1:39:15912:19519	2341
61DFRAAXX100204:1:39:18382:15062	2341
61DFRAAXX100204:1:3:16543:9756	3934
61DFRAAXX100204:1:3:3481:4325	2341
61DFRAAXX100204:1:48:17935:17218	2341
61DFRAAXX100204:1:49:3594:1534	2341
61DFRAAXX100204:1:52:15565:15405	2341
61DFRAAXX100204:1:52:19483:1941	2341
61DFRAAXX100204:1:5:3877:9920	3934
61DFRAAXX100204:1:63:11805:7267	4651,1599
61DFRAAXX100204:1:76:5367:19493	5646,3934
61DFRAAXX100204:1:77:19398:17865	2341
61DFRAAXX100204:1:77:8327:19614	2341
61DFRAAXX100204:1:7:17263:18352	3934
61DFRAAXX100204:1:85:2953:11325	2341
61DFRAAXX100204:1:86:7544:1467	2341
61DFRAAXX100204:1:87:19713:5981	2341
61DFRAAXX100204:1:8:18351:5559	2341
61DFRAAXX100204:1:90:12441:4688	2341
61DFRAAXX100204:1:93:19259:3088	3934
61DFRAAXX100204:1:98:19695:4097	5646,3934
61DFRAAXX100204:1:99:15297:15472	2341
61DFRAAXX100204:1:99:3259:8550	2341
61DFRAAXX100204:2:102:1229:12657	2341
61DFRAAXX100204:2:104:8869:12944	1599
61DFRAAXX100204:2:106:9011:9487	2341
61DFRAAXX100204:2:107:3367:7326	2341
61DFRAAXX100204:2:107:7863:9136	1599
61DFRAAXX100204:2:112:4742:8671	2341
61DFRAAXX100204:2:113:5822:17377	2341
61DFRAAXX100204:2:12:2277:20685	3934
61DFRAAXX100204:2:13:9758:6803	4651
61DFRAAXX100204:2:15:2335:10544	3934
61DFRAAXX100204:2:15:3729:12570	2341
61DFRAAXX100204:2:23:4840:20474	3934
61DFRAAXX100204:2:26:16448:13715	2341
61DFRAAXX100204:2:29:4507:10556	2341
61DFRAAXX100204:2:2:8732:14129	3934,3467
61DFRAAXX100204:2:34:18021:17441	2341
61DFRAAXX100204:2:34:5271:16960	5646,3934
61DFRAAXX100204:2:34:9774:20263	2341
61DFRAAXX100204:2:35:9802:14938	2341
61DFRAAXX100204:2:36:15480:12470	1599
61DFRAAXX100204:2:36:4453:8258	2341
61DFRAAXX100204:2:37:11443:16190	1599
61DFRAAXX100204:2:37:17795:19859	3467
61DFRAAXX100204:2:37:19286:4827	3934
61DFRAAXX100204:2:41:19577:5568	2342
61DFRAAXX100204:2:46:15686:3023	1599
61DFRAAXX100204:2:47:11821:15478	2341
61DFRAAXX100204:2:4:5146:21155	2341
61DFRAAXX100204:2:51:19459:3886	2341
61DFRAAXX100204:2:52:18077:7518	2341
61DFRAAXX100204:2:5:16491:5812	4651
61DFRAAXX100204:2:61:3995:5683	3934
61DFRAAXX100204:2:62:3026:8715	2341
61DFRAAXX100204:2:76:4920:15061	2341
61DFRAAXX100204:2:7:5901:13026	1599
61DFRAAXX100204:2:7:6786:8649	2342
61DFRAAXX100204:2:83:5699:11926	2341
61DFRAAXX100204:2:85:13938:4752	1599
61DFRAAXX100204:2:85:19642:5727	4651
61DFRAAXX100204:2:86:17240:13579	2341
61DFRAAXX100204:2:87:9382:11966	1599
61DFRAAXX100204:2:88:19563:13455	2341
61DFRAAXX100204:2:93:11269:11284	2341
61DFRAAXX100204:2:94:8306:2158	1599
61DFRAAXX100204:2:95:13876:19765	2341
61DFRAAXX100204:2:96:12576:1915	2341
61DFRAAXX100204:2:96:14363:4930	2341
61DFRAAXX100204:2:97:11992:9002	2341
61DFRAAXX100204:2:98:17493:16247	2341
61DFRAAXX100204:2:9:11901:9796	2341
61DFRAAXX100204:1:112:11640:6740	1599
61DFRAAXX100204:1:119:8365:21010	2341
61DFRAAXX100204:1:12:15819:13477	3934
61DFRAAXX100204:1:16:12818:14824	2341
61DFRAAXX100204:1:22:9553:11180	2341
61DFRAAXX100204:1:2:2527:18646	2341
61DFRAAXX100204:1:32:10387:16130	3467
61DFRAAXX100204:1:45:15766:8385	3934
61DFRAAXX100204:1:48:6197:19869	3934
61DFRAAXX100204:1:58:10209:17461	3467
61DFRAAXX100204:1:61:14886:9670	2341
61DFRAAXX100204:1:61:6601:2490	1599
61DFRAAXX100204:1:61:7296:18079	1599
61DFRAAXX100204:1:62:5561:3544	1599
61DFRAAXX100204:1:63:12891:7668	2341
61DFRAAXX100204:1:69:7489:8176	2341
61DFRAAXX100204:1:78:14561:4542	2341
61DFRAAXX100204:1:90:6430:17065	2341
61DFRAAXX100204:1:93:12045:18095	1599,3956,3934
61DFRAAXX100204:1:97:19257:17004	1599
61DFRAAXX100204:2:100:19050:11113	2341
61DFRAAXX100204:2:101:15778:14296	2341
61DFRAAXX100204:2:105:10952:11030	2341
61DFRAAXX100204:2:108:4756:20837	1599
61DFRAAXX100204:2:10:4122:5410	2341
61DFRAAXX100204:2:112:14657:4452	2341
61DFRAAXX100204:2:12:15180:3491	2341
61DFRAAXX100204:2:18:7546:10540	2341
61DFRAAXX100204:2:29:7451:13556	2341,4651
61DFRAAXX100204:2:36:12837:12376	2341
61DFRAAXX100204:2:36:2374:7029	1599
61DFRAAXX100204:2:48:7690:9234	2341
61DFRAAXX100204:2:49:13452:7686	2341
61DFRAAXX100204:2:4:6305:8909	3934
61DFRAAXX100204:2:52:4279:19510	1599
61DFRAAXX100204:2:65:11466:4453	2341
61DFRAAXX100204:2:74:17021:9495	4651
61DFRAAXX100204:2:75:1113:18736	2341
61DFRAAXX100204:2:75:8001:2250	1599,3956,3934
61DFRAAXX100204:2:78:10856:14634	4651
61DFRAAXX100204:2:83:8075:19252	2341
61DFRAAXX100204:2:87:19711:9744	4651,1599
61DFRAAXX100204:2:8:4618:15946	1599
61DFRAAXX100204:1:103:10476:13259	2341
61DFRAAXX100204:1:103:8370:15006	2341
61DFRAAXX100204:1:104:16532:2145	2341
61DFRAAXX100204:1:105:3328:1831	2341
61DFRAAXX100204:1:108:11743:8124	2341
61DFRAAXX100204:1:109:9444:9442	2341
61DFRAAXX100204:1:10:12468:1889	2341
61DFRAAXX100204:1:111:13723:20042	2341
61DFRAAXX100204:1:112:2481:16989	3934
61DFRAAXX100204:1:117:6031:15824	2341
61DFRAAXX100204:1:11:2821:11079	2341
61DFRAAXX100204:1:120:7605:17420	2341
61DFRAAXX100204:1:16:7208:4570	2341
61DFRAAXX100204:1:20:19371:12514	2341
61DFRAAXX100204:1:25:12429:13101	1599
61DFRAAXX100204:1:25:12506:17695	2341
61DFRAAXX100204:1:26:12368:8519	2341
61DFRAAXX100204:1:26:6090:1130	2341
61DFRAAXX100204:1:33:14892:12716	2341
61DFRAAXX100204:1:60:18611:5749	2341
61DFRAAXX100204:1:61:17624:6561	4651
61DFRAAXX100204:1:61:2190:14531	3934
61DFRAAXX100204:1:61:3096:4698	1599
61DFRAAXX100204:1:62:7127:19745	3934
61DFRAAXX100204:1:66:8858:19594	2341
61DFRAAXX100204:1:80:10720:2930	2341
61DFRAAXX100204:1:85:4891:14875	2341
61DFRAAXX100204:1:86:18617:17842	2341
61DFRAAXX100204:1:86:5913:16718	2341
61DFRAAXX100204:1:8:14385:4956	2341
61DFRAAXX100204:1:8:5671:10264	2341
61DFRAAXX100204:1:93:8558:16460	2341
61DFRAAXX100204:1:94:8937:1326	1599
61DFRAAXX100204:1:97:3696:8104	2341
61DFRAAXX100204:1:99:19461:19434	2341
61DFRAAXX100204:2:101:3168:2259	2341
61DFRAAXX100204:2:105:2214:1664	2341
61DFRAAXX100204:2:109:10687:16642	2341
61DFRAAXX100204:2:110:1397:9667	2341
61DFRAAXX100204:2:110:18504:11535	2341
61DFRAAXX100204:2:11:6116:3137	2341
61DFRAAXX100204:2:120:3998:13357	2341
61DFRAAXX100204:2:12:12393:3099	2341
61DFRAAXX100204:2:15:19326:8407	2341
61DFRAAXX100204:2:17:19281:15059	1599
61DFRAAXX100204:2:20:16787:15488	2341
61DFRAAXX100204:2:22:13358:13896	2341
61DFRAAXX100204:2:23:3791:2478	2341
61DFRAAXX100204:2:30:5670:13728	2341
61DFRAAXX100204:2:37:12871:17820	2341
61DFRAAXX100204:2:38:18888:5105	1599
61DFRAAXX100204:2:3:11834:4994	2341
61DFRAAXX100204:2:42:12086:5968	2341
61DFRAAXX100204:2:42:8497:19035	2341
61DFRAAXX100204:2:44:18171:4059	2341
61DFRAAXX100204:2:44:18954:11076	2341
61DFRAAXX100204:2:46:15414:6037	2341
61DFRAAXX100204:2:47:14493:21124	2341
61DFRAAXX100204:2:49:12883:3535	2341
61DFRAAXX100204:2:4:14139:21191	3934
61DFRAAXX100204:2:50:6466:19289	2341
61DFRAAXX100204:2:51:15430:4637	2341
61DFRAAXX100204:2:52:11859:11588	2341
61DFRAAXX100204:2:52:14162:4857	2341
61DFRAAXX100204:2:57:12877:13143	2341
61DFRAAXX100204:2:57:18857:13483	2342
61DFRAAXX100204:2:57:8894:19414	2341
61DFRAAXX100204:2:61:2969:11034	2341
61DFRAAXX100204:2:63:8773:1701	2341
61DFRAAXX100204:2:73:1052:15577	2341
61DFRAAXX100204:2:73:17228:17063	5646,3934
61DFRAAXX100204:2:74:3890:10633	2341
61DFRAAXX100204:2:77:12389:11736	1599
61DFRAAXX100204:2:82:12332:5822	2341
61DFRAAXX100204:2:84:7598:12363	3467
61DFRAAXX100204:2:85:6707:3957	2341
61DFRAAXX100204:2:88:3928:3999	2341
61DFRAAXX100204:2:91:2790:10510	2341
61DFRAAXX100204:2:92:7460:6489	1599
61DFRAAXX100204:2:96:1120:6368	1599
61DFRAAXX100204:2:9:9816:18050	2341
61DFRAAXX100204:1:103:9116:11782	2341
61DFRAAXX100204:1:104:8199:5301	2341
61DFRAAXX100204:1:109:7117:7577	3934
61DFRAAXX100204:1:118:10049:2088	3934
61DFRAAXX100204:1:11:13116:7520	2341
61DFRAAXX100204:1:13:17028:5835	2341
61DFRAAXX100204:1:18:10941:18200	2341
61DFRAAXX100204:1:21:10087:1905	2341
61DFRAAXX100204:1:21:5442:14264	1599
61DFRAAXX100204:1:25:12317:2761	3934
61DFRAAXX100204:1:26:17930:11669	1599
61DFRAAXX100204:1:2:8476:4409	2341
61DFRAAXX100204:1:34:16285:12791	2341
61DFRAAXX100204:1:34:17760:2717	2341
61DFRAAXX100204:1:36:16137:14022	3467
61DFRAAXX100204:1:43:7292:5142	2341
61DFRAAXX100204:1:46:11968:13604	1599
61DFRAAXX100204:1:46:14401:11276	4651,1599
61DFRAAXX100204:1:46:17467:17315	4651,1599
61DFRAAXX100204:1:50:5291:15691	2341
61DFRAAXX100204:1:60:6768:8260	2341
61DFRAAXX100204:1:62:2354:20529	2341
61DFRAAXX100204:1:63:3054:19918	3934
61DFRAAXX100204:1:74:8307:2569	2341
61DFRAAXX100204:1:74:9815:3590	3934
61DFRAAXX100204:1:80:15518:7553	2341
61DFRAAXX100204:1:83:17726:7303	3934
61DFRAAXX100204:1:87:9886:8890	2341
61DFRAAXX100204:1:88:13917:14142	3467
61DFRAAXX100204:1:93:16376:4646	2341
61DFRAAXX100204:1:95:17108:5277	2341
61DFRAAXX100204:2:102:12380:20712	3934
61DFRAAXX100204:2:102:4449:8631	3934
61DFRAAXX100204:2:106:1524:17401	1599
61DFRAAXX100204:2:106:9685:12859	2341
61DFRAAXX100204:2:108:12483:20317	3934
61DFRAAXX100204:2:109:7216:2028	2341
61DFRAAXX100204:2:111:14239:17092	3934
61DFRAAXX100204:2:112:13884:21081	4651
61DFRAAXX100204:2:114:16935:19241	2341
61DFRAAXX100204:2:117:18525:8737	3934
61DFRAAXX100204:2:11:15550:18917	3467
61DFRAAXX100204:2:13:2031:1687	3934
61DFRAAXX100204:2:18:10678:6093	4651
61DFRAAXX100204:2:24:19273:8279	2341
61DFRAAXX100204:2:25:16536:9123	3934
61DFRAAXX100204:2:26:18375:5735	3934
61DFRAAXX100204:2:27:6442:13436	3934
61DFRAAXX100204:2:2:11680:16113	2341
61DFRAAXX100204:2:38:6478:9466	2341
61DFRAAXX100204:2:49:14626:16532	2341
61DFRAAXX100204:2:52:10433:19221	2341
61DFRAAXX100204:2:64:2725:7546	2341
61DFRAAXX100204:2:66:3477:2914	1599,3956,3934
61DFRAAXX100204:2:71:16766:18315	3934
61DFRAAXX100204:2:71:7361:19263	1599
61DFRAAXX100204:2:71:9298:9309	2341
61DFRAAXX100204:2:75:19793:8348	3934,2342
61DFRAAXX100204:2:78:13527:6685	1599
61DFRAAXX100204:2:81:8447:11331	3934
61DFRAAXX100204:2:84:19200:10826	2341
61DFRAAXX100204:2:94:18612:7431	2341
61DFRAAXX100204:2:99:16883:6857	3934
61DFRAAXX100204:1:105:1066:5759	3467
61DFRAAXX100204:1:119:2619:11268	3934
61DFRAAXX100204:1:11:17365:5695	2341
61DFRAAXX100204:1:12:10343:1922	3934
61DFRAAXX100204:1:15:12386:20636	3467
61DFRAAXX100204:1:18:19701:18809	2341
61DFRAAXX100204:1:23:7791:6222	2341
61DFRAAXX100204:1:43:13648:5864	2341
61DFRAAXX100204:1:48:18650:20163	2341
61DFRAAXX100204:1:49:9617:7630	3934
61DFRAAXX100204:1:61:16685:16269	2341
61DFRAAXX100204:1:68:12673:11761	2341
61DFRAAXX100204:1:76:15231:10214	2341
61DFRAAXX100204:1:81:17102:18981	2341
61DFRAAXX100204:1:8:7143:1187	1599
61DFRAAXX100204:1:92:13006:12808	3934
61DFRAAXX100204:2:100:1452:20903	3934
61DFRAAXX100204:2:103:6913:16559	2341
61DFRAAXX100204:2:109:3664:4021	4651
61DFRAAXX100204:2:110:3635:5391	2341
61DFRAAXX100204:2:118:15968:12234	2341
61DFRAAXX100204:2:15:16879:10709	2341
61DFRAAXX100204:2:19:2521:1833	3934
61DFRAAXX100204:2:32:7791:1604	2341
61DFRAAXX100204:2:35:8151:17555	2341
61DFRAAXX100204:2:36:4322:12665	1599
61DFRAAXX100204:2:39:15057:19603	2341
61DFRAAXX100204:2:44:10426:14025	2341
61DFRAAXX100204:2:49:4619:13845	2341
61DFRAAXX100204:2:4:12139:8087	1599
61DFRAAXX100204:2:57:13158:7407	2341
61DFRAAXX100204:2:67:13848:9610	2341
61DFRAAXX100204:2:67:16492:8029	2342
61DFRAAXX100204:2:85:18978:15321	2341
61DFRAAXX100204:2:88:2412:21265	2341
61DFRAAXX100204:2:89:3779:19327	2341
61DFRAAXX100204:2:91:11722:20984	2341
61DFRAAXX100204:2:92:5643:7321	3934
61DFRAAXX100204:2:97:15432:6957	1599
61DFRAAXX100204:2:9:12482:2229	2341
61DFRAAXX100204:1:101:16712:16362	1599
61DFRAAXX100204:1:101:1677:15856	2341
61DFRAAXX100204:1:101:17403:13368	2341
61DFRAAXX100204:1:101:18783:12677	3934
61DFRAAXX100204:1:101:8076:3010	3934
61DFRAAXX100204:1:14:18690:2667	2341
61DFRAAXX100204:1:31:8911:10788	3934
61DFRAAXX100204:1:40:4159:3582	2342
61DFRAAXX100204:1:63:16858:5405	2341
61DFRAAXX100204:1:80:9635:5606	2341
61DFRAAXX100204:1:84:3303:1483	2341
61DFRAAXX100204:1:85:13943:7323	1599
61DFRAAXX100204:2:109:2200:17049	2341
61DFRAAXX100204:2:30:13938:5082	2342
61DFRAAXX100204:2:34:7211:16100	2341
61DFRAAXX100204:2:42:19691:3260	2341
61DFRAAXX100204:2:91:3351:13551	3934
61DFRAAXX100204:1:109:14559:17956	2341
61DFRAAXX100204:1:115:7622:8454	4651,1599
61DFRAAXX100204:1:37:18784:6025	3934
61DFRAAXX100204:1:6:2824:9751	3934
61DFRAAXX100204:1:75:10043:11079	2341
61DFRAAXX100204:1:97:16118:5525	3934
61DFRAAXX100204:2:2:15305:7426	2341
61DFRAAXX100204:2:41:15590:6267	2342
61DFRAAXX100204:2:58:15606:12653	2341
61DFRAAXX100204:2:70:2770:11160	2342
61DFRAAXX100204:2:89:14827:8661	1599
61DFRAAXX100204:2:8:18013:1530	3467
61DFRAAXX100204:2:98:5172:12729	2341
61DFRAAXX100204:1:101:12702:17785	2341
61DFRAAXX100204:1:108:18197:14980	2341
61DFRAAXX100204:1:10:16596:11766	1599
61DFRAAXX100204:1:16:13243:14291	3934
61DFRAAXX100204:1:38:10976:10235	2342
61DFRAAXX100204:1:45:3677:2222	2341
61DFRAAXX100204:1:76:16354:17148	2341
61DFRAAXX100204:2:20:14092:21131	2341
61DFRAAXX100204:2:23:7692:5508	2341
61DFRAAXX100204:2:78:1220:19857	1599
61DFRAAXX100204:2:7:16796:14828	2341
61DFRAAXX100204:1:120:17396:11985	2341
61DFRAAXX100204:1:15:13006:13149	3934
61DFRAAXX100204:1:5:1688:1539	2341
61DFRAAXX100204:2:102:9237:3502	2341
61DFRAAXX100204:2:104:6911:2520	1599
61DFRAAXX100204:2:114:17022:16754	3467
61DFRAAXX100204:2:11:8803:6042	2341
61DFRAAXX100204:2:16:11453:4090	2341
61DFRAAXX100204:2:52:19454:20220	2341
61DFRAAXX100204:2:5:9416:5436	1599
61DFRAAXX100204:2:6:12382:17208	2342
61DFRAAXX100204:2:96:15763:1114	1599,3956
61DFRAAXX100204:1:104:18533:13621	2341
61DFRAAXX100204:1:111:7974:13395	3934
61DFRAAXX100204:1:113:14311:6806	2341
61DFRAAXX100204:1:114:5888:11750	2341
61DFRAAXX100204:1:116:9350:12467	2341
61DFRAAXX100204:1:117:1588:12000	1599
61DFRAAXX100204:1:119:19160:4077	2341
61DFRAAXX100204:1:11:7925:7543	2341
61DFRAAXX100204:1:120:16337:11765	2341
61DFRAAXX100204:1:120:2781:5965	2341
61DFRAAXX100204:1:12:18475:3800	2341
61DFRAAXX100204:1:14:7123:8434	2341
61DFRAAXX100204:1:22:4019:10842	2341
61DFRAAXX100204:1:23:17223:10151	2341
61DFRAAXX100204:1:26:8491:18544	2341
61DFRAAXX100204:1:28:11633:7039	2341
61DFRAAXX100204:1:31:7078:10094	1599
61DFRAAXX100204:1:32:18254:8862	2341
61DFRAAXX100204:1:33:4277:6189	2341
61DFRAAXX100204:1:44:8866:2735	2341
61DFRAAXX100204:1:4:4184:15630	2341
61DFRAAXX100204:1:54:11961:15523	2341
61DFRAAXX100204:1:54:14976:3600	2341
61DFRAAXX100204:1:54:15836:1107	1599
61DFRAAXX100204:1:54:19801:16632	4651
61DFRAAXX100204:1:54:4740:10791	1599
61DFRAAXX100204:1:55:13152:18309	2341
61DFRAAXX100204:1:55:17078:19240	1599
61DFRAAXX100204:1:55:5547:4515	3467
61DFRAAXX100204:1:55:7582:21388	3934
61DFRAAXX100204:1:66:3196:17228	2341
61DFRAAXX100204:1:67:8427:15677	2341
61DFRAAXX100204:1:69:6864:9147	2341
61DFRAAXX100204:1:7:12786:9495	2341
61DFRAAXX100204:1:87:11731:20305	2341
61DFRAAXX100204:1:89:5481:2525	2341
61DFRAAXX100204:1:91:14519:8682	2341
61DFRAAXX100204:1:92:11924:4364	2341
61DFRAAXX100204:1:92:9608:18547	2341
61DFRAAXX100204:1:97:14212:12361	2341
61DFRAAXX100204:1:9:19765:4226	2341
61DFRAAXX100204:2:103:10360:18079	2341
61DFRAAXX100204:2:104:13760:18899	2341
61DFRAAXX100204:2:113:18459:12679	2341
61DFRAAXX100204:2:117:9549:1326	2341
61DFRAAXX100204:2:12:7081:11878	1599
61DFRAAXX100204:2:15:14571:18419	2341
61DFRAAXX100204:2:18:10121:17866	2341
61DFRAAXX100204:2:1:7735:5632	2341
61DFRAAXX100204:2:20:11054:14150	2341
61DFRAAXX100204:2:23:4182:12029	2341
61DFRAAXX100204:2:2:15557:16144	2341
61DFRAAXX100204:2:32:9314:15600	2341
61DFRAAXX100204:2:34:12759:14071	2341
61DFRAAXX100204:2:36:19768:19367	2341
61DFRAAXX100204:2:39:5761:12231	2341
61DFRAAXX100204:2:43:12903:18568	2341
61DFRAAXX100204:2:4:8037:3333	2341
61DFRAAXX100204:2:55:3852:16206	2341
61DFRAAXX100204:2:56:4875:12126	2341
61DFRAAXX100204:2:57:14706:8511	2341
61DFRAAXX100204:2:5:18028:12130	2341
61DFRAAXX100204:2:70:6215:3480	3934
61DFRAAXX100204:2:70:9640:10091	2341
61DFRAAXX100204:2:74:9647:15120	2341
61DFRAAXX100204:2:77:17888:19548	2341
61DFRAAXX100204:2:7:13466:18197	2341
61DFRAAXX100204:2:8:13499:20840	2341
61DFRAAXX100204:2:8:19795:19563	2341
61DFRAAXX100204:2:97:18624:11387	2341
61DFRAAXX100204:1:100:2761:17585	3934
61DFRAAXX100204:1:19:16082:4065	1599
61DFRAAXX100204:1:19:1819:8256	3467
61DFRAAXX100204:1:20:4682:8244	1599
61DFRAAXX100204:1:20:8664:5498	1599
61DFRAAXX100204:1:41:7990:9631	2341
61DFRAAXX100204:1:43:8525:17148	3934
61DFRAAXX100204:1:54:15401:8300	2341
61DFRAAXX100204:1:54:16004:2808	3934
61DFRAAXX100204:1:55:13620:5259	2341
61DFRAAXX100204:1:65:7859:13732	1599
61DFRAAXX100204:1:67:15177:16208	4651
61DFRAAXX100204:1:80:18819:14477	4651
61DFRAAXX100204:1:94:14744:17482	2341
61DFRAAXX100204:2:116:11352:19424	1599
61DFRAAXX100204:2:28:2796:6222	2341
61DFRAAXX100204:2:35:14511:8557	1599
61DFRAAXX100204:2:3:5576:16849	2341
61DFRAAXX100204:2:4:9574:18139	2341
61DFRAAXX100204:2:59:11366:14864	1599
61DFRAAXX100204:2:62:16009:12927	2341
61DFRAAXX100204:2:6:9522:17901	2341
61DFRAAXX100204:2:86:18247:1156	2341
61DFRAAXX100204:1:101:7704:9761	4651,1599
61DFRAAXX100204:1:116:13345:14592	3934,2342
61DFRAAXX100204:1:14:13767:5519	1599
61DFRAAXX100204:1:16:10792:15940	2341
61DFRAAXX100204:1:31:9078:1388	2341
61DFRAAXX100204:1:3:10387:16182	2341
61DFRAAXX100204:1:3:6749:7591	3467
61DFRAAXX100204:1:55:11089:19480	2341
61DFRAAXX100204:1:78:13635:13699	3934
61DFRAAXX100204:1:78:7362:10372	3467
61DFRAAXX100204:1:7:15832:16084	2341
61DFRAAXX100204:2:108:18444:11270	3467
61DFRAAXX100204:2:15:18633:18420	1599
61DFRAAXX100204:2:56:11839:16767	2341
61DFRAAXX100204:2:78:15124:12905	2341
61DFRAAXX100204:2:78:4138:1776	2341
61DFRAAXX100204:2:7:4923:1978	2341
61DFRAAXX100204:2:94:4403:15300	3934
61DFRAAXX100204:2:98:13702:1652	2341
61DFRAAXX100204:2:99:17560:1970	2341
61DFRAAXX100204:2:99:18349:7338	3467
61DFRAAXX100204:1:100:2394:2436	2341
61DFRAAXX100204:1:33:14670:17092	2341
61DFRAAXX100204:1:54:11639:20223	2341
61DFRAAXX100204:1:5:15628:21145	1599
61DFRAAXX100204:1:64:11038:12976	2341
61DFRAAXX100204:1:64:16457:17289	3934
61DFRAAXX100204:1:64:2579:13708	3934,2342
61DFRAAXX100204:1:95:3938:20606	2341
61DFRAAXX100204:2:104:6379:19026	1599
61DFRAAXX100204:2:111:4591:8055	2341
61DFRAAXX100204:2:1:3940:20811	2341
61DFRAAXX100204:2:63:13573:10380	2341
61DFRAAXX100204:2:63:13594:10382	2341
61DFRAAXX100204:2:69:13171:20570	2341
61DFRAAXX100204:2:82:4869:20988	3934
61DFRAAXX100204:2:89:8180:21178	2341
61DFRAAXX100204:1:115:8565:13023	2341
61DFRAAXX100204:1:1:1129:20636	4651,1599
61DFRAAXX100204:1:26:19102:17298	2341
61DFRAAXX100204:1:31:11832:9765	2342
61DFRAAXX100204:1:4:12249:12815	2341
61DFRAAXX100204:1:63:16324:18195	2341
61DFRAAXX100204:2:15:7280:1337	3934,2342
61DFRAAXX100204:2:33:6973:6226	2342
61DFRAAXX100204:2:49:14005:17743	2341
61DFRAAXX100204:2:78:2752:7073	2341
61DFRAAXX100204:2:90:7433:1208	1599
61DFRAAXX100204:2:92:1579:6759	2341
61DFRAAXX100204:1:21:4272:1189	2341
61DFRAAXX100204:1:28:7821:5120	2341
61DFRAAXX100204:1:47:14030:18969	3934
61DFRAAXX100204:1:47:16403:14535	2341
61DFRAAXX100204:1:47:9513:14202	4651,1599
61DFRAAXX100204:1:49:11221:12053	1599
61DFRAAXX100204:1:62:7401:9562	3934
61DFRAAXX100204:1:78:15951:13181	3467
61DFRAAXX100204:2:102:14265:20825	3467
61DFRAAXX100204:2:109:9804:19104	3467
61DFRAAXX100204:2:15:12013:16994	1599,3956
61DFRAAXX100204:2:29:3146:19328	2341
61DFRAAXX100204:2:34:7295:19387	2341
61DFRAAXX100204:2:68:17995:10678	3467
61DFRAAXX100204:2:75:13450:6797	2341
61DFRAAXX100204:2:90:1701:18875	3934
61DFRAAXX100204:1:19:13423:10923	3956,3934
61DFRAAXX100204:1:19:9537:11882	3934
61DFRAAXX100204:1:24:14586:17598	3467
61DFRAAXX100204:1:63:11753:3127	1599
61DFRAAXX100204:1:8:10274:19481	3934
61DFRAAXX100204:2:42:12965:2388	1599
61DFRAAXX100204:2:48:5388:18025	3467
61DFRAAXX100204:2:5:4825:1655	2341,4651
61DFRAAXX100204:2:6:6165:14165	3467
61DFRAAXX100204:2:96:16548:18298	3467
61DFRAAXX100204:1:20:16400:14420	2341
61DFRAAXX100204:1:26:6746:21063	3467
61DFRAAXX100204:1:32:15349:17400	2341
61DFRAAXX100204:1:49:12319:2770	3467
61DFRAAXX100204:1:71:15307:16484	3934
61DFRAAXX100204:1:71:15480:15785	1599
61DFRAAXX100204:1:71:15526:20933	1599
61DFRAAXX100204:1:71:8991:7370	2341
61DFRAAXX100204:1:72:10545:10395	3934
61DFRAAXX100204:1:72:11191:13808	1599
61DFRAAXX100204:1:72:15781:18287	3934
61DFRAAXX100204:1:72:3413:9986	1599
61DFRAAXX100204:1:72:4922:4823	2341
61DFRAAXX100204:1:72:5822:16534	2341
61DFRAAXX100204:1:72:7006:6680	1599
61DFRAAXX100204:1:72:9773:19001	2341
61DFRAAXX100204:1:73:2437:2515	2341
61DFRAAXX100204:1:75:5108:6577	3467
61DFRAAXX100204:1:81:12839:1259	3934
61DFRAAXX100204:1:92:7524:3153	2341
61DFRAAXX100204:2:110:8508:6536	3934
61DFRAAXX100204:2:111:12164:3667	3467
61DFRAAXX100204:2:15:13433:19846	3467
61DFRAAXX100204:2:28:3434:9438	1599,5646
61DFRAAXX100204:2:29:12147:17023	3467
61DFRAAXX100204:2:3:17214:4427	1599
61DFRAAXX100204:2:53:8081:12266	2342
61DFRAAXX100204:2:6:16796:15220	3934
61DFRAAXX100204:2:88:11209:14561	3934
61DFRAAXX100204:2:88:12889:2467	2341
61DFRAAXX100204:1:105:12887:5108	3467
61DFRAAXX100204:1:119:13009:10602	2341
61DFRAAXX100204:1:16:6182:20961	1599
61DFRAAXX100204:1:66:19781:9378	2342
61DFRAAXX100204:1:72:13458:4484	2341
61DFRAAXX100204:1:84:13400:16974	2341
61DFRAAXX100204:1:85:3776:14053	2341
61DFRAAXX100204:1:97:6510:4607	2341
61DFRAAXX100204:1:98:19659:3120	4651
61DFRAAXX100204:2:102:9218:11514	3467
61DFRAAXX100204:2:104:16466:13953	2341
61DFRAAXX100204:2:14:16001:7159	1599
61DFRAAXX100204:2:14:16995:2715	3467
61DFRAAXX100204:2:48:15798:15149	3467
61DFRAAXX100204:2:49:17701:2279	3934
61DFRAAXX100204:2:70:1702:19937	2341
61DFRAAXX100204:2:81:9873:13814	2341
61DFRAAXX100204:2:85:5634:13628	3934
61DFRAAXX100204:2:97:8836:9244	3934
61DFRAAXX100204:1:20:2952:7683	2341
61DFRAAXX100204:1:37:17419:10673	4651,1599
61DFRAAXX100204:1:62:19012:16368	1599
61DFRAAXX100204:1:88:16797:2052	2342
61DFRAAXX100204:1:93:12197:11978	2341
61DFRAAXX100204:2:120:14758:14201	3934
61DFRAAXX100204:2:27:6600:3503	5646,3934
61DFRAAXX100204:1:115:11405:16460	2341
61DFRAAXX100204:1:117:18834:16470	2341
61DFRAAXX100204:1:118:12818:15721	2341
61DFRAAXX100204:1:120:12536:14510	1599,3956
61DFRAAXX100204:1:22:3434:6632	2341
61DFRAAXX100204:1:24:19321:12960	3934
61DFRAAXX100204:1:28:2454:14374	2341
61DFRAAXX100204:1:31:2396:4083	3934
61DFRAAXX100204:1:35:10890:16174	3934
61DFRAAXX100204:1:47:10050:4881	2341
61DFRAAXX100204:1:48:8249:8816	1599,3956
61DFRAAXX100204:1:57:3704:14759	1599
61DFRAAXX100204:1:70:17449:19936	2341
61DFRAAXX100204:1:74:17451:19471	2341
61DFRAAXX100204:1:74:18250:19541	2341
61DFRAAXX100204:1:7:4875:19134	2341
61DFRAAXX100204:2:110:15752:11544	2341
61DFRAAXX100204:2:112:12163:16469	2342
61DFRAAXX100204:2:25:13067:20744	2341
61DFRAAXX100204:2:2:6635:12607	2341
61DFRAAXX100204:2:30:9527:4230	2341
61DFRAAXX100204:2:31:18281:1814	2341
61DFRAAXX100204:2:39:8950:9265	2341
61DFRAAXX100204:2:49:15245:1363	3934
61DFRAAXX100204:2:53:1657:8968	2341
61DFRAAXX100204:2:6:2051:1093	3467
61DFRAAXX100204:2:72:7306:8388	2341
61DFRAAXX100204:2:77:4149:8655	2341
61DFRAAXX100204:2:83:10132:9388	2341
61DFRAAXX100204:2:83:1776:16149	2341
61DFRAAXX100204:2:85:2252:9373	3934
61DFRAAXX100204:1:114:18533:16135	2341
61DFRAAXX100204:1:119:7697:9331	2341
61DFRAAXX100204:1:21:11219:6622	1599
61DFRAAXX100204:1:24:6300:9541	2341
61DFRAAXX100204:1:26:15306:6876	2341
61DFRAAXX100204:1:40:5429:11488	3467
61DFRAAXX100204:1:68:11705:7980	3934
61DFRAAXX100204:1:77:7594:7412	1599
61DFRAAXX100204:1:84:12252:20357	2341
61DFRAAXX100204:2:2:11468:17432	3934
61DFRAAXX100204:2:5:10988:8319	2341
61DFRAAXX100204:1:101:18841:8579	3467
61DFRAAXX100204:1:107:1166:18826	2341
61DFRAAXX100204:1:107:12428:18018	2341
61DFRAAXX100204:1:107:12534:16674	1599
61DFRAAXX100204:1:107:18713:11190	3934
61DFRAAXX100204:1:107:18800:3987	3467
61DFRAAXX100204:1:107:3402:18137	4651
61DFRAAXX100204:1:107:5240:19643	2341
61DFRAAXX100204:1:107:6950:19126	1599
61DFRAAXX100204:1:107:8597:13120	1599
61DFRAAXX100204:1:118:5717:1629	1599
61DFRAAXX100204:1:39:6782:15857	2341
61DFRAAXX100204:1:51:10530:7483	2341
61DFRAAXX100204:1:51:11994:8522	2341
61DFRAAXX100204:1:51:12897:12271	3467
61DFRAAXX100204:1:51:14937:17314	1599
61DFRAAXX100204:1:51:14966:19706	5646
61DFRAAXX100204:1:51:16741:15401	1599,3956
61DFRAAXX100204:1:51:17347:5760	1599,3956
61DFRAAXX100204:1:51:4651:17622	1599
61DFRAAXX100204:1:51:5481:12435	3934
61DFRAAXX100204:1:51:6767:6450	2341
61DFRAAXX100204:1:52:7670:19051	2341
61DFRAAXX100204:1:59:11353:15874	1599
61DFRAAXX100204:1:59:13055:19644	1599
61DFRAAXX100204:1:59:14975:15017	2341
61DFRAAXX100204:1:59:19081:21165	1599
61DFRAAXX100204:1:59:5013:9061	1599
61DFRAAXX100204:1:59:5111:2858	2341
61DFRAAXX100204:1:59:7225:7648	2341
61DFRAAXX100204:1:60:15600:18048	1599,3956
61DFRAAXX100204:1:77:9232:13158	2341
61DFRAAXX100204:1:94:4208:15903	2341
61DFRAAXX100204:2:109:13550:5294	2341
61DFRAAXX100204:2:113:8470:9855	1599
61DFRAAXX100204:2:119:14701:20015	4651
61DFRAAXX100204:2:11:3952:19049	2341
61DFRAAXX100204:2:13:10292:9186	2341
61DFRAAXX100204:2:59:6360:20328	2341
61DFRAAXX100204:2:77:4516:7928	5646,3934
61DFRAAXX100204:1:107:19583:5209	1599
61DFRAAXX100204:1:31:2467:12905	2341
61DFRAAXX100204:1:51:11581:10931	3934
61DFRAAXX100204:1:57:15762:2722	2341
61DFRAAXX100204:1:59:18391:18964	1599,3956
61DFRAAXX100204:1:77:12314:18865	2342
61DFRAAXX100204:1:83:13235:16384	3467
61DFRAAXX100204:1:8:7940:12179	2341
61DFRAAXX100204:1:93:12948:17027	4651
61DFRAAXX100204:2:112:10142:17528	2341
61DFRAAXX100204:2:33:14228:5751	2341
61DFRAAXX100204:2:6:16599:13356	3956,3934
61DFRAAXX100204:2:85:14853:16953	2342
61DFRAAXX100204:2:97:12448:5296	2341
