Component 0
2341	-1	0	TTTTCTTGCAATACACAAAAGTTT	1
2340	2341	1	TTTCTTGCAATACACAAAAGTTTA	1
2339	2340	2	TTCTTGCAATACACAAAAGTTTAT	1
2338	2339	2	TCTTGCAATACACAAAAGTTTATT	1
2337	2338	8	CTTGCAATACACAAAAGTTTATTT	1
2336	2337	19	TTGCAATACACAAAAGTTTATTTA	1
2335	2336	19	TGCAATACACAAAAGTTTATTTAT	1
5213	2335	21	GCAATACACAAAAGTTTATTTATT	1
2333	5213	23	CAATACACAAAAGTTTATTTATTT	1
5211	2333	25	AATACACAAAAGTTTATTTATTTA	1
2331	5211	26	ATACACAAAAGTTTATTTATTTAT	1
2330	2331	26	TACACAAAAGTTTATTTATTTATT	1
2329	2330	26	ACACAAAAGTTTATTTATTTATTT	1
2328	2329	26	CACAAAAGTTTATTTATTTATTTT	1
2327	2328	26	ACAAAAGTTTATTTATTTATTTTT	1
2326	2327	26	CAAAAGTTTATTTATTTATTTTTT	1
5204	2326	26	AAAAGTTTATTTATTTATTTTTTT	1
5203	5204	25	AAAGTTTATTTATTTATTTTTTTT	1
5202	5203	25	AAGTTTATTTATTTATTTTTTTTA	1
2322	5202	25	AGTTTATTTATTTATTTTTTTTAC	1
5200	2322	28	GTTTATTTATTTATTTTTTTTACT	1
2320	5200	0	TTTATTTATTTATTTTTTTTACTT	1
2319	2320	0	TTATTTATTTATTTTTTTTACTTT	1
2318	2319	0	TATTTATTTATTTTTTTTACTTTT	1
2317	2318	0	ATTTATTTATTTTTTTTACTTTTT	1
5195	2317	0	TTTATTTATTTTTTTTACTTTTTG	1
5194	5195	36	TTATTTATTTTTTTTACTTTTTGA	1
2314	5194	36	TATTTATTTTTTTTACTTTTTGAT	1
2313	2314	36	ATTTATTTTTTTTACTTTTTGATC	1
2312	2313	36	TTTATTTTTTTTACTTTTTGATCA	1
5190	2312	36	TTATTTTTTTTACTTTTTGATCAG	1
2310	5190	36	TATTTTTTTTACTTTTTGATCAGT	1
2309	2310	36	ATTTTTTTTACTTTTTGATCAGTC	1
2308	2309	36	TTTTTTTTACTTTTTGATCAGTCA	1
5186	2308	36	TTTTTTTACTTTTTGATCAGTCAG	1
2306	5186	37	TTTTTTACTTTTTGATCAGTCAGT	1
2305	2306	37	TTTTTACTTTTTGATCAGTCAGTT	1
2304	2305	37	TTTTACTTTTTGATCAGTCAGTTT	1
2303	2304	37	TTTACTTTTTGATCAGTCAGTTTT	1
5181	2303	38	TTACTTTTTGATCAGTCAGTTTTG	1
5180	5181	38	TACTTTTTGATCAGTCAGTTTTGA	1
5179	5180	38	ACTTTTTGATCAGTCAGTTTTGAA	1
5178	5179	39	CTTTTTGATCAGTCAGTTTTGAAG	1
5177	5178	41	TTTTTGATCAGTCAGTTTTGAAGG	1
2297	5177	41	TTTTGATCAGTCAGTTTTGAAGGC	1
2296	2297	41	TTTGATCAGTCAGTTTTGAAGGCA	1
5174	2296	41	TTGATCAGTCAGTTTTGAAGGCAA	1
5173	5174	43	TGATCAGTCAGTTTTGAAGGCAAA	1
5172	5173	48	GATCAGTCAGTTTTGAAGGCAAAA	1
2292	5172	51	ATCAGTCAGTTTTGAAGGCAAAAT	1
2291	2292	53	TCAGTCAGTTTTGAAGGCAAAATA	1
2290	2291	53	CAGTCAGTTTTGAAGGCAAAATAA	1
5168	2290	54	AGTCAGTTTTGAAGGCAAAATAAA	1
5167	5168	53	GTCAGTTTTGAAGGCAAAATAAAA	1
2287	5167	56	TCAGTTTTGAAGGCAAAATAAAAT	1
2286	2287	55	CAGTTTTGAAGGCAAAATAAAATA	1
5164	2286	48	AGTTTTGAAGGCAAAATAAAATAG	1
5163	5164	39	GTTTTGAAGGCAAAATAAAATAGA	1
5162	5163	38	TTTTGAAGGCAAAATAAAATAGAA	1
2282	5162	36	TTTGAAGGCAAAATAAAATAGAAC	1
2281	2282	33	TTGAAGGCAAAATAAAATAGAACT	1
5159	2281	32	TGAAGGCAAAATAAAATAGAACTG	1
5158	5159	32	GAAGGCAAAATAAAATAGAACTGA	1
5157	5158	32	AAGGCAAAATAAAATAGAACTGAA	1
2277	5157	32	AGGCAAAATAAAATAGAACTGAAC	1
5155	2277	34	GGCAAAATAAAATAGAACTGAACA	1
5154	5155	35	GCAAAATAAAATAGAACTGAACAT	1
2274	5154	35	CAAAATAAAATAGAACTGAACATC	1
5152	2274	35	AAAATAAAATAGAACTGAACATCA	1
5151	5152	35	AAATAAAATAGAACTGAACATCAA	1
5150	5151	35	AATAAAATAGAACTGAACATCAAT	1
5149	5150	34	ATAAAATAGAACTGAACATCAATA	1
5148	5149	30	TAAAATAGAACTGAACATCAATAA	1
5147	5148	26	AAAATAGAACTGAACATCAATAAA	1
5146	5147	26	AAATAGAACTGAACATCAATAAAT	1
5145	5146	26	AATAGAACTGAACATCAATAAATT	1
2265	5145	24	ATAGAACTGAACATCAATAAATTT	1
2264	2265	24	TAGAACTGAACATCAATAAATTTT	1
5142	2264	23	AGAACTGAACATCAATAAATTTTG	1
5141	5142	23	GAACTGAACATCAATAAATTTTGT	1
5140	5141	23	AACTGAACATCAATAAATTTTGTA	1
2260	5140	23	ACTGAACATCAATAAATTTTGTAC	1
2259	2260	24	CTGAACATCAATAAATTTTGTACA	1
5137	2259	24	TGAACATCAATAAATTTTGTACAA	1
5136	5137	24	GAACATCAATAAATTTTGTACAAC	1
5135	5136	24	AACATCAATAAATTTTGTACAACA	1
5134	5135	24	ACATCAATAAATTTTGTACAACAA	1
2254	5134	24	CATCAATAAATTTTGTACAACAAA	1
5132	2254	24	ATCAATAAATTTTGTACAACAAAA	1
2252	5132	24	TCAATAAATTTTGTACAACAAAAC	1
2251	2252	24	CAATAAATTTTGTACAACAAAACC	1
5129	2251	23	AATAAATTTTGTACAACAAAACCA	1
5128	5129	23	ATAAATTTTGTACAACAAAACCAG	1
2248	5128	23	TAAATTTTGTACAACAAAACCAGC	1
2247	2248	24	AAATTTTGTACAACAAAACCAGCC	1
2246	2247	21	AATTTTGTACAACAAAACCAGCCT	1
2245	2246	22	ATTTTGTACAACAAAACCAGCCTT	1
2244	2245	22	TTTTGTACAACAAAACCAGCCTTT	1
2243	2244	23	TTTGTACAACAAAACCAGCCTTTA	1
5121	2243	21	TTGTACAACAAAACCAGCCTTTAA	1
2241	5121	21	TGTACAACAAAACCAGCCTTTAAT	1
5119	2241	19	GTACAACAAAACCAGCCTTTAATA	1
5118	5119	20	TACAACAAAACCAGCCTTTAATAA	1
5117	5118	21	ACAACAAAACCAGCCTTTAATAAG	1
5116	5117	21	CAACAAAACCAGCCTTTAATAAGG	1
5115	5116	24	AACAAAACCAGCCTTTAATAAGGA	1
5114	5115	25	ACAAAACCAGCCTTTAATAAGGAA	1
2234	5114	25	CAAAACCAGCCTTTAATAAGGAAC	1
2233	2234	25	AAAACCAGCCTTTAATAAGGAACT	1
5111	2233	25	AAACCAGCCTTTAATAAGGAACTG	1
5110	5111	25	AACCAGCCTTTAATAAGGAACTGA	1
2230	5110	26	ACCAGCCTTTAATAAGGAACTGAT	1
2229	2230	26	CCAGCCTTTAATAAGGAACTGATA	1
5107	2229	28	CAGCCTTTAATAAGGAACTGATAG	1
5106	5107	32	AGCCTTTAATAAGGAACTGATAGT	1
2226	5106	31	GCCTTTAATAAGGAACTGATAGTC	1
2225	2226	34	CCTTTAATAAGGAACTGATAGTCC	1
2224	2225	34	CTTTAATAAGGAACTGATAGTCCA	1
2223	2224	33	TTTAATAAGGAACTGATAGTCCAT	1
5101	2223	35	TTAATAAGGAACTGATAGTCCATG	1
5100	5101	36	TAATAAGGAACTGATAGTCCATGA	1
5099	5100	36	AATAAGGAACTGATAGTCCATGAG	1
2219	5099	36	ATAAGGAACTGATAGTCCATGAGC	1
2218	2219	37	TAAGGAACTGATAGTCCATGAGCA	1
5096	2218	37	AAGGAACTGATAGTCCATGAGCAG	1
5095	5096	37	AGGAACTGATAGTCCATGAGCAGT	1
5094	5095	39	GGAACTGATAGTCCATGAGCAGTT	1
5093	5094	39	GAACTGATAGTCCATGAGCAGTTT	1
5092	5093	39	AACTGATAGTCCATGAGCAGTTTA	1
5091	5092	39	ACTGATAGTCCATGAGCAGTTTAA	1
2211	5091	39	CTGATAGTCCATGAGCAGTTTAAA	1
5089	2211	42	TGATAGTCCATGAGCAGTTTAAAA	1
5088	5089	44	GATAGTCCATGAGCAGTTTAAAAT	1
2208	5088	46	ATAGTCCATGAGCAGTTTAAAATC	1
2207	2208	46	TAGTCCATGAGCAGTTTAAAATCT	1
2206	2207	47	AGTCCATGAGCAGTTTAAAATCTC	1
5084	2206	49	GTCCATGAGCAGTTTAAAATCTCA	1
5083	5084	63	TCCATGAGCAGTTTAAAATCTCAG	1
2203	5083	74	CCATGAGCAGTTTAAAATCTCAGA	1
2202	2203	90	CATGAGCAGTTTAAAATCTCAGAA	1
5080	2202	91	ATGAGCAGTTTAAAATCTCAGAAT	1
5079	5080	92	TGAGCAGTTTAAAATCTCAGAATG	1
5078	5079	92	GAGCAGTTTAAAATCTCAGAATGG	1
5077	5078	101	AGCAGTTTAAAATCTCAGAATGGT	1
5076	5077	103	GCAGTTTAAAATCTCAGAATGGTT	1
2196	5076	106	CAGTTTAAAATCTCAGAATGGTTT	1
2195	2196	105	AGTTTAAAATCTCAGAATGGTTTC	1
2194	2195	106	GTTTAAAATCTCAGAATGGTTTCC	1
2193	2194	110	TTTAAAATCTCAGAATGGTTTCCC	1
2192	2193	109	TTAAAATCTCAGAATGGTTTCCCT	1
2191	2192	111	TAAAATCTCAGAATGGTTTCCCTT	1
2190	2191	113	AAAATCTCAGAATGGTTTCCCTTT	1
2189	2190	108	AAATCTCAGAATGGTTTCCCTTTT	1
2188	2189	109	AATCTCAGAATGGTTTCCCTTTTT	1
2187	2188	108	ATCTCAGAATGGTTTCCCTTTTTC	1
2186	2187	107	TCTCAGAATGGTTTCCCTTTTTCA	1
2185	2186	105	CTCAGAATGGTTTCCCTTTTTCAA	1
2184	2185	107	TCAGAATGGTTTCCCTTTTTCAAA	1
5062	2184	101	CAGAATGGTTTCCCTTTTTCAAAG	1
5061	5062	101	AGAATGGTTTCCCTTTTTCAAAGT	1
5060	5061	103	GAATGGTTTCCCTTTTTCAAAGTC	1
5059	5060	106	AATGGTTTCCCTTTTTCAAAGTCA	1
5058	5059	106	ATGGTTTCCCTTTTTCAAAGTCAT	1
5057	5058	106	TGGTTTCCCTTTTTCAAAGTCATG	1
5056	5057	107	GGTTTCCCTTTTTCAAAGTCATGC	1
5055	5056	111	GTTTCCCTTTTTCAAAGTCATGCT	1
2175	5055	110	TTTCCCTTTTTCAAAGTCATGCTT	1
2174	2175	114	TTCCCTTTTTCAAAGTCATGCTTT	1
2173	2174	115	TCCCTTTTTCAAAGTCATGCTTTC	1
2172	2173	118	CCCTTTTTCAAAGTCATGCTTTCT	1
2171	2172	167	CCTTTTTCAAAGTCATGCTTTCTT	1
2170	2171	182	CTTTTTCAAAGTCATGCTTTCTTG	1
2169	2170	184	TTTTTCAAAGTCATGCTTTCTTGC	1
5047	2169	184	TTTTCAAAGTCATGCTTTCTTGCG	1
5046	5047	184	TTTCAAAGTCATGCTTTCTTGCGG	1
2166	5046	183	TTCAAAGTCATGCTTTCTTGCGGT	1
2165	2166	184	TCAAAGTCATGCTTTCTTGCGGTC	1
2164	2165	185	CAAAGTCATGCTTTCTTGCGGTCC	1
5042	2164	184	AAAGTCATGCTTTCTTGCGGTCCA	1
5041	5042	185	AAGTCATGCTTTCTTGCGGTCCAT	1
5040	5041	187	AGTCATGCTTTCTTGCGGTCCATG	1
5039	5040	185	GTCATGCTTTCTTGCGGTCCATGA	1
5038	5039	186	TCATGCTTTCTTGCGGTCCATGAG	1
2158	5038	184	CATGCTTTCTTGCGGTCCATGAGA	1
5036	2158	183	ATGCTTTCTTGCGGTCCATGAGAG	1
5035	5036	186	TGCTTTCTTGCGGTCCATGAGAGG	1
5034	5035	189	GCTTTCTTGCGGTCCATGAGAGGT	1
2154	5034	189	CTTTCTTGCGGTCCATGAGAGGTT	1
5032	2154	183	TTTCTTGCGGTCCATGAGAGGTTG	1
5031	5032	177	TTCTTGCGGTCCATGAGAGGTTGG	1
2151	5031	157	TCTTGCGGTCCATGAGAGGTTGGC	1
2150	2151	146	CTTGCGGTCCATGAGAGGTTGGCA	1
2149	2150	149	TTGCGGTCCATGAGAGGTTGGCAC	1
2148	2149	150	TGCGGTCCATGAGAGGTTGGCACA	1
5026	2148	149	GCGGTCCATGAGAGGTTGGCACAG	1
2146	5026	146	CGGTCCATGAGAGGTTGGCACAGA	1
5024	2146	154	GGTCCATGAGAGGTTGGCACAGAA	1
5023	5024	155	GTCCATGAGAGGTTGGCACAGAAG	1
2143	5023	159	TCCATGAGAGGTTGGCACAGAAGA	1
2142	2143	159	CCATGAGAGGTTGGCACAGAAGAG	1
2141	2142	149	CATGAGAGGTTGGCACAGAAGAGA	1
5019	2141	150	ATGAGAGGTTGGCACAGAAGAGAT	1
5018	5019	150	TGAGAGGTTGGCACAGAAGAGATG	1
5017	5018	153	GAGAGGTTGGCACAGAAGAGATGG	1
5016	5017	152	AGAGGTTGGCACAGAAGAGATGGT	1
5015	5016	151	GAGGTTGGCACAGAAGAGATGGTG	1
5014	5015	151	AGGTTGGCACAGAAGAGATGGTGG	1
5013	5014	150	GGTTGGCACAGAAGAGATGGTGGA	1
5012	5013	157	GTTGGCACAGAAGAGATGGTGGAT	1
5011	5012	162	TTGGCACAGAAGAGATGGTGGATG	1
5010	5011	163	TGGCACAGAAGAGATGGTGGATGG	1
5009	5010	166	GGCACAGAAGAGATGGTGGATGGT	1
5008	5009	163	GCACAGAAGAGATGGTGGATGGTG	1
2128	5008	168	CACAGAAGAGATGGTGGATGGTGT	1
5006	2128	174	ACAGAAGAGATGGTGGATGGTGTG	1
5005	5006	174	CAGAAGAGATGGTGGATGGTGTGG	1
5004	5005	172	AGAAGAGATGGTGGATGGTGTGGA	1
5003	5004	171	GAAGAGATGGTGGATGGTGTGGAA	1
5002	5003	169	AAGAGATGGTGGATGGTGTGGAAA	1
5001	5002	163	AGAGATGGTGGATGGTGTGGAAAG	1
5000	5001	154	GAGATGGTGGATGGTGTGGAAAGT	1
4999	5000	143	AGATGGTGGATGGTGTGGAAAGTG	1
4998	4999	111	GATGGTGGATGGTGTGGAAAGTGA	1
4997	4998	99	ATGGTGGATGGTGTGGAAAGTGAA	1
4996	4997	95	TGGTGGATGGTGTGGAAAGTGAAG	1
4995	4996	94	GGTGGATGGTGTGGAAAGTGAAGG	1
4994	4995	105	GTGGATGGTGTGGAAAGTGAAGGA	1
2114	4994	114	TGGATGGTGTGGAAAGTGAAGGAT	1
4992	2114	117	GGATGGTGTGGAAAGTGAAGGATG	1
4991	4992	125	GATGGTGTGGAAAGTGAAGGATGG	1
4990	4991	124	ATGGTGTGGAAAGTGAAGGATGGG	1
4989	4990	124	TGGTGTGGAAAGTGAAGGATGGGA	1
4988	4989	128	GGTGTGGAAAGTGAAGGATGGGAG	1
4987	4988	131	GTGTGGAAAGTGAAGGATGGGAGG	1
2107	4987	132	TGTGGAAAGTGAAGGATGGGAGGC	1
4985	2107	132	GTGGAAAGTGAAGGATGGGAGGCT	1
2105	4985	145	TGGAAAGTGAAGGATGGGAGGCTC	1
2104	2105	145	GGAAAGTGAAGGATGGGAGGCTCC	1
2103	2104	154	GAAAGTGAAGGATGGGAGGCTCCC	1
2102	2103	153	AAAGTGAAGGATGGGAGGCTCCCT	1
2101	2102	154	AAGTGAAGGATGGGAGGCTCCCTC	1
4979	2101	156	AGTGAAGGATGGGAGGCTCCCTCA	1
4978	4979	156	GTGAAGGATGGGAGGCTCCCTCAG	1
4977	4978	161	TGAAGGATGGGAGGCTCCCTCAGA	1
4976	4977	157	GAAGGATGGGAGGCTCCCTCAGAT	1
2096	4976	157	AAGGATGGGAGGCTCCCTCAGATC	1
2095	2096	157	AGGATGGGAGGCTCCCTCAGATCC	1
4973	2095	156	GGATGGGAGGCTCCCTCAGATCCG	1
4972	4973	149	GATGGGAGGCTCCCTCAGATCCGT	1
4971	4972	151	ATGGGAGGCTCCCTCAGATCCGTG	1
2091	4971	155	TGGGAGGCTCCCTCAGATCCGTGT	1
4969	2091	166	GGGAGGCTCCCTCAGATCCGTGTC	1
4968	4969	194	GGAGGCTCCCTCAGATCCGTGTCA	1
4967	4968	197	GAGGCTCCCTCAGATCCGTGTCAG	1
2087	4967	202	AGGCTCCCTCAGATCCGTGTCAGC	1
4965	2087	200	GGCTCCCTCAGATCCGTGTCAGCT	1
4964	4965	203	GCTCCCTCAGATCCGTGTCAGCTG	1
2084	4964	202	CTCCCTCAGATCCGTGTCAGCTGA	1
2083	2084	202	TCCCTCAGATCCGTGTCAGCTGAT	1
2082	2083	199	CCCTCAGATCCGTGTCAGCTGATG	1
2081	2082	202	CCTCAGATCCGTGTCAGCTGATGC	1
2080	2081	194	CTCAGATCCGTGTCAGCTGATGCC	1
2079	2080	194	TCAGATCCGTGTCAGCTGATGCCA	1
2078	2079	190	CAGATCCGTGTCAGCTGATGCCAC	1
4956	2078	189	AGATCCGTGTCAGCTGATGCCACA	1
4955	4956	181	GATCCGTGTCAGCTGATGCCACAA	1
4954	4955	175	ATCCGTGTCAGCTGATGCCACAAA	1
2074	4954	177	TCCGTGTCAGCTGATGCCACAAAC	1
2073	2074	176	CCGTGTCAGCTGATGCCACAAACT	1
4951	2073	176	CGTGTCAGCTGATGCCACAAACTG	1
4950	4951	175	GTGTCAGCTGATGCCACAAACTGG	1
4949	4950	176	TGTCAGCTGATGCCACAAACTGGA	1
4948	4949	175	GTCAGCTGATGCCACAAACTGGAG	1
4947	4948	181	TCAGCTGATGCCACAAACTGGAGG	1
4946	4947	182	CAGCTGATGCCACAAACTGGAGGG	1
4945	4946	183	AGCTGATGCCACAAACTGGAGGGG	1
4944	4945	182	GCTGATGCCACAAACTGGAGGGGA	1
4943	4944	181	CTGATGCCACAAACTGGAGGGGAG	1
4942	4943	172	TGATGCCACAAACTGGAGGGGAGG	1
4941	4942	159	GATGCCACAAACTGGAGGGGAGGA	1
4940	4941	154	ATGCCACAAACTGGAGGGGAGGAT	1
4939	4940	146	TGCCACAAACTGGAGGGGAGGATG	1
2059	4939	146	GCCACAAACTGGAGGGGAGGATGC	1
2058	2059	145	CCACAAACTGGAGGGGAGGATGCT	1
2057	2058	145	CACAAACTGGAGGGGAGGATGCTT	1
2056	2057	144	ACAAACTGGAGGGGAGGATGCTTT	1
2055	2056	139	CAAACTGGAGGGGAGGATGCTTTC	1
2054	2055	137	AAACTGGAGGGGAGGATGCTTTCC	1
4932	2054	123	AACTGGAGGGGAGGATGCTTTCCA	1
2052	4932	119	ACTGGAGGGGAGGATGCTTTCCAC	1
2051	2052	109	CTGGAGGGGAGGATGCTTTCCACT	1
2050	2051	110	TGGAGGGGAGGATGCTTTCCACTT	1
4928	2050	112	GGAGGGGAGGATGCTTTCCACTTT	1
4927	4928	118	GAGGGGAGGATGCTTTCCACTTTC	1
4926	4927	120	AGGGGAGGATGCTTTCCACTTTCT	1
4925	4926	117	GGGGAGGATGCTTTCCACTTTCTC	1
4924	4925	125	GGGAGGATGCTTTCCACTTTCTCC	1
4923	4924	121	GGAGGATGCTTTCCACTTTCTCCA	1
4922	4923	123	GAGGATGCTTTCCACTTTCTCCAT	1
4921	4922	121	AGGATGCTTTCCACTTTCTCCATA	1
4920	4921	117	GGATGCTTTCCACTTTCTCCATAA	1
4919	4920	112	GATGCTTTCCACTTTCTCCATAAC	1
4918	4919	105	ATGCTTTCCACTTTCTCCATAACA	1
4917	4918	106	TGCTTTCCACTTTCTCCATAACAA	1
4916	4917	86	GCTTTCCACTTTCTCCATAACAAA	1
2036	4916	82	CTTTCCACTTTCTCCATAACAAAG	1
2035	2036	79	TTTCCACTTTCTCCATAACAAAGT	1
2034	2035	79	TTCCACTTTCTCCATAACAAAGTT	1
2033	2034	78	TCCACTTTCTCCATAACAAAGTTC	1
2032	2033	83	CCACTTTCTCCATAACAAAGTTCA	1
2031	2032	83	CACTTTCTCCATAACAAAGTTCAA	1
4909	2031	90	ACTTTCTCCATAACAAAGTTCAAG	1
4908	4909	88	CTTTCTCCATAACAAAGTTCAAGG	1
4907	4908	87	TTTCTCCATAACAAAGTTCAAGGG	1
4906	4907	85	TTCTCCATAACAAAGTTCAAGGGG	1
4905	4906	85	TCTCCATAACAAAGTTCAAGGGGG	1
2025	4905	86	CTCCATAACAAAGTTCAAGGGGGC	1
2024	2025	92	TCCATAACAAAGTTCAAGGGGGCA	1
2023	2024	96	CCATAACAAAGTTCAAGGGGGCAA	1
2022	2023	100	CATAACAAAGTTCAAGGGGGCAAA	1
2021	2022	101	ATAACAAAGTTCAAGGGGGCAAAC	1
2020	2021	105	TAACAAAGTTCAAGGGGGCAAACA	1
4898	2020	107	AACAAAGTTCAAGGGGGCAAACAA	1
4897	4898	106	ACAAAGTTCAAGGGGGCAAACAAA	1
4896	4897	105	CAAAGTTCAAGGGGGCAAACAAAG	1
4895	4896	100	AAAGTTCAAGGGGGCAAACAAAGT	1
4894	4895	98	AAGTTCAAGGGGGCAAACAAAGTG	1
2014	4894	98	AGTTCAAGGGGGCAAACAAAGTGC	1
4892	2014	101	GTTCAAGGGGGCAAACAAAGTGCT	1
4891	4892	105	TTCAAGGGGGCAAACAAAGTGCTG	1
2011	4891	106	TCAAGGGGGCAAACAAAGTGCTGA	1
4889	2011	105	CAAGGGGGCAAACAAAGTGCTGAG	1
4888	4889	108	AAGGGGGCAAACAAAGTGCTGAGG	1
4887	4888	111	AGGGGGCAAACAAAGTGCTGAGGA	1
4886	4887	111	GGGGGCAAACAAAGTGCTGAGGAA	1
4885	4886	113	GGGGCAAACAAAGTGCTGAGGAAA	1
4884	4885	130	GGGCAAACAAAGTGCTGAGGAAAG	1
4883	4884	150	GGCAAACAAAGTGCTGAGGAAAGC	1
4882	4883	154	GCAAACAAAGTGCTGAGGAAAGCT	1
2002	4882	155	CAAACAAAGTGCTGAGGAAAGCTT	1
2001	2002	155	AAACAAAGTGCTGAGGAAAGCTTT	1
2000	2001	155	AACAAAGTGCTGAGGAAAGCTTTT	1
4878	2000	156	ACAAAGTGCTGAGGAAAGCTTTTG	1
1998	4878	155	CAAAGTGCTGAGGAAAGCTTTTGC	1
4876	1998	152	AAAGTGCTGAGGAAAGCTTTTGCG	1
4875	4876	149	AAGTGCTGAGGAAAGCTTTTGCGA	1
4874	4875	149	AGTGCTGAGGAAAGCTTTTGCGAA	1
4873	4874	150	GTGCTGAGGAAAGCTTTTGCGAAG	1
4872	4873	140	TGCTGAGGAAAGCTTTTGCGAAGA	1
1992	4872	142	GCTGAGGAAAGCTTTTGCGAAGAC	1
1991	1992	143	CTGAGGAAAGCTTTTGCGAAGACT	1
1990	1991	146	TGAGGAAAGCTTTTGCGAAGACTC	1
1989	1990	145	GAGGAAAGCTTTTGCGAAGACTCC	1
1988	1989	146	AGGAAAGCTTTTGCGAAGACTCCC	1
4866	1988	144	GGAAAGCTTTTGCGAAGACTCCCA	1
4865	4866	140	GAAAGCTTTTGCGAAGACTCCCAT	1
4864	4865	139	AAAGCTTTTGCGAAGACTCCCATA	1
4863	4864	142	AAGCTTTTGCGAAGACTCCCATAA	1
4862	4863	152	AGCTTTTGCGAAGACTCCCATAAG	1
4861	4862	151	GCTTTTGCGAAGACTCCCATAAGT	1
1981	4861	152	CTTTTGCGAAGACTCCCATAAGTT	1
1980	1981	147	TTTTGCGAAGACTCCCATAAGTTC	1
1979	1980	146	TTTGCGAAGACTCCCATAAGTTCC	1
4857	1979	138	TTGCGAAGACTCCCATAAGTTCCG	1
4856	4857	139	TGCGAAGACTCCCATAAGTTCCGG	1
4855	4856	141	GCGAAGACTCCCATAAGTTCCGGA	1
1975	4855	138	CGAAGACTCCCATAAGTTCCGGAA	1
4853	1975	139	GAAGACTCCCATAAGTTCCGGAAA	1
1973	4853	139	AAGACTCCCATAAGTTCCGGAAAC	1
4851	1973	133	AGACTCCCATAAGTTCCGGAAACT	1
4850	4851	128	GACTCCCATAAGTTCCGGAAACTG	1
4849	4850	125	ACTCCCATAAGTTCCGGAAACTGA	1
1969	4849	126	CTCCCATAAGTTCCGGAAACTGAT	1
4847	1969	128	TCCCATAAGTTCCGGAAACTGATG	1
1967	4847	125	CCCATAAGTTCCGGAAACTGATGT	1
1966	1967	131	CCATAAGTTCCGGAAACTGATGTG	1
1965	1966	132	CATAAGTTCCGGAAACTGATGTGT	1
1964	1965	134	ATAAGTTCCGGAAACTGATGTGTC	1
1963	1964	134	TAAGTTCCGGAAACTGATGTGTCA	1
4841	1963	132	AAGTTCCGGAAACTGATGTGTCAG	1
4840	4841	130	AGTTCCGGAAACTGATGTGTCAGG	1
4839	4840	126	GTTCCGGAAACTGATGTGTCAGGA	1
4838	4839	124	TTCCGGAAACTGATGTGTCAGGAG	1
4837	4838	127	TCCGGAAACTGATGTGTCAGGAGG	1
4836	4837	133	CCGGAAACTGATGTGTCAGGAGGG	1
1956	4836	142	CGGAAACTGATGTGTCAGGAGGGC	1
4834	1956	135	GGAAACTGATGTGTCAGGAGGGCC	1
4833	4834	136	GAAACTGATGTGTCAGGAGGGCCA	1
4832	4833	126	AAACTGATGTGTCAGGAGGGCCAG	1
1952	4832	109	AACTGATGTGTCAGGAGGGCCAGC	1
4830	1952	107	ACTGATGTGTCAGGAGGGCCAGCA	1
1950	4830	108	CTGATGTGTCAGGAGGGCCAGCAT	1
4828	1950	113	TGATGTGTCAGGAGGGCCAGCATG	1
4827	4828	116	GATGTGTCAGGAGGGCCAGCATGG	1
1947	4827	120	ATGTGTCAGGAGGGCCAGCATGGC	1
1946	1947	125	TGTGTCAGGAGGGCCAGCATGGCT	1
4824	1946	126	GTGTCAGGAGGGCCAGCATGGCTG	1
1944	4824	127	TGTCAGGAGGGCCAGCATGGCTGT	1
4822	1944	128	GTCAGGAGGGCCAGCATGGCTGTG	1
4821	4822	147	TCAGGAGGGCCAGCATGGCTGTGA	1
1941	4821	149	CAGGAGGGCCAGCATGGCTGTGAA	1
4819	1941	149	AGGAGGGCCAGCATGGCTGTGAAG	1
4818	4819	152	GGAGGGCCAGCATGGCTGTGAAGG	1
4817	4818	150	GAGGGCCAGCATGGCTGTGAAGGA	1
4816	4817	151	AGGGCCAGCATGGCTGTGAAGGAG	1
4815	4816	152	GGGCCAGCATGGCTGTGAAGGAGC	1
4814	4815	166	GGCCAGCATGGCTGTGAAGGAGCA	1
1934	4814	170	GCCAGCATGGCTGTGAAGGAGCAC	1
1933	1934	175	CCAGCATGGCTGTGAAGGAGCACA	1
4811	1933	172	CAGCATGGCTGTGAAGGAGCACAG	1
4810	4811	177	AGCATGGCTGTGAAGGAGCACAGT	1
1930	4810	178	GCATGGCTGTGAAGGAGCACAGTC	1
1929	1930	181	CATGGCTGTGAAGGAGCACAGTCC	1
4807	1929	182	ATGGCTGTGAAGGAGCACAGTCCA	1
4806	4807	182	TGGCTGTGAAGGAGCACAGTCCAG	1
4805	4806	188	GGCTGTGAAGGAGCACAGTCCAGC	1
4804	4805	185	GCTGTGAAGGAGCACAGTCCAGCA	1
4803	4804	189	CTGTGAAGGAGCACAGTCCAGCAG	1
1923	4803	190	TGTGAAGGAGCACAGTCCAGCAGT	1
4801	1923	191	GTGAAGGAGCACAGTCCAGCAGTG	1
4800	4801	192	TGAAGGAGCACAGTCCAGCAGTGA	1
4799	4800	191	GAAGGAGCACAGTCCAGCAGTGAA	1
4798	4799	191	AAGGAGCACAGTCCAGCAGTGAAG	1
4797	4798	190	AGGAGCACAGTCCAGCAGTGAAGA	1
4796	4797	189	GGAGCACAGTCCAGCAGTGAAGAG	1
4795	4796	186	GAGCACAGTCCAGCAGTGAAGAGG	1
4794	4795	188	AGCACAGTCCAGCAGTGAAGAGGA	1
4793	4794	182	GCACAGTCCAGCAGTGAAGAGGAT	1
1913	4793	182	CACAGTCCAGCAGTGAAGAGGATG	1
4791	1913	180	ACAGTCCAGCAGTGAAGAGGATGA	1
1911	4791	180	CAGTCCAGCAGTGAAGAGGATGAA	1
4789	1911	187	AGTCCAGCAGTGAAGAGGATGAAG	1
4788	4789	187	GTCCAGCAGTGAAGAGGATGAAGA	1
1908	4788	186	TCCAGCAGTGAAGAGGATGAAGAA	1
1907	1908	189	CCAGCAGTGAAGAGGATGAAGAAG	1
4785	1907	188	CAGCAGTGAAGAGGATGAAGAAGG	1
4784	4785	176	AGCAGTGAAGAGGATGAAGAAGGG	1
4783	4784	171	GCAGTGAAGAGGATGAAGAAGGGA	1
1903	4783	178	CAGTGAAGAGGATGAAGAAGGGAA	1
4781	1903	178	AGTGAAGAGGATGAAGAAGGGAAG	1
4780	4781	165	GTGAAGAGGATGAAGAAGGGAAGT	1
1900	4780	169	TGAAGAGGATGAAGAAGGGAAGTT	1
4778	1900	170	GAAGAGGATGAAGAAGGGAAGTTC	1
1898	4778	168	AAGAGGATGAAGAAGGGAAGTTCC	1
1897	1898	164	AGAGGATGAAGAAGGGAAGTTCCT	1
4775	1897	163	GAGGATGAAGAAGGGAAGTTCCTT	1
1895	4775	161	AGGATGAAGAAGGGAAGTTCCTTC	1
4773	1895	157	GGATGAAGAAGGGAAGTTCCTTCT	1
4772	4773	156	GATGAAGAAGGGAAGTTCCTTCTT	1
1892	4772	159	ATGAAGAAGGGAAGTTCCTTCTTT	1
4770	1892	155	TGAAGAAGGGAAGTTCCTTCTTTG	1
4769	4770	141	GAAGAAGGGAAGTTCCTTCTTTGG	1
4768	4769	139	AAGAAGGGAAGTTCCTTCTTTGGG	1
4767	4768	145	AGAAGGGAAGTTCCTTCTTTGGGT	1
4766	4767	143	GAAGGGAAGTTCCTTCTTTGGGTA	1
4765	4766	143	AAGGGAAGTTCCTTCTTTGGGTAA	1
4764	4765	141	AGGGAAGTTCCTTCTTTGGGTAAA	1
4763	4764	137	GGGAAGTTCCTTCTTTGGGTAAAC	1
4762	4763	135	GGAAGTTCCTTCTTTGGGTAAACT	1
4761	4762	131	GAAGTTCCTTCTTTGGGTAAACTG	1
4760	4761	125	AAGTTCCTTCTTTGGGTAAACTGA	1
4759	4760	125	AGTTCCTTCTTTGGGTAAACTGAG	1
4758	4759	117	GTTCCTTCTTTGGGTAAACTGAGA	1
1878	4758	121	TTCCTTCTTTGGGTAAACTGAGAC	1
1877	1878	119	TCCTTCTTTGGGTAAACTGAGACT	1
1876	1877	122	CCTTCTTTGGGTAAACTGAGACTT	1
1875	1876	123	CTTCTTTGGGTAAACTGAGACTTC	1
1874	1875	117	TTCTTTGGGTAAACTGAGACTTCA	1
1873	1874	117	TCTTTGGGTAAACTGAGACTTCAT	1
1872	1873	110	CTTTGGGTAAACTGAGACTTCATG	1
4750	1872	110	TTTGGGTAAACTGAGACTTCATGG	1
4749	4750	110	TTGGGTAAACTGAGACTTCATGGA	1
4748	4749	109	TGGGTAAACTGAGACTTCATGGAA	1
4747	4748	113	GGGTAAACTGAGACTTCATGGAAA	1
4746	4747	129	GGTAAACTGAGACTTCATGGAAAG	1
4745	4746	136	GTAAACTGAGACTTCATGGAAAGA	1
4744	4745	145	TAAACTGAGACTTCATGGAAAGAG	1
4743	4744	143	AAACTGAGACTTCATGGAAAGAGG	1
4742	4743	146	AACTGAGACTTCATGGAAAGAGGG	1
4741	4742	148	ACTGAGACTTCATGGAAAGAGGGA	1
1861	4741	149	CTGAGACTTCATGGAAAGAGGGAA	1
4739	1861	151	TGAGACTTCATGGAAAGAGGGAAG	1
4738	4739	152	GAGACTTCATGGAAAGAGGGAAGC	1
4737	4738	145	AGACTTCATGGAAAGAGGGAAGCA	1
4736	4737	146	GACTTCATGGAAAGAGGGAAGCAG	1
1856	4736	150	ACTTCATGGAAAGAGGGAAGCAGC	1
1855	1856	147	CTTCATGGAAAGAGGGAAGCAGCT	1
1854	1855	149	TTCATGGAAAGAGGGAAGCAGCTC	1
1853	1854	148	TCATGGAAAGAGGGAAGCAGCTCC	1
1852	1853	149	CATGGAAAGAGGGAAGCAGCTCCC	1
4730	1852	143	ATGGAAAGAGGGAAGCAGCTCCCG	1
4729	4730	141	TGGAAAGAGGGAAGCAGCTCCCGG	1
4728	4729	138	GGAAAGAGGGAAGCAGCTCCCGGT	1
4727	4728	143	GAAAGAGGGAAGCAGCTCCCGGTC	1
4726	4727	147	AAAGAGGGAAGCAGCTCCCGGTCA	1
4725	4726	148	AAGAGGGAAGCAGCTCCCGGTCAG	1
1845	4725	148	AGAGGGAAGCAGCTCCCGGTCAGC	1
4723	1845	144	GAGGGAAGCAGCTCCCGGTCAGCT	1
4722	4723	140	AGGGAAGCAGCTCCCGGTCAGCTG	1
4721	4722	138	GGGAAGCAGCTCCCGGTCAGCTGT	1
4720	4721	138	GGAAGCAGCTCCCGGTCAGCTGTT	1
4719	4720	139	GAAGCAGCTCCCGGTCAGCTGTTT	1
1839	4719	143	AAGCAGCTCCCGGTCAGCTGTTTC	1
1838	1839	165	AGCAGCTCCCGGTCAGCTGTTTCT	1
4716	1838	163	GCAGCTCCCGGTCAGCTGTTTCTG	1
1836	4716	157	CAGCTCCCGGTCAGCTGTTTCTGT	1
4714	1836	153	AGCTCCCGGTCAGCTGTTTCTGTA	1
1834	4714	153	GCTCCCGGTCAGCTGTTTCTGTAC	1
1833	1834	153	CTCCCGGTCAGCTGTTTCTGTACA	1
4711	1833	157	TCCCGGTCAGCTGTTTCTGTACAG	1
1831	4711	156	CCCGGTCAGCTGTTTCTGTACAGA	1
1830	1831	164	CCGGTCAGCTGTTTCTGTACAGAT	1
1829	1830	168	CGGTCAGCTGTTTCTGTACAGATT	1
4707	1829	169	GGTCAGCTGTTTCTGTACAGATTG	1
4706	4707	168	GTCAGCTGTTTCTGTACAGATTGG	1
4705	4706	167	TCAGCTGTTTCTGTACAGATTGGG	1
1825	4705	169	CAGCTGTTTCTGTACAGATTGGGT	1
4703	1825	173	AGCTGTTTCTGTACAGATTGGGTA	1
4702	4703	179	GCTGTTTCTGTACAGATTGGGTAT	1
1822	4702	184	CTGTTTCTGTACAGATTGGGTATG	1
4700	1822	191	TGTTTCTGTACAGATTGGGTATGG	1
4699	4700	196	GTTTCTGTACAGATTGGGTATGGA	1
1819	4699	195	TTTCTGTACAGATTGGGTATGGAT	1
1818	1819	194	TTCTGTACAGATTGGGTATGGATA	1
1817	1818	192	TCTGTACAGATTGGGTATGGATAA	1
1816	1817	190	CTGTACAGATTGGGTATGGATAAA	1
4694	1816	189	TGTACAGATTGGGTATGGATAAAA	1
4693	4694	183	GTACAGATTGGGTATGGATAAAAT	1
1813	4693	183	TACAGATTGGGTATGGATAAAATA	1
4691	1813	189	ACAGATTGGGTATGGATAAAATAG	1
4690	4691	184	CAGATTGGGTATGGATAAAATAGG	1
4689	4690	182	AGATTGGGTATGGATAAAATAGGT	1
4688	4689	180	GATTGGGTATGGATAAAATAGGTG	1
4687	4688	176	ATTGGGTATGGATAAAATAGGTGT	1
1807	4687	174	TTGGGTATGGATAAAATAGGTGTC	1
1806	1807	176	TGGGTATGGATAAAATAGGTGTCC	1
1805	1806	176	GGGTATGGATAAAATAGGTGTCCC	1
4683	1805	173	GGTATGGATAAAATAGGTGTCCCT	1
4682	4683	174	GTATGGATAAAATAGGTGTCCCTT	1
1802	4682	185	TATGGATAAAATAGGTGTCCCTTC	1
1801	1802	186	ATGGATAAAATAGGTGTCCCTTCT	1
1800	1801	195	TGGATAAAATAGGTGTCCCTTCTC	1
1799	1800	195	GGATAAAATAGGTGTCCCTTCTCC	1
4677	1799	205	GATAAAATAGGTGTCCCTTCTCCA	1
4676	4677	206	ATAAAATAGGTGTCCCTTCTCCAG	1
4675	4676	201	TAAAATAGGTGTCCCTTCTCCAGG	1
4674	4675	196	AAAATAGGTGTCCCTTCTCCAGGG	1
4673	4674	196	AAATAGGTGTCCCTTCTCCAGGGG	1
4672	4673	195	AATAGGTGTCCCTTCTCCAGGGGA	1
4671	4672	195	ATAGGTGTCCCTTCTCCAGGGGAT	1
4670	4671	195	TAGGTGTCCCTTCTCCAGGGGATA	1
1790	4670	196	AGGTGTCCCTTCTCCAGGGGATAC	1
4668	1790	201	GGTGTCCCTTCTCCAGGGGATACG	1
4667	4668	205	GTGTCCCTTCTCCAGGGGATACGG	1
4666	4667	201	TGTCCCTTCTCCAGGGGATACGGG	1
4665	4666	173	GTCCCTTCTCCAGGGGATACGGGA	1
1785	4665	174	TCCCTTCTCCAGGGGATACGGGAT	1
1784	1785	176	CCCTTCTCCAGGGGATACGGGATC	1
1783	1784	179	CCTTCTCCAGGGGATACGGGATCA	1
1782	1783	180	CTTCTCCAGGGGATACGGGATCAT	1
1781	1782	184	TTCTCCAGGGGATACGGGATCATC	1
1780	1781	185	TCTCCAGGGGATACGGGATCATCC	1
1779	1780	180	CTCCAGGGGATACGGGATCATCCG	1
4657	1779	173	TCCAGGGGATACGGGATCATCCGG	1
1777	4657	165	CCAGGGGATACGGGATCATCCGGA	1
1776	1777	167	CAGGGGATACGGGATCATCCGGAA	1
4654	1776	167	AGGGGATACGGGATCATCCGGAAA	1
4653	4654	161	GGGGATACGGGATCATCCGGAAAG	1
4652	4653	154	GGGATACGGGATCATCCGGAAAGT	1
4651	4652	142	GGATACGGGATCATCCGGAAAGTG	1
4650	4651	140	GATACGGGATCATCCGGAAAGTGC	1
1770	4650	137	ATACGGGATCATCCGGAAAGTGCC	1
1769	1770	128	TACGGGATCATCCGGAAAGTGCCT	1
1768	1769	125	ACGGGATCATCCGGAAAGTGCCTT	1
1767	1768	127	CGGGATCATCCGGAAAGTGCCTTC	1
4645	1767	129	GGGATCATCCGGAAAGTGCCTTCC	1
1765	4645	128	GGATCATCCGGAAAGTGCCTTCCC	1
4643	1765	126	GATCATCCGGAAAGTGCCTTCCCA	1
1763	4643	119	ATCATCCGGAAAGTGCCTTCCCAC	1
4641	1763	116	TCATCCGGAAAGTGCCTTCCCACG	1
1761	4641	109	CATCCGGAAAGTGCCTTCCCACGT	1
4639	1761	104	ATCCGGAAAGTGCCTTCCCACGTA	1
1759	4639	102	TCCGGAAAGTGCCTTCCCACGTAC	1
1758	1759	105	CCGGAAAGTGCCTTCCCACGTACA	1
1757	1758	109	CGGAAAGTGCCTTCCCACGTACAA	1
4635	1757	109	GGAAAGTGCCTTCCCACGTACAAT	1
4634	4635	110	GAAAGTGCCTTCCCACGTACAATG	1
1754	4634	110	AAAGTGCCTTCCCACGTACAATGC	1
4632	1754	111	AAGTGCCTTCCCACGTACAATGCA	1
4631	4632	110	AGTGCCTTCCCACGTACAATGCAA	1
4630	4631	111	GTGCCTTCCCACGTACAATGCAAG	1
4629	4630	104	TGCCTTCCCACGTACAATGCAAGA	1
4628	4629	102	GCCTTCCCACGTACAATGCAAGAG	1
1748	4628	94	CCTTCCCACGTACAATGCAAGAGA	1
1747	1748	94	CTTCCCACGTACAATGCAAGAGAT	1
1746	1747	88	TTCCCACGTACAATGCAAGAGATT	1
1745	1746	86	TCCCACGTACAATGCAAGAGATTC	1
1744	1745	85	CCCACGTACAATGCAAGAGATTCA	1
1743	1744	85	CCACGTACAATGCAAGAGATTCAA	1
1742	1743	86	CACGTACAATGCAAGAGATTCAAA	1
4620	1742	86	ACGTACAATGCAAGAGATTCAAAG	1
1740	4620	88	CGTACAATGCAAGAGATTCAAAGC	1
1739	1740	87	GTACAATGCAAGAGATTCAAAGCC	1
1738	1739	87	TACAATGCAAGAGATTCAAAGCCC	1
1737	1738	82	ACAATGCAAGAGATTCAAAGCCCC	1
1736	1737	79	CAATGCAAGAGATTCAAAGCCCCT	1
1735	1736	85	AATGCAAGAGATTCAAAGCCCCTT	1
1734	1735	93	ATGCAAGAGATTCAAAGCCCCTTC	1
1733	1734	94	TGCAAGAGATTCAAAGCCCCTTCC	1
4611	1733	93	GCAAGAGATTCAAAGCCCCTTCCA	1
1731	4611	93	CAAGAGATTCAAAGCCCCTTCCAC	1
1730	1731	92	AAGAGATTCAAAGCCCCTTCCACC	1
1729	1730	90	AGAGATTCAAAGCCCCTTCCACCC	1
4607	1729	89	GAGATTCAAAGCCCCTTCCACCCT	1
1727	4607	88	AGATTCAAAGCCCCTTCCACCCTC	1
4605	1727	87	GATTCAAAGCCCCTTCCACCCTCT	1
1725	4605	86	ATTCAAAGCCCCTTCCACCCTCTT	1
1724	1725	86	TTCAAAGCCCCTTCCACCCTCTTC	1
1723	1724	88	TCAAAGCCCCTTCCACCCTCTTCC	1
1722	1723	87	CAAAGCCCCTTCCACCCTCTTCCA	1
4600	1722	88	AAAGCCCCTTCCACCCTCTTCCAG	1
4599	4600	85	AAGCCCCTTCCACCCTCTTCCAGT	1
4598	4599	84	AGCCCCTTCCACCCTCTTCCAGTG	1
4597	4598	93	GCCCCTTCCACCCTCTTCCAGTGT	1
1717	4597	92	CCCCTTCCACCCTCTTCCAGTGTG	1
1716	1717	96	CCCTTCCACCCTCTTCCAGTGTGC	1
1715	1716	94	CCTTCCACCCTCTTCCAGTGTGCA	1
1714	1715	95	CTTCCACCCTCTTCCAGTGTGCAA	1
4592	1714	104	TTCCACCCTCTTCCAGTGTGCAAG	1
1712	4592	102	TCCACCCTCTTCCAGTGTGCAAGA	1
1711	1712	103	CCACCCTCTTCCAGTGTGCAAGAT	1
1710	1711	108	CACCCTCTTCCAGTGTGCAAGATG	1
4588	1710	110	ACCCTCTTCCAGTGTGCAAGATGA	1
1708	4588	113	CCCTCTTCCAGTGTGCAAGATGAA	1
1707	1708	126	CCTCTTCCAGTGTGCAAGATGAAA	1
1706	1707	127	CTCTTCCAGTGTGCAAGATGAAAG	1
1705	1706	129	TCTTCCAGTGTGCAAGATGAAAGA	1
1704	1705	130	CTTCCAGTGTGCAAGATGAAAGAA	1
1703	1704	129	TTCCAGTGTGCAAGATGAAAGAAT	1
4581	1703	129	TCCAGTGTGCAAGATGAAAGAATG	1
1701	4581	129	CCAGTGTGCAAGATGAAAGAATGC	1
1700	1701	131	CAGTGTGCAAGATGAAAGAATGCA	1
4578	1700	129	AGTGTGCAAGATGAAAGAATGCAT	1
4577	4578	125	GTGTGCAAGATGAAAGAATGCATA	1
1697	4577	125	TGTGCAAGATGAAAGAATGCATAT	1
4575	1697	121	GTGCAAGATGAAAGAATGCATATG	1
1695	4575	125	TGCAAGATGAAAGAATGCATATGC	1
4573	1695	132	GCAAGATGAAAGAATGCATATGCT	1
1693	4573	135	CAAGATGAAAGAATGCATATGCTA	1
4571	1693	136	AAGATGAAAGAATGCATATGCTAT	1
1691	4571	136	AGATGAAAGAATGCATATGCTATC	1
4569	1691	136	GATGAAAGAATGCATATGCTATCG	1
1689	4569	137	ATGAAAGAATGCATATGCTATCGC	1
1688	1689	139	TGAAAGAATGCATATGCTATCGCT	1
4566	1688	140	GAAAGAATGCATATGCTATCGCTT	1
1686	4566	139	AAAGAATGCATATGCTATCGCTTC	1
4564	1686	139	AAGAATGCATATGCTATCGCTTCA	1
1684	4564	135	AGAATGCATATGCTATCGCTTCAC	1
4562	1684	128	GAATGCATATGCTATCGCTTCACT	1
4561	4562	124	AATGCATATGCTATCGCTTCACTG	1
4560	4561	123	ATGCATATGCTATCGCTTCACTGT	1
1680	4560	132	TGCATATGCTATCGCTTCACTGTC	1
4558	1680	131	GCATATGCTATCGCTTCACTGTCT	1
1678	4558	130	CATATGCTATCGCTTCACTGTCTC	1
1677	1678	129	ATATGCTATCGCTTCACTGTCTCC	1
1676	1677	129	TATGCTATCGCTTCACTGTCTCCT	1
1675	1676	134	ATGCTATCGCTTCACTGTCTCCTC	1
1674	1675	134	TGCTATCGCTTCACTGTCTCCTCT	1
1673	1674	134	GCTATCGCTTCACTGTCTCCTCTC	1
1672	1673	134	CTATCGCTTCACTGTCTCCTCTCT	1
1671	1672	134	TATCGCTTCACTGTCTCCTCTCTT	1
1670	1671	137	ATCGCTTCACTGTCTCCTCTCTTC	1
1669	1670	137	TCGCTTCACTGTCTCCTCTCTTCA	1
4547	1669	136	CGCTTCACTGTCTCCTCTCTTCAG	1
4546	4547	136	GCTTCACTGTCTCCTCTCTTCAGG	1
1666	4546	126	CTTCACTGTCTCCTCTCTTCAGGA	1
1665	1666	128	TTCACTGTCTCCTCTCTTCAGGAT	1
4543	1665	123	TCACTGTCTCCTCTCTTCAGGATG	1
1663	4543	122	CACTGTCTCCTCTCTTCAGGATGT	1
4541	1663	120	ACTGTCTCCTCTCTTCAGGATGTG	1
1661	4541	112	CTGTCTCCTCTCTTCAGGATGTGT	1
1660	1661	113	TGTCTCCTCTCTTCAGGATGTGTT	1
1659	1660	112	GTCTCCTCTCTTCAGGATGTGTTC	1
1658	1659	108	TCTCCTCTCTTCAGGATGTGTTCT	1
1657	1658	107	CTCCTCTCTTCAGGATGTGTTCTG	1
4535	1657	104	TCCTCTCTTCAGGATGTGTTCTGG	1
1655	4535	93	CCTCTCTTCAGGATGTGTTCTGGT	1
1654	1655	94	CTCTCTTCAGGATGTGTTCTGGTG	1
4532	1654	93	TCTCTTCAGGATGTGTTCTGGTGG	1
4531	4532	93	CTCTTCAGGATGTGTTCTGGTGGG	1
4530	4531	97	TCTTCAGGATGTGTTCTGGTGGGA	1
4529	4530	97	CTTCAGGATGTGTTCTGGTGGGAG	1
4528	4529	97	TTCAGGATGTGTTCTGGTGGGAGG	1
4527	4528	95	TCAGGATGTGTTCTGGTGGGAGGA	1
1647	4527	95	CAGGATGTGTTCTGGTGGGAGGAT	1
4525	1647	97	AGGATGTGTTCTGGTGGGAGGATT	1
4524	4525	96	GGATGTGTTCTGGTGGGAGGATTA	1
4523	4524	97	GATGTGTTCTGGTGGGAGGATTAA	1
4522	4523	93	ATGTGTTCTGGTGGGAGGATTAAG	1
1642	4522	90	TGTGTTCTGGTGGGAGGATTAAGC	1
4520	1642	88	GTGTTCTGGTGGGAGGATTAAGCT	1
1640	4520	89	TGTTCTGGTGGGAGGATTAAGCTT	1
4518	1640	92	GTTCTGGTGGGAGGATTAAGCTTT	1
1638	4518	101	TTCTGGTGGGAGGATTAAGCTTTT	1
1637	1638	99	TCTGGTGGGAGGATTAAGCTTTTC	1
1636	1637	92	CTGGTGGGAGGATTAAGCTTTTCA	1
1635	1636	94	TGGTGGGAGGATTAAGCTTTTCAT	1
4513	1635	95	GGTGGGAGGATTAAGCTTTTCATT	1
4512	4513	96	GTGGGAGGATTAAGCTTTTCATTT	1
1632	4512	100	TGGGAGGATTAAGCTTTTCATTTC	1
4510	1632	100	GGGAGGATTAAGCTTTTCATTTCT	1
4509	4510	110	GGAGGATTAAGCTTTTCATTTCTA	1
4508	4509	115	GAGGATTAAGCTTTTCATTTCTAG	1
4507	4508	108	AGGATTAAGCTTTTCATTTCTAGT	1
4506	4507	109	GGATTAAGCTTTTCATTTCTAGTA	1
4505	4506	112	GATTAAGCTTTTCATTTCTAGTAG	1
4504	4505	109	ATTAAGCTTTTCATTTCTAGTAGA	1
1624	4504	111	TTAAGCTTTTCATTTCTAGTAGAT	1
4502	1624	109	TAAGCTTTTCATTTCTAGTAGATA	1
4501	4502	106	AAGCTTTTCATTTCTAGTAGATAT	1
4500	4501	106	AGCTTTTCATTTCTAGTAGATATT	1
4499	4500	104	GCTTTTCATTTCTAGTAGATATTT	1
1619	4499	106	CTTTTCATTTCTAGTAGATATTTT	1
4497	1619	106	TTTTCATTTCTAGTAGATATTTTG	1
4496	4497	106	TTTCATTTCTAGTAGATATTTTGG	1
1616	4496	106	TTCATTTCTAGTAGATATTTTGGC	1
1615	1616	103	TCATTTCTAGTAGATATTTTGGCA	1
1614	1615	102	CATTTCTAGTAGATATTTTGGCAC	1
4492	1614	105	ATTTCTAGTAGATATTTTGGCACG	1
1612	4492	104	TTTCTAGTAGATATTTTGGCACGT	1
4490	1612	106	TTCTAGTAGATATTTTGGCACGTG	1
1610	4490	111	TCTAGTAGATATTTTGGCACGTGT	1
1609	1610	112	CTAGTAGATATTTTGGCACGTGTG	1
4487	1609	115	TAGTAGATATTTTGGCACGTGTGG	1
4486	4487	114	AGTAGATATTTTGGCACGTGTGGA	1
4485	4486	118	GTAGATATTTTGGCACGTGTGGAT	1
1605	4485	121	TAGATATTTTGGCACGTGTGGATT	1
4483	1605	118	AGATATTTTGGCACGTGTGGATTA	1
4482	4483	120	GATATTTTGGCACGTGTGGATTAA	1
4481	4482	117	ATATTTTGGCACGTGTGGATTAAA	1
1601	4481	119	TATTTTGGCACGTGTGGATTAAAT	1
1600	1601	120	ATTTTGGCACGTGTGGATTAAATT	1
1599	5737	10	TTTTGGCACGTGTGGATTAAATTC	1
1599	1600	118	TTTTGGCACGTGTGGATTAAATTC	1
1598	1599	129	TTTGGCACGTGTGGATTAAATTCC	1
1597	1598	132	TTGGCACGTGTGGATTAAATTCCA	1
1596	1597	134	TGGCACGTGTGGATTAAATTCCAC	1
4474	1596	133	GGCACGTGTGGATTAAATTCCACA	1
4473	4474	142	GCACGTGTGGATTAAATTCCACAG	1
1593	4473	144	CACGTGTGGATTAAATTCCACAGC	1
1592	1593	146	ACGTGTGGATTAAATTCCACAGCT	1
1591	1592	151	CGTGTGGATTAAATTCCACAGCTC	1
4469	1591	141	GTGTGGATTAAATTCCACAGCTCT	1
4468	4469	142	TGTGGATTAAATTCCACAGCTCTG	1
4467	4468	140	GTGGATTAAATTCCACAGCTCTGT	1
4466	4467	139	TGGATTAAATTCCACAGCTCTGTG	1
4465	4466	129	GGATTAAATTCCACAGCTCTGTGG	1
4464	4465	131	GATTAAATTCCACAGCTCTGTGGA	1
4463	4464	133	ATTAAATTCCACAGCTCTGTGGAT	1
4462	4463	131	TTAAATTCCACAGCTCTGTGGATG	1
4461	4462	130	TAAATTCCACAGCTCTGTGGATGG	1
1581	4461	131	AAATTCCACAGCTCTGTGGATGGC	1
1580	1581	125	AATTCCACAGCTCTGTGGATGGCT	1
1579	1580	125	ATTCCACAGCTCTGTGGATGGCTT	1
1578	1579	116	TTCCACAGCTCTGTGGATGGCTTC	1
1577	1578	110	TCCACAGCTCTGTGGATGGCTTCT	1
1576	1577	108	CCACAGCTCTGTGGATGGCTTCTA	1
1575	1576	107	CACAGCTCTGTGGATGGCTTCTAC	1
1574	1575	107	ACAGCTCTGTGGATGGCTTCTACT	1
1573	1574	106	CAGCTCTGTGGATGGCTTCTACTG	1
1572	1573	105	AGCTCTGTGGATGGCTTCTACTGC	1
4450	1572	103	GCTCTGTGGATGGCTTCTACTGCA	1
1570	4450	103	CTCTGTGGATGGCTTCTACTGCAT	1
1569	1570	105	TCTGTGGATGGCTTCTACTGCATT	1
1568	1569	110	CTGTGGATGGCTTCTACTGCATTC	1
1567	1568	113	TGTGGATGGCTTCTACTGCATTCA	1
4445	1567	110	GTGGATGGCTTCTACTGCATTCAT	1
1565	4445	119	TGGATGGCTTCTACTGCATTCATC	1
4443	1565	117	GGATGGCTTCTACTGCATTCATCT	1
1563	4443	118	GATGGCTTCTACTGCATTCATCTC	1
1562	1563	122	ATGGCTTCTACTGCATTCATCTCT	1
4440	1562	120	TGGCTTCTACTGCATTCATCTCTG	1
4439	4440	121	GGCTTCTACTGCATTCATCTCTGC	1
4438	4439	124	GCTTCTACTGCATTCATCTCTGCT	1
1558	4438	123	CTTCTACTGCATTCATCTCTGCTG	1
1557	1558	123	TTCTACTGCATTCATCTCTGCTGT	1
4435	1557	120	TCTACTGCATTCATCTCTGCTGTG	1
1555	4435	119	CTACTGCATTCATCTCTGCTGTGC	1
1554	1555	116	TACTGCATTCATCTCTGCTGTGCT	1
1553	1554	112	ACTGCATTCATCTCTGCTGTGCTC	1
1552	1553	114	CTGCATTCATCTCTGCTGTGCTCA	1
4430	1552	118	TGCATTCATCTCTGCTGTGCTCAG	1
4429	4430	118	GCATTCATCTCTGCTGTGCTCAGC	1
1549	4429	114	CATTCATCTCTGCTGTGCTCAGCC	1
1548	1549	111	ATTCATCTCTGCTGTGCTCAGCCC	1
1547	1548	110	TTCATCTCTGCTGTGCTCAGCCCC	1
1546	1547	106	TCATCTCTGCTGTGCTCAGCCCCC	1
1545	1546	100	CATCTCTGCTGTGCTCAGCCCCCT	1
1544	1545	113	ATCTCTGCTGTGCTCAGCCCCCTC	1
1543	1544	108	TCTCTGCTGTGCTCAGCCCCCTCC	1
1542	1543	104	CTCTGCTGTGCTCAGCCCCCTCCG	1
1541	1542	104	TCTGCTGTGCTCAGCCCCCTCCGA	1
4419	1541	104	CTGCTGTGCTCAGCCCCCTCCGAG	1
4418	4419	102	TGCTGTGCTCAGCCCCCTCCGAGA	1
1538	4418	101	GCTGTGCTCAGCCCCCTCCGAGAC	1
1537	1538	99	CTGTGCTCAGCCCCCTCCGAGACG	1
1536	1537	101	TGTGCTCAGCCCCCTCCGAGACGC	1
4414	1536	99	GTGCTCAGCCCCCTCCGAGACGCA	1
4413	4414	103	TGCTCAGCCCCCTCCGAGACGCAG	1
1533	4413	100	GCTCAGCCCCCTCCGAGACGCAGC	1
1532	1533	99	CTCAGCCCCCTCCGAGACGCAGCC	1
1531	1532	99	TCAGCCCCCTCCGAGACGCAGCCT	1
1530	1531	100	CAGCCCCCTCCGAGACGCAGCCTC	1
1529	1530	100	AGCCCCCTCCGAGACGCAGCCTCT	1
4407	1529	103	GCCCCCTCCGAGACGCAGCCTCTG	1
1527	4407	104	CCCCCTCCGAGACGCAGCCTCTGG	1
1526	1527	110	CCCCTCCGAGACGCAGCCTCTGGA	1
1525	1526	110	CCCTCCGAGACGCAGCCTCTGGAG	1
1524	1525	112	CCTCCGAGACGCAGCCTCTGGAGA	1
1523	1524	114	CTCCGAGACGCAGCCTCTGGAGAG	1
1522	1523	120	TCCGAGACGCAGCCTCTGGAGAGA	1
1521	1522	120	CCGAGACGCAGCCTCTGGAGAGAA	1
1520	1521	124	CGAGACGCAGCCTCTGGAGAGAAT	1
4398	1520	126	GAGACGCAGCCTCTGGAGAGAATT	1
4397	4398	124	AGACGCAGCCTCTGGAGAGAATTT	1
4396	4397	122	GACGCAGCCTCTGGAGAGAATTTG	1
4395	4396	118	ACGCAGCCTCTGGAGAGAATTTGT	1
1515	4395	109	CGCAGCCTCTGGAGAGAATTTGTC	1
4393	1515	104	GCAGCCTCTGGAGAGAATTTGTCA	1
4392	4393	99	CAGCCTCTGGAGAGAATTTGTCAG	1
4391	4392	98	AGCCTCTGGAGAGAATTTGTCAGA	1
4390	4391	98	GCCTCTGGAGAGAATTTGTCAGAG	1
1510	4390	96	CCTCTGGAGAGAATTTGTCAGAGA	1
1509	1510	94	CTCTGGAGAGAATTTGTCAGAGAC	1
1508	1509	94	TCTGGAGAGAATTTGTCAGAGACA	1
4386	1508	90	CTGGAGAGAATTTGTCAGAGACAG	1
1506	4386	87	TGGAGAGAATTTGTCAGAGACAGC	1
4384	1506	86	GGAGAGAATTTGTCAGAGACAGCT	1
4383	4384	91	GAGAGAATTTGTCAGAGACAGCTC	1
4382	4383	91	AGAGAATTTGTCAGAGACAGCTCT	1
4381	4382	90	GAGAATTTGTCAGAGACAGCTCTT	1
4380	4381	90	AGAATTTGTCAGAGACAGCTCTTG	1
4379	4380	90	GAATTTGTCAGAGACAGCTCTTGC	1
1499	4379	88	AATTTGTCAGAGACAGCTCTTGCT	1
1498	1499	88	ATTTGTCAGAGACAGCTCTTGCTT	1
1497	1498	88	TTTGTCAGAGACAGCTCTTGCTTT	1
4375	1497	86	TTGTCAGAGACAGCTCTTGCTTTG	1
4374	4375	86	TGTCAGAGACAGCTCTTGCTTTGA	1
4373	4374	86	GTCAGAGACAGCTCTTGCTTTGAG	1
1493	4373	86	TCAGAGACAGCTCTTGCTTTGAGC	1
1492	1493	72	CAGAGACAGCTCTTGCTTTGAGCA	1
4370	1492	71	AGAGACAGCTCTTGCTTTGAGCAG	1
4369	4370	72	GAGACAGCTCTTGCTTTGAGCAGG	1
4368	4369	72	AGACAGCTCTTGCTTTGAGCAGGG	1
4367	4368	71	GACAGCTCTTGCTTTGAGCAGGGC	1
4366	4367	69	ACAGCTCTTGCTTTGAGCAGGGCG	1
4365	4366	72	CAGCTCTTGCTTTGAGCAGGGCGG	1
1485	4365	79	AGCTCTTGCTTTGAGCAGGGCGGC	1
4363	1485	77	GCTCTTGCTTTGAGCAGGGCGGCT	1
1483	4363	79	CTCTTGCTTTGAGCAGGGCGGCTG	1
1482	1483	75	TCTTGCTTTGAGCAGGGCGGCTGT	1
1481	1482	78	CTTGCTTTGAGCAGGGCGGCTGTG	1
1480	1481	78	TTGCTTTGAGCAGGGCGGCTGTGT	1
4358	1480	78	TGCTTTGAGCAGGGCGGCTGTGTA	1
4357	4358	81	GCTTTGAGCAGGGCGGCTGTGTAG	1
1477	4357	81	CTTTGAGCAGGGCGGCTGTGTAGC	1
1476	1477	79	TTTGAGCAGGGCGGCTGTGTAGCA	1
1475	1476	77	TTGAGCAGGGCGGCTGTGTAGCAT	1
4353	1475	75	TGAGCAGGGCGGCTGTGTAGCATA	1
4352	4353	74	GAGCAGGGCGGCTGTGTAGCATAT	1
4351	4352	70	AGCAGGGCGGCTGTGTAGCATATT	1
4350	4351	68	GCAGGGCGGCTGTGTAGCATATTG	1
1470	4350	64	CAGGGCGGCTGTGTAGCATATTGT	1
1469	1470	67	AGGGCGGCTGTGTAGCATATTGTC	1
4347	1469	66	GGGCGGCTGTGTAGCATATTGTCG	1
4346	4347	64	GGCGGCTGTGTAGCATATTGTCGC	1
1466	4346	67	GCGGCTGTGTAGCATATTGTCGCC	1
1465	1466	68	CGGCTGTGTAGCATATTGTCGCCG	1
4343	1465	78	GGCTGTGTAGCATATTGTCGCCGA	1
1463	4343	85	GCTGTGTAGCATATTGTCGCCGAC	1
1462	1463	83	CTGTGTAGCATATTGTCGCCGACT	1
1461	1462	87	TGTGTAGCATATTGTCGCCGACTT	1
4339	1461	89	GTGTAGCATATTGTCGCCGACTTT	1
4338	4339	90	TGTAGCATATTGTCGCCGACTTTG	1
4337	4338	89	GTAGCATATTGTCGCCGACTTTGG	1
1457	4337	93	TAGCATATTGTCGCCGACTTTGGT	1
4335	1457	94	AGCATATTGTCGCCGACTTTGGTA	1
4334	4335	99	GCATATTGTCGCCGACTTTGGTAA	1
4333	4334	101	CATATTGTCGCCGACTTTGGTAAG	1
1453	4333	100	ATATTGTCGCCGACTTTGGTAAGC	1
1452	1453	98	TATTGTCGCCGACTTTGGTAAGCT	1
1451	1452	98	ATTGTCGCCGACTTTGGTAAGCTT	1
1450	1451	97	TTGTCGCCGACTTTGGTAAGCTTA	1
1449	1450	97	TGTCGCCGACTTTGGTAAGCTTAT	1
4327	1449	97	GTCGCCGACTTTGGTAAGCTTATA	1
1447	4327	98	TCGCCGACTTTGGTAAGCTTATAT	1
1446	1447	101	CGCCGACTTTGGTAAGCTTATATC	1
4324	1446	104	GCCGACTTTGGTAAGCTTATATCA	1
1444	4324	107	CCGACTTTGGTAAGCTTATATCAT	1
1443	1444	111	CGACTTTGGTAAGCTTATATCATC	1
4321	1443	112	GACTTTGGTAAGCTTATATCATCA	1
1441	4321	114	ACTTTGGTAAGCTTATATCATCAT	1
1440	1441	114	CTTTGGTAAGCTTATATCATCATA	1
1439	1440	117	TTTGGTAAGCTTATATCATCATAC	1
1438	1439	114	TTGGTAAGCTTATATCATCATACT	1
1437	1438	113	TGGTAAGCTTATATCATCATACTT	1
4315	1437	119	GGTAAGCTTATATCATCATACTTT	1
4314	4315	119	GTAAGCTTATATCATCATACTTTG	1
1434	4314	118	TAAGCTTATATCATCATACTTTGC	1
1433	1434	111	AAGCTTATATCATCATACTTTGCT	1
4311	1433	109	AGCTTATATCATCATACTTTGCTA	1
4310	4311	110	GCTTATATCATCATACTTTGCTAA	1
1430	4310	113	CTTATATCATCATACTTTGCTAAG	1
4308	1430	112	TTATATCATCATACTTTGCTAAGA	1
1428	4308	109	TATATCATCATACTTTGCTAAGAC	1
1427	1428	110	ATATCATCATACTTTGCTAAGACT	1
4305	1427	106	TATCATCATACTTTGCTAAGACTG	1
1425	4305	110	ATCATCATACTTTGCTAAGACTGC	1
1424	1425	111	TCATCATACTTTGCTAAGACTGCC	1
1423	1424	112	CATCATACTTTGCTAAGACTGCCT	1
4301	1423	110	ATCATACTTTGCTAAGACTGCCTG	1
1421	4301	112	TCATACTTTGCTAAGACTGCCTGA	1
1420	1421	112	CATACTTTGCTAAGACTGCCTGAA	1
1419	1420	112	ATACTTTGCTAAGACTGCCTGAAC	1
1418	1419	110	TACTTTGCTAAGACTGCCTGAACA	1
1417	1418	106	ACTTTGCTAAGACTGCCTGAACAT	1
1416	1417	105	CTTTGCTAAGACTGCCTGAACATC	1
1415	1416	104	TTTGCTAAGACTGCCTGAACATCA	1
4293	1415	103	TTGCTAAGACTGCCTGAACATCAG	1
1413	4293	98	TGCTAAGACTGCCTGAACATCAGC	1
4291	1413	94	GCTAAGACTGCCTGAACATCAGCA	1
1411	4291	94	CTAAGACTGCCTGAACATCAGCAT	1
4289	1411	96	TAAGACTGCCTGAACATCAGCATA	1
4288	4289	99	AAGACTGCCTGAACATCAGCATAA	1
4287	4288	98	AGACTGCCTGAACATCAGCATAAG	1
4286	4287	98	GACTGCCTGAACATCAGCATAAGC	1
1406	4286	97	ACTGCCTGAACATCAGCATAAGCT	1
1405	1406	93	CTGCCTGAACATCAGCATAAGCTT	1
4283	1405	94	TGCCTGAACATCAGCATAAGCTTG	1
4282	4283	89	GCCTGAACATCAGCATAAGCTTGG	1
1402	4282	96	CCTGAACATCAGCATAAGCTTGGA	1
4280	1402	104	CTGAACATCAGCATAAGCTTGGAG	1
1400	4280	103	TGAACATCAGCATAAGCTTGGAGT	1
4278	1400	105	GAACATCAGCATAAGCTTGGAGTT	1
1398	4278	105	AACATCAGCATAAGCTTGGAGTTC	1
1397	1398	105	ACATCAGCATAAGCTTGGAGTTCC	1
1396	1397	103	CATCAGCATAAGCTTGGAGTTCCA	1
4274	1396	97	ATCAGCATAAGCTTGGAGTTCCAG	1
4273	4274	99	TCAGCATAAGCTTGGAGTTCCAGA	1
1393	4273	94	CAGCATAAGCTTGGAGTTCCAGAA	1
4271	1393	92	AGCATAAGCTTGGAGTTCCAGAAG	1
4270	4271	92	GCATAAGCTTGGAGTTCCAGAAGA	1
4269	4270	90	CATAAGCTTGGAGTTCCAGAAGAG	1
1389	4269	90	ATAAGCTTGGAGTTCCAGAAGAGC	1
1388	1389	91	TAAGCTTGGAGTTCCAGAAGAGCT	1
4266	1388	87	AAGCTTGGAGTTCCAGAAGAGCTT	1
1386	4266	87	AGCTTGGAGTTCCAGAAGAGCTTC	1
4264	1386	88	GCTTGGAGTTCCAGAAGAGCTTCT	1
1384	4264	86	CTTGGAGTTCCAGAAGAGCTTCTA	1
4262	1384	93	TTGGAGTTCCAGAAGAGCTTCTAG	1
4261	4262	94	TGGAGTTCCAGAAGAGCTTCTAGA	1
4260	4261	95	GGAGTTCCAGAAGAGCTTCTAGAA	1
4259	4260	96	GAGTTCCAGAAGAGCTTCTAGAAG	1
4258	4259	92	AGTTCCAGAAGAGCTTCTAGAAGG	1
4257	4258	89	GTTCCAGAAGAGCTTCTAGAAGGT	1
1377	4257	89	TTCCAGAAGAGCTTCTAGAAGGTT	1
1376	1377	92	TCCAGAAGAGCTTCTAGAAGGTTC	1
1375	1376	89	CCAGAAGAGCTTCTAGAAGGTTCT	1
1374	1375	88	CAGAAGAGCTTCTAGAAGGTTCTC	1
4252	1374	86	AGAAGAGCTTCTAGAAGGTTCTCA	1
4251	4252	85	GAAGAGCTTCTAGAAGGTTCTCAT	1
4250	4251	82	AAGAGCTTCTAGAAGGTTCTCATG	1
4249	4250	83	AGAGCTTCTAGAAGGTTCTCATGG	1
4248	4249	79	GAGCTTCTAGAAGGTTCTCATGGA	1
4247	4248	80	AGCTTCTAGAAGGTTCTCATGGAT	1
4246	4247	82	GCTTCTAGAAGGTTCTCATGGATA	1
1366	4246	83	CTTCTAGAAGGTTCTCATGGATAT	1
1365	1366	84	TTCTAGAAGGTTCTCATGGATATT	1
4243	1365	83	TCTAGAAGGTTCTCATGGATATTG	1
1363	4243	81	CTAGAAGGTTCTCATGGATATTGA	1
4241	1363	78	TAGAAGGTTCTCATGGATATTGAA	1
1361	4241	78	AGAAGGTTCTCATGGATATTGAAC	1
4239	1361	71	GAAGGTTCTCATGGATATTGAACA	1
4238	4239	73	AAGGTTCTCATGGATATTGAACAT	1
4237	4238	72	AGGTTCTCATGGATATTGAACATG	1
4236	4237	72	GGTTCTCATGGATATTGAACATGC	1
4235	4236	73	GTTCTCATGGATATTGAACATGCT	1
1355	4235	80	TTCTCATGGATATTGAACATGCTT	1
1354	1355	80	TCTCATGGATATTGAACATGCTTA	1
1353	1354	82	CTCATGGATATTGAACATGCTTAG	1
4231	1353	86	TCATGGATATTGAACATGCTTAGG	1
1351	4231	84	CATGGATATTGAACATGCTTAGGA	1
4229	1351	80	ATGGATATTGAACATGCTTAGGAG	1
4228	4229	77	TGGATATTGAACATGCTTAGGAGG	1
4227	4228	79	GGATATTGAACATGCTTAGGAGGG	1
4226	4227	79	GATATTGAACATGCTTAGGAGGGG	1
4225	4226	79	ATATTGAACATGCTTAGGAGGGGA	1
4224	4225	80	TATTGAACATGCTTAGGAGGGGAA	1
4223	4224	82	ATTGAACATGCTTAGGAGGGGAAA	1
1343	4223	82	TTGAACATGCTTAGGAGGGGAAAC	1
1342	1343	78	TGAACATGCTTAGGAGGGGAAACT	1
1341	1342	79	GAACATGCTTAGGAGGGGAAACTC	1
1340	1341	79	AACATGCTTAGGAGGGGAAACTCC	1
1339	1340	82	ACATGCTTAGGAGGGGAAACTCCT	1
1338	1339	83	CATGCTTAGGAGGGGAAACTCCTT	1
1337	1338	83	ATGCTTAGGAGGGGAAACTCCTTC	1
1336	1337	82	TGCTTAGGAGGGGAAACTCCTTCA	1
4214	1336	82	GCTTAGGAGGGGAAACTCCTTCAT	1
1334	4214	86	CTTAGGAGGGGAAACTCCTTCATT	1
1333	1334	89	TTAGGAGGGGAAACTCCTTCATTA	1
4211	1333	90	TAGGAGGGGAAACTCCTTCATTAA	1
4210	4211	87	AGGAGGGGAAACTCCTTCATTAAA	1
4209	4210	86	GGAGGGGAAACTCCTTCATTAAAT	1
4208	4209	87	GAGGGGAAACTCCTTCATTAAATC	1
4207	4208	90	AGGGGAAACTCCTTCATTAAATCT	1
4206	4207	94	GGGGAAACTCCTTCATTAAATCTC	1
4205	4206	99	GGGAAACTCCTTCATTAAATCTCT	1
4204	4205	99	GGAAACTCCTTCATTAAATCTCTC	1
4203	4204	99	GAAACTCCTTCATTAAATCTCTCA	1
4202	4203	99	AAACTCCTTCATTAAATCTCTCAT	1
1322	4202	100	AACTCCTTCATTAAATCTCTCATC	1
4200	1322	98	ACTCCTTCATTAAATCTCTCATCA	1
1320	4200	98	CTCCTTCATTAAATCTCTCATCAT	1
1319	1320	99	TCCTTCATTAAATCTCTCATCATC	1
1318	1319	101	CCTTCATTAAATCTCTCATCATCT	1
1317	1318	104	CTTCATTAAATCTCTCATCATCTT	1
1316	1317	105	TTCATTAAATCTCTCATCATCTTC	1
1315	1316	105	TCATTAAATCTCTCATCATCTTCA	1
1314	1315	106	CATTAAATCTCTCATCATCTTCAC	1
1313	1314	107	ATTAAATCTCTCATCATCTTCACT	1
4191	1313	109	TTAAATCTCTCATCATCTTCACTG	1
1311	4191	112	TAAATCTCTCATCATCTTCACTGC	1
1310	1311	112	AAATCTCTCATCATCTTCACTGCT	1
1309	1310	112	AATCTCTCATCATCTTCACTGCTT	1
1308	1309	111	ATCTCTCATCATCTTCACTGCTTC	1
1307	1308	108	TCTCTCATCATCTTCACTGCTTCT	1
1306	1307	111	CTCTCATCATCTTCACTGCTTCTC	1
1305	1306	123	TCTCATCATCTTCACTGCTTCTCT	1
1304	1305	125	CTCATCATCTTCACTGCTTCTCTG	1
4182	1304	126	TCATCATCTTCACTGCTTCTCTGG	1
1302	4182	127	CATCATCTTCACTGCTTCTCTGGT	1
1301	1302	131	ATCATCTTCACTGCTTCTCTGGTC	1
1300	1301	128	TCATCTTCACTGCTTCTCTGGTCC	1
1299	1300	130	CATCTTCACTGCTTCTCTGGTCCT	1
1298	1299	127	ATCTTCACTGCTTCTCTGGTCCTT	1
1297	1298	122	TCTTCACTGCTTCTCTGGTCCTTC	1
1296	1297	124	CTTCACTGCTTCTCTGGTCCTTCC	1
1295	1296	138	TTCACTGCTTCTCTGGTCCTTCCA	1
1294	1295	142	TCACTGCTTCTCTGGTCCTTCCAA	1
4172	1294	141	CACTGCTTCTCTGGTCCTTCCAAG	1
4171	4172	145	ACTGCTTCTCTGGTCCTTCCAAGT	1
1291	4171	146	CTGCTTCTCTGGTCCTTCCAAGTC	1
1290	1291	151	TGCTTCTCTGGTCCTTCCAAGTCT	1
1289	1290	155	GCTTCTCTGGTCCTTCCAAGTCTC	1
1288	1289	157	CTTCTCTGGTCCTTCCAAGTCTCC	1
4166	1288	156	TTCTCTGGTCCTTCCAAGTCTCCG	1
4165	4166	154	TCTCTGGTCCTTCCAAGTCTCCGG	1
4164	4165	153	CTCTGGTCCTTCCAAGTCTCCGGG	1
1284	4164	153	TCTGGTCCTTCCAAGTCTCCGGGC	1
1283	1284	152	CTGGTCCTTCCAAGTCTCCGGGCA	1
1282	1283	155	TGGTCCTTCCAAGTCTCCGGGCAC	1
4160	1282	153	GGTCCTTCCAAGTCTCCGGGCACA	1
1280	4160	154	GTCCTTCCAAGTCTCCGGGCACAC	1
1279	1280	157	TCCTTCCAAGTCTCCGGGCACACA	1
1278	1279	156	CCTTCCAAGTCTCCGGGCACACAT	1
1277	1278	155	CTTCCAAGTCTCCGGGCACACATC	1
4155	1277	156	TTCCAAGTCTCCGGGCACACATCG	1
1275	4155	157	TCCAAGTCTCCGGGCACACATCGC	1
1274	1275	153	CCAAGTCTCCGGGCACACATCGCC	1
1273	1274	153	CAAGTCTCCGGGCACACATCGCCA	1
4151	1273	156	AAGTCTCCGGGCACACATCGCCAG	1
1271	4151	157	AGTCTCCGGGCACACATCGCCAGC	1
1270	1271	156	GTCTCCGGGCACACATCGCCAGCC	1
1269	1270	157	TCTCCGGGCACACATCGCCAGCCT	1
1268	1269	158	CTCCGGGCACACATCGCCAGCCTT	1
1267	1268	163	TCCGGGCACACATCGCCAGCCTTC	1
1266	1267	163	CCGGGCACACATCGCCAGCCTTCT	1
1265	1266	168	CGGGCACACATCGCCAGCCTTCTT	1
4143	1265	168	GGGCACACATCGCCAGCCTTCTTT	1
4142	4143	166	GGCACACATCGCCAGCCTTCTTTT	1
4141	4142	164	GCACACATCGCCAGCCTTCTTTTG	1
1261	4141	162	CACACATCGCCAGCCTTCTTTTGA	1
1260	1261	161	ACACATCGCCAGCCTTCTTTTGAT	1
1259	1260	159	CACATCGCCAGCCTTCTTTTGATA	1
1258	1259	163	ACATCGCCAGCCTTCTTTTGATAT	1
1257	1258	167	CATCGCCAGCCTTCTTTTGATATA	1
4135	1257	167	ATCGCCAGCCTTCTTTTGATATAG	1
4134	4135	166	TCGCCAGCCTTCTTTTGATATAGA	1
1254	4134	159	CGCCAGCCTTCTTTTGATATAGAC	1
4132	1254	154	GCCAGCCTTCTTTTGATATAGACT	1
1252	4132	151	CCAGCCTTCTTTTGATATAGACTA	1
1251	1252	149	CAGCCTTCTTTTGATATAGACTAA	1
4129	1251	148	AGCCTTCTTTTGATATAGACTAAG	1
4128	4129	146	GCCTTCTTTTGATATAGACTAAGA	1
1248	4128	149	CCTTCTTTTGATATAGACTAAGAC	1
1247	1248	148	CTTCTTTTGATATAGACTAAGACA	1
1246	1247	149	TTCTTTTGATATAGACTAAGACAT	1
1245	1246	149	TCTTTTGATATAGACTAAGACATT	1
1244	1245	146	CTTTTGATATAGACTAAGACATTG	1
4122	1244	137	TTTTGATATAGACTAAGACATTGG	1
1242	4122	134	TTTGATATAGACTAAGACATTGGT	1
4120	1242	135	TTGATATAGACTAAGACATTGGTG	1
1240	4120	129	TGATATAGACTAAGACATTGGTGT	1
4118	1240	127	GATATAGACTAAGACATTGGTGTC	1
1238	4118	123	ATATAGACTAAGACATTGGTGTCT	1
1237	1238	117	TATAGACTAAGACATTGGTGTCTC	1
4115	1237	115	ATAGACTAAGACATTGGTGTCTCG	1
1235	4115	110	TAGACTAAGACATTGGTGTCTCGT	1
1234	1235	109	AGACTAAGACATTGGTGTCTCGTC	1
4112	1234	114	GACTAAGACATTGGTGTCTCGTCT	1
4111	4112	114	ACTAAGACATTGGTGTCTCGTCTG	1
1231	4111	116	CTAAGACATTGGTGTCTCGTCTGT	1
4109	1231	112	TAAGACATTGGTGTCTCGTCTGTG	1
4108	4109	110	AAGACATTGGTGTCTCGTCTGTGT	1
4107	4108	106	AGACATTGGTGTCTCGTCTGTGTT	1
4106	4107	102	GACATTGGTGTCTCGTCTGTGTTG	1
4105	4106	104	ACATTGGTGTCTCGTCTGTGTTGA	1
4104	4105	104	CATTGGTGTCTCGTCTGTGTTGAG	1
1224	4104	100	ATTGGTGTCTCGTCTGTGTTGAGC	1
1223	1224	95	TTGGTGTCTCGTCTGTGTTGAGCT	1
1222	1223	95	TGGTGTCTCGTCTGTGTTGAGCTT	1
4100	1222	98	GGTGTCTCGTCTGTGTTGAGCTTC	1
4099	4100	94	GTGTCTCGTCTGTGTTGAGCTTCA	1
1219	4099	93	TGTCTCGTCTGTGTTGAGCTTCAT	1
4097	1219	93	GTCTCGTCTGTGTTGAGCTTCATA	1
1217	4097	96	TCTCGTCTGTGTTGAGCTTCATAC	1
1216	1217	94	CTCGTCTGTGTTGAGCTTCATACT	1
4094	1216	94	TCGTCTGTGTTGAGCTTCATACTG	1
4093	4094	94	CGTCTGTGTTGAGCTTCATACTGG	1
4092	4093	87	GTCTGTGTTGAGCTTCATACTGGG	1
4091	4092	89	TCTGTGTTGAGCTTCATACTGGGA	1
1211	4091	92	CTGTGTTGAGCTTCATACTGGGAC	1
1210	1211	98	TGTGTTGAGCTTCATACTGGGACC	1
1209	1210	99	GTGTTGAGCTTCATACTGGGACCC	1
1208	1209	101	TGTTGAGCTTCATACTGGGACCCA	1
4086	1208	102	GTTGAGCTTCATACTGGGACCCAT	1
4085	4086	108	TTGAGCTTCATACTGGGACCCATG	1
4084	4085	103	TGAGCTTCATACTGGGACCCATGA	1
4083	4084	105	GAGCTTCATACTGGGACCCATGAT	1
4082	4083	105	AGCTTCATACTGGGACCCATGATG	1
4081	4082	106	GCTTCATACTGGGACCCATGATGT	1
1201	4081	121	CTTCATACTGGGACCCATGATGTT	1
4079	1201	130	TTCATACTGGGACCCATGATGTTG	1
1199	4079	125	TCATACTGGGACCCATGATGTTGT	1
1198	1199	123	CATACTGGGACCCATGATGTTGTA	1
4076	1198	122	ATACTGGGACCCATGATGTTGTAG	1
1196	4076	119	TACTGGGACCCATGATGTTGTAGC	1
1195	1196	118	ACTGGGACCCATGATGTTGTAGCT	1
1194	1195	115	CTGGGACCCATGATGTTGTAGCTG	1
1193	1194	121	TGGGACCCATGATGTTGTAGCTGC	1
4071	1193	118	GGGACCCATGATGTTGTAGCTGCT	1
4070	4071	114	GGACCCATGATGTTGTAGCTGCTG	1
4069	4070	115	GACCCATGATGTTGTAGCTGCTGA	1
4068	4069	115	ACCCATGATGTTGTAGCTGCTGAG	1
1188	4068	117	CCCATGATGTTGTAGCTGCTGAGA	1
1187	1188	120	CCATGATGTTGTAGCTGCTGAGAG	1
1186	1187	123	CATGATGTTGTAGCTGCTGAGAGC	1
4064	1186	123	ATGATGTTGTAGCTGCTGAGAGCG	1
1184	4064	123	TGATGTTGTAGCTGCTGAGAGCGC	1
1183	1184	122	GATGTTGTAGCTGCTGAGAGCGCC	1
4061	1183	124	ATGTTGTAGCTGCTGAGAGCGCCG	1
4060	4061	121	TGTTGTAGCTGCTGAGAGCGCCGG	1
4059	4060	118	GTTGTAGCTGCTGAGAGCGCCGGT	1
1179	4059	122	TTGTAGCTGCTGAGAGCGCCGGTA	1
4057	1179	125	TGTAGCTGCTGAGAGCGCCGGTAA	1
4056	4057	128	GTAGCTGCTGAGAGCGCCGGTAAC	1
1176	4056	129	TAGCTGCTGAGAGCGCCGGTAACA	1
4054	1176	128	AGCTGCTGAGAGCGCCGGTAACAA	1
1174	4054	128	GCTGCTGAGAGCGCCGGTAACAAC	1
1173	1174	127	CTGCTGAGAGCGCCGGTAACAACC	1
1172	1173	124	TGCTGAGAGCGCCGGTAACAACCA	1
4050	1172	123	GCTGAGAGCGCCGGTAACAACCAT	1
1170	4050	122	CTGAGAGCGCCGGTAACAACCATC	1
1169	1170	118	TGAGAGCGCCGGTAACAACCATCT	1
4047	1169	119	GAGAGCGCCGGTAACAACCATCTC	1
1167	4047	125	AGAGCGCCGGTAACAACCATCTCC	1
4045	1167	125	GAGCGCCGGTAACAACCATCTCCA	1
4044	4045	122	AGCGCCGGTAACAACCATCTCCAG	1
4043	4044	125	GCGCCGGTAACAACCATCTCCAGC	1
1163	4043	120	CGCCGGTAACAACCATCTCCAGCC	1
4041	1163	118	GCCGGTAACAACCATCTCCAGCCT	1
1161	4041	120	CCGGTAACAACCATCTCCAGCCTT	1
1160	1161	123	CGGTAACAACCATCTCCAGCCTTC	1
4038	1160	121	GGTAACAACCATCTCCAGCCTTCA	1
4037	4038	118	GTAACAACCATCTCCAGCCTTCAG	1
4036	4037	117	TAACAACCATCTCCAGCCTTCAGG	1
4035	4036	115	AACAACCATCTCCAGCCTTCAGGG	1
1155	4035	117	ACAACCATCTCCAGCCTTCAGGGC	1
1154	1155	111	CAACCATCTCCAGCCTTCAGGGCC	1
1153	1154	111	AACCATCTCCAGCCTTCAGGGCCT	1
4031	1153	109	ACCATCTCCAGCCTTCAGGGCCTG	1
1151	4031	113	CCATCTCCAGCCTTCAGGGCCTGC	1
1150	1151	112	CATCTCCAGCCTTCAGGGCCTGCT	1
1149	1150	101	ATCTCCAGCCTTCAGGGCCTGCTT	1
1148	1149	93	TCTCCAGCCTTCAGGGCCTGCTTA	1
1147	1148	96	CTCCAGCCTTCAGGGCCTGCTTAA	1
1146	1147	97	TCCAGCCTTCAGGGCCTGCTTAAA	1
1145	1146	98	CCAGCCTTCAGGGCCTGCTTAAAG	1
1144	1145	95	CAGCCTTCAGGGCCTGCTTAAAGA	1
4022	1144	95	AGCCTTCAGGGCCTGCTTAAAGAG	1
4021	4022	95	GCCTTCAGGGCCTGCTTAAAGAGT	1
1141	4021	91	CCTTCAGGGCCTGCTTAAAGAGTT	1
1140	1141	92	CTTCAGGGCCTGCTTAAAGAGTTT	1
1139	1140	99	TTCAGGGCCTGCTTAAAGAGTTTT	1
1138	1139	99	TCAGGGCCTGCTTAAAGAGTTTTT	1
1137	1138	98	CAGGGCCTGCTTAAAGAGTTTTTC	1
4015	1137	99	AGGGCCTGCTTAAAGAGTTTTTCT	1
4014	4015	99	GGGCCTGCTTAAAGAGTTTTTCTG	1
4013	4014	106	GGCCTGCTTAAAGAGTTTTTCTGC	1
4012	4013	107	GCCTGCTTAAAGAGTTTTTCTGCT	1
1132	4012	111	CCTGCTTAAAGAGTTTTTCTGCTT	1
1131	1132	114	CTGCTTAAAGAGTTTTTCTGCTTC	1
1130	1131	114	TGCTTAAAGAGTTTTTCTGCTTCA	1
4008	1130	116	GCTTAAAGAGTTTTTCTGCTTCAG	1
1128	4008	122	CTTAAAGAGTTTTTCTGCTTCAGC	1
1127	1128	123	TTAAAGAGTTTTTCTGCTTCAGCA	1
4005	1127	121	TAAAGAGTTTTTCTGCTTCAGCAA	1
4004	4005	119	AAAGAGTTTTTCTGCTTCAGCAAT	1
4003	4004	119	AAGAGTTTTTCTGCTTCAGCAATA	1
4002	4003	121	AGAGTTTTTCTGCTTCAGCAATAG	1
4001	4002	119	GAGTTTTTCTGCTTCAGCAATAGT	1
4000	4001	119	AGTTTTTCTGCTTCAGCAATAGTT	1
3999	4000	123	GTTTTTCTGCTTCAGCAATAGTTG	1
1119	3999	121	TTTTTCTGCTTCAGCAATAGTTGT	1
1118	1119	119	TTTTCTGCTTCAGCAATAGTTGTC	1
3996	1118	121	TTTCTGCTTCAGCAATAGTTGTCG	1
1116	3996	120	TTCTGCTTCAGCAATAGTTGTCGC	1
1115	1116	120	TCTGCTTCAGCAATAGTTGTCGCT	1
1114	1115	120	CTGCTTCAGCAATAGTTGTCGCTT	1
1113	1114	122	TGCTTCAGCAATAGTTGTCGCTTC	1
3991	1113	120	GCTTCAGCAATAGTTGTCGCTTCT	1
1111	3991	120	CTTCAGCAATAGTTGTCGCTTCTT	1
1110	1111	125	TTCAGCAATAGTTGTCGCTTCTTC	1
1109	1110	123	TCAGCAATAGTTGTCGCTTCTTCT	1
1108	1109	117	CAGCAATAGTTGTCGCTTCTTCTT	1
1107	1108	119	AGCAATAGTTGTCGCTTCTTCTTC	1
1106	1107	117	GCAATAGTTGTCGCTTCTTCTTCC	1
1105	1106	116	CAATAGTTGTCGCTTCTTCTTCCG	1
1104	1105	116	AATAGTTGTCGCTTCTTCTTCCGC	1
1103	1104	114	ATAGTTGTCGCTTCTTCTTCCGCC	1
1102	1103	110	TAGTTGTCGCTTCTTCTTCCGCCA	1
3980	1102	111	AGTTGTCGCTTCTTCTTCCGCCAA	1
3979	3980	112	GTTGTCGCTTCTTCTTCCGCCAAG	1
3978	3979	114	TTGTCGCTTCTTCTTCCGCCAAGA	1
3977	3978	116	TGTCGCTTCTTCTTCCGCCAAGAG	1
3976	3977	114	GTCGCTTCTTCTTCCGCCAAGAGA	1
1096	3976	122	TCGCTTCTTCTTCCGCCAAGAGAA	1
1095	1096	125	CGCTTCTTCTTCCGCCAAGAGAAT	1
3973	1095	131	GCTTCTTCTTCCGCCAAGAGAATG	1
1093	3973	138	CTTCTTCTTCCGCCAAGAGAATGT	1
1092	1093	141	TTCTTCTTCCGCCAAGAGAATGTA	1
1091	1092	144	TCTTCTTCCGCCAAGAGAATGTAC	1
1090	1091	144	CTTCTTCCGCCAAGAGAATGTACG	1
1089	1090	144	TTCTTCCGCCAAGAGAATGTACGC	1
1088	1089	144	TCTTCCGCCAAGAGAATGTACGCA	1
1087	1088	137	CTTCCGCCAAGAGAATGTACGCAG	1
1086	1087	135	TTCCGCCAAGAGAATGTACGCAGT	1
1085	1086	134	TCCGCCAAGAGAATGTACGCAGTT	1
1084	1085	131	CCGCCAAGAGAATGTACGCAGTTG	1
1083	1084	127	CGCCAAGAGAATGTACGCAGTTGC	1
3961	1083	123	GCCAAGAGAATGTACGCAGTTGCA	1
1081	3961	121	CCAAGAGAATGTACGCAGTTGCAC	1
1080	1081	114	CAAGAGAATGTACGCAGTTGCACA	1
1079	1080	114	AAGAGAATGTACGCAGTTGCACAC	1
3957	1079	116	AGAGAATGTACGCAGTTGCACACT	1
3957	5645	1	AGAGAATGTACGCAGTTGCACACT	1
3956	3957	97	GAGAATGTACGCAGTTGCACACTC	1
3955	3956	91	AGAATGTACGCAGTTGCACACTCG	1
3954	3955	90	GAATGTACGCAGTTGCACACTCGT	1
3953	3954	92	AATGTACGCAGTTGCACACTCGTT	1
1073	3953	93	ATGTACGCAGTTGCACACTCGTTT	1
3951	1073	95	TGTACGCAGTTGCACACTCGTTTA	1
3950	3951	93	GTACGCAGTTGCACACTCGTTTAT	1
1070	3950	93	TACGCAGTTGCACACTCGTTTATC	1
1069	1070	92	ACGCAGTTGCACACTCGTTTATCT	1
1068	1069	88	CGCAGTTGCACACTCGTTTATCTC	1
1067	1068	87	GCAGTTGCACACTCGTTTATCTCC	1
1066	1067	90	CAGTTGCACACTCGTTTATCTCCA	1
3944	1066	87	AGTTGCACACTCGTTTATCTCCAA	1
3943	3944	87	GTTGCACACTCGTTTATCTCCAAG	1
3942	3943	82	TTGCACACTCGTTTATCTCCAAGG	1
1062	3942	82	TGCACACTCGTTTATCTCCAAGGC	1
3940	1062	83	GCACACTCGTTTATCTCCAAGGCT	1
1060	3940	82	CACACTCGTTTATCTCCAAGGCTT	1
1059	1060	81	ACACTCGTTTATCTCCAAGGCTTC	1
1058	1059	80	CACTCGTTTATCTCCAAGGCTTCA	1
1057	1058	80	ACTCGTTTATCTCCAAGGCTTCAT	1
1056	1057	81	CTCGTTTATCTCCAAGGCTTCATG	1
3934	1056	86	TCGTTTATCTCCAAGGCTTCATGA	1
3934	5736	23	TCGTTTATCTCCAAGGCTTCATGA	1
3933	3934	106	CGTTTATCTCCAAGGCTTCATGAG	1
3932	3933	110	GTTTATCTCCAAGGCTTCATGAGC	1
1052	3932	110	TTTATCTCCAAGGCTTCATGAGCT	1
3930	1052	113	TTATCTCCAAGGCTTCATGAGCTG	1
1050	3930	115	TATCTCCAAGGCTTCATGAGCTGC	1
3928	1050	115	ATCTCCAAGGCTTCATGAGCTGCA	1
3927	3928	117	TCTCCAAGGCTTCATGAGCTGCAG	1
1047	3927	112	CTCCAAGGCTTCATGAGCTGCAGA	1
1046	1047	112	TCCAAGGCTTCATGAGCTGCAGAA	1
1045	1046	112	CCAAGGCTTCATGAGCTGCAGAAA	1
1044	1045	106	CAAGGCTTCATGAGCTGCAGAAAT	1
1043	1044	108	AAGGCTTCATGAGCTGCAGAAATC	1
1042	1043	104	AGGCTTCATGAGCTGCAGAAATCC	1
3920	1042	98	GGCTTCATGAGCTGCAGAAATCCT	1
3919	3920	100	GCTTCATGAGCTGCAGAAATCCTG	1
3918	3919	104	CTTCATGAGCTGCAGAAATCCTGG	1
1038	3918	106	TTCATGAGCTGCAGAAATCCTGGC	1
1037	1038	106	TCATGAGCTGCAGAAATCCTGGCT	1
1036	1037	105	CATGAGCTGCAGAAATCCTGGCTT	1
3914	1036	106	ATGAGCTGCAGAAATCCTGGCTTG	1
3913	3914	105	TGAGCTGCAGAAATCCTGGCTTGA	1
3912	3913	105	GAGCTGCAGAAATCCTGGCTTGAG	1
3911	3912	106	AGCTGCAGAAATCCTGGCTTGAGG	1
3910	3911	105	GCTGCAGAAATCCTGGCTTGAGGG	1
1030	3910	104	CTGCAGAAATCCTGGCTTGAGGGT	1
1029	1030	103	TGCAGAAATCCTGGCTTGAGGGTT	1
1028	1029	105	GCAGAAATCCTGGCTTGAGGGTTC	1
1027	1028	103	CAGAAATCCTGGCTTGAGGGTTCC	1
1026	1027	96	AGAAATCCTGGCTTGAGGGTTCCT	1
3904	1026	99	GAAATCCTGGCTTGAGGGTTCCTT	1
1024	3904	100	AAATCCTGGCTTGAGGGTTCCTTT	1
1023	1024	95	AATCCTGGCTTGAGGGTTCCTTTC	1
1022	1023	93	ATCCTGGCTTGAGGGTTCCTTTCT	1
1021	1022	93	TCCTGGCTTGAGGGTTCCTTTCTC	1
1020	1021	88	CCTGGCTTGAGGGTTCCTTTCTCT	1
1019	1020	94	CTGGCTTGAGGGTTCCTTTCTCTC	1
1018	1019	95	TGGCTTGAGGGTTCCTTTCTCTCC	1
3896	1018	95	GGCTTGAGGGTTCCTTTCTCTCCA	1
3895	3896	96	GCTTGAGGGTTCCTTTCTCTCCAA	1
1015	3895	91	CTTGAGGGTTCCTTTCTCTCCAAG	1
1014	1015	90	TTGAGGGTTCCTTTCTCTCCAAGC	1
1013	1014	92	TGAGGGTTCCTTTCTCTCCAAGCT	1
3891	1013	91	GAGGGTTCCTTTCTCTCCAAGCTT	1
3890	3891	91	AGGGTTCCTTTCTCTCCAAGCTTT	1
3889	3890	91	GGGTTCCTTTCTCTCCAAGCTTTT	1
3888	3889	93	GGTTCCTTTCTCTCCAAGCTTTTT	1
3887	3888	96	GTTCCTTTCTCTCCAAGCTTTTTG	1
1007	3887	110	TTCCTTTCTCTCCAAGCTTTTTGC	1
1006	1007	107	TCCTTTCTCTCCAAGCTTTTTGCA	1
1005	1006	114	CCTTTCTCTCCAAGCTTTTTGCAT	1
1004	1005	115	CTTTCTCTCCAAGCTTTTTGCATT	1
1003	1004	115	TTTCTCTCCAAGCTTTTTGCATTA	1
1002	1003	116	TTCTCTCCAAGCTTTTTGCATTAT	1
1001	1002	112	TCTCTCCAAGCTTTTTGCATTATT	1
1000	1001	111	CTCTCCAAGCTTTTTGCATTATTG	1
999	1000	111	TCTCCAAGCTTTTTGCATTATTGC	1
998	999	112	CTCCAAGCTTTTTGCATTATTGCA	1
997	998	109	TCCAAGCTTTTTGCATTATTGCAT	1
996	997	106	CCAAGCTTTTTGCATTATTGCATC	1
995	996	106	CAAGCTTTTTGCATTATTGCATCT	1
3873	995	100	AAGCTTTTTGCATTATTGCATCTG	1
993	3873	100	AGCTTTTTGCATTATTGCATCTGC	1
3871	993	101	GCTTTTTGCATTATTGCATCTGCA	1
991	3871	97	CTTTTTGCATTATTGCATCTGCAG	1
3869	991	98	TTTTTGCATTATTGCATCTGCAGG	1
3868	3869	97	TTTTGCATTATTGCATCTGCAGGG	1
988	3868	91	TTTGCATTATTGCATCTGCAGGGC	1
3866	988	90	TTGCATTATTGCATCTGCAGGGCG	1
3865	3866	90	TGCATTATTGCATCTGCAGGGCGA	1
3864	3865	89	GCATTATTGCATCTGCAGGGCGAA	1
3863	3864	89	CATTATTGCATCTGCAGGGCGAAG	1
3862	3863	88	ATTATTGCATCTGCAGGGCGAAGA	1
982	3862	89	TTATTGCATCTGCAGGGCGAAGAT	1
3860	982	89	TATTGCATCTGCAGGGCGAAGATG	1
3859	3860	90	ATTGCATCTGCAGGGCGAAGATGA	1
979	3859	90	TTGCATCTGCAGGGCGAAGATGAT	1
978	979	91	TGCATCTGCAGGGCGAAGATGATC	1
3856	978	91	GCATCTGCAGGGCGAAGATGATCT	1
976	3856	91	CATCTGCAGGGCGAAGATGATCTG	1
3854	976	91	ATCTGCAGGGCGAAGATGATCTGA	1
974	3854	91	TCTGCAGGGCGAAGATGATCTGAA	1
973	974	88	CTGCAGGGCGAAGATGATCTGAAT	1
972	973	87	TGCAGGGCGAAGATGATCTGAATC	1
3850	972	88	GCAGGGCGAAGATGATCTGAATCA	1
970	3850	88	CAGGGCGAAGATGATCTGAATCAC	1
3848	970	91	AGGGCGAAGATGATCTGAATCACA	1
3847	3848	92	GGGCGAAGATGATCTGAATCACAA	1
3846	3847	92	GGCGAAGATGATCTGAATCACAAG	1
3845	3846	98	GCGAAGATGATCTGAATCACAAGT	1
965	3845	98	CGAAGATGATCTGAATCACAAGTA	1
3843	965	102	GAAGATGATCTGAATCACAAGTAA	1
3842	3843	104	AAGATGATCTGAATCACAAGTAAA	1
3841	3842	104	AGATGATCTGAATCACAAGTAAAG	1
3840	3841	99	GATGATCTGAATCACAAGTAAAGA	1
3839	3840	102	ATGATCTGAATCACAAGTAAAGAA	1
959	3839	103	TGATCTGAATCACAAGTAAAGAAT	1
3837	959	103	GATCTGAATCACAAGTAAAGAATG	1
3836	3837	103	ATCTGAATCACAAGTAAAGAATGT	1
956	3836	101	TCTGAATCACAAGTAAAGAATGTC	1
955	956	87	CTGAATCACAAGTAAAGAATGTCT	1
3833	955	98	TGAATCACAAGTAAAGAATGTCTG	1
3832	3833	94	GAATCACAAGTAAAGAATGTCTGG	1
3831	3832	99	AATCACAAGTAAAGAATGTCTGGT	1
3830	3831	94	ATCACAAGTAAAGAATGTCTGGTG	1
3829	3830	92	TCACAAGTAAAGAATGTCTGGTGG	1
949	3829	93	CACAAGTAAAGAATGTCTGGTGGT	1
948	949	93	ACAAGTAAAGAATGTCTGGTGGTC	1
947	948	90	CAAGTAAAGAATGTCTGGTGGTCC	1
946	947	86	AAGTAAAGAATGTCTGGTGGTCCT	1
3824	946	87	AGTAAAGAATGTCTGGTGGTCCTG	1
3823	3824	86	GTAAAGAATGTCTGGTGGTCCTGG	1
3822	3823	91	TAAAGAATGTCTGGTGGTCCTGGG	1
942	3822	90	AAAGAATGTCTGGTGGTCCTGGGC	1
3820	942	88	AAGAATGTCTGGTGGTCCTGGGCA	1
3819	3820	87	AGAATGTCTGGTGGTCCTGGGCAG	1
3818	3819	87	GAATGTCTGGTGGTCCTGGGCAGA	1
3817	3818	85	AATGTCTGGTGGTCCTGGGCAGAG	1
3816	3817	82	ATGTCTGGTGGTCCTGGGCAGAGA	1
3815	3816	84	TGTCTGGTGGTCCTGGGCAGAGAG	1
3814	3815	84	GTCTGGTGGTCCTGGGCAGAGAGG	1
934	3814	88	TCTGGTGGTCCTGGGCAGAGAGGT	1
933	934	97	CTGGTGGTCCTGGGCAGAGAGGTT	1
932	933	103	TGGTGGTCCTGGGCAGAGAGGTTC	1
3810	932	111	GGTGGTCCTGGGCAGAGAGGTTCA	1
3809	3810	112	GTGGTCCTGGGCAGAGAGGTTCAT	1
3808	3809	117	TGGTCCTGGGCAGAGAGGTTCATG	1
3807	3808	114	GGTCCTGGGCAGAGAGGTTCATGT	1
927	3807	116	GTCCTGGGCAGAGAGGTTCATGTC	1
926	927	130	TCCTGGGCAGAGAGGTTCATGTCA	1
925	926	129	CCTGGGCAGAGAGGTTCATGTCAT	1
924	925	135	CTGGGCAGAGAGGTTCATGTCATA	1
3802	924	143	TGGGCAGAGAGGTTCATGTCATAG	1
3801	3802	145	GGGCAGAGAGGTTCATGTCATAGT	1
3800	3801	151	GGCAGAGAGGTTCATGTCATAGTA	1
3799	3800	151	GCAGAGAGGTTCATGTCATAGTAG	1
3798	3799	151	CAGAGAGGTTCATGTCATAGTAGG	1
3797	3798	152	AGAGAGGTTCATGTCATAGTAGGT	1
3796	3797	148	GAGAGGTTCATGTCATAGTAGGTC	1
3795	3796	145	AGAGGTTCATGTCATAGTAGGTCA	1
3794	3795	141	GAGGTTCATGTCATAGTAGGTCAG	1
3793	3794	141	AGGTTCATGTCATAGTAGGTCAGA	1
3792	3793	138	GGTTCATGTCATAGTAGGTCAGAG	1
3791	3792	143	GTTCATGTCATAGTAGGTCAGAGG	1
911	3791	146	TTCATGTCATAGTAGGTCAGAGGC	1
910	911	150	TCATGTCATAGTAGGTCAGAGGCT	1
909	910	154	CATGTCATAGTAGGTCAGAGGCTC	1
908	909	154	ATGTCATAGTAGGTCAGAGGCTCT	1
907	908	156	TGTCATAGTAGGTCAGAGGCTCTC	1
3785	907	156	GTCATAGTAGGTCAGAGGCTCTCG	1
905	3785	156	TCATAGTAGGTCAGAGGCTCTCGT	1
904	905	155	CATAGTAGGTCAGAGGCTCTCGTC	1
903	904	153	ATAGTAGGTCAGAGGCTCTCGTCC	1
902	903	139	TAGTAGGTCAGAGGCTCTCGTCCT	1
3780	902	132	AGTAGGTCAGAGGCTCTCGTCCTG	1
3779	3780	127	GTAGGTCAGAGGCTCTCGTCCTGT	1
3778	3779	128	TAGGTCAGAGGCTCTCGTCCTGTG	1
3777	3778	129	AGGTCAGAGGCTCTCGTCCTGTGA	1
3776	3777	129	GGTCAGAGGCTCTCGTCCTGTGAC	1
896	3776	132	GTCAGAGGCTCTCGTCCTGTGACC	1
895	896	136	TCAGAGGCTCTCGTCCTGTGACCC	1
894	895	137	CAGAGGCTCTCGTCCTGTGACCCA	1
3772	894	137	AGAGGCTCTCGTCCTGTGACCCAA	1
3771	3772	136	GAGGCTCTCGTCCTGTGACCCAAG	1
3770	3771	130	AGGCTCTCGTCCTGTGACCCAAGT	1
3769	3770	131	GGCTCTCGTCCTGTGACCCAAGTG	1
3768	3769	130	GCTCTCGTCCTGTGACCCAAGTGT	1
888	3768	129	CTCTCGTCCTGTGACCCAAGTGTA	1
887	888	128	TCTCGTCCTGTGACCCAAGTGTAC	1
886	887	129	CTCGTCCTGTGACCCAAGTGTACC	1
3764	886	129	TCGTCCTGTGACCCAAGTGTACCG	1
884	3764	127	CGTCCTGTGACCCAAGTGTACCGA	1
3762	884	125	GTCCTGTGACCCAAGTGTACCGAT	1
882	3762	122	TCCTGTGACCCAAGTGTACCGATT	1
881	882	110	CCTGTGACCCAAGTGTACCGATTA	1
880	881	113	CTGTGACCCAAGTGTACCGATTAT	1
3758	880	103	TGTGACCCAAGTGTACCGATTATA	1
3757	3758	101	GTGACCCAAGTGTACCGATTATAT	1
877	3757	95	TGACCCAAGTGTACCGATTATATT	1
876	877	97	GACCCAAGTGTACCGATTATATTC	1
875	876	96	ACCCAAGTGTACCGATTATATTCC	1
874	875	81	CCCAAGTGTACCGATTATATTCCG	1
873	874	82	CCAAGTGTACCGATTATATTCCGC	1
872	873	75	CAAGTGTACCGATTATATTCCGCA	1
871	872	70	AAGTGTACCGATTATATTCCGCAC	1
870	871	70	AGTGTACCGATTATATTCCGCACC	1
869	870	65	GTGTACCGATTATATTCCGCACCC	1
868	869	73	TGTACCGATTATATTCCGCACCCC	1
3746	868	78	GTACCGATTATATTCCGCACCCCT	1
866	3746	85	TACCGATTATATTCCGCACCCCTA	1
3744	866	88	ACCGATTATATTCCGCACCCCTAA	1
864	3744	94	CCGATTATATTCCGCACCCCTAAA	1
863	864	103	CGATTATATTCCGCACCCCTAAAC	1
3741	863	103	GATTATATTCCGCACCCCTAAACA	1
3740	3741	104	ATTATATTCCGCACCCCTAAACAG	1
3739	3740	96	TTATATTCCGCACCCCTAAACAGA	1
859	3739	95	TATATTCCGCACCCCTAAACAGAT	1
858	859	91	ATATTCCGCACCCCTAAACAGATT	1
857	858	87	TATTCCGCACCCCTAAACAGATTC	1
3735	857	90	ATTCCGCACCCCTAAACAGATTCA	1
3734	3735	88	TTCCGCACCCCTAAACAGATTCAG	1
854	3734	103	TCCGCACCCCTAAACAGATTCAGT	1
853	854	101	CCGCACCCCTAAACAGATTCAGTG	1
3731	853	102	CGCACCCCTAAACAGATTCAGTGG	1
3730	3731	103	GCACCCCTAAACAGATTCAGTGGA	1
850	3730	104	CACCCCTAAACAGATTCAGTGGAT	1
849	850	108	ACCCCTAAACAGATTCAGTGGATT	1
848	849	111	CCCCTAAACAGATTCAGTGGATTT	1
847	848	113	CCCTAAACAGATTCAGTGGATTTC	1
846	847	114	CCTAAACAGATTCAGTGGATTTCG	1
845	846	114	CTAAACAGATTCAGTGGATTTCGC	1
844	845	111	TAAACAGATTCAGTGGATTTCGCC	1
3722	844	107	AAACAGATTCAGTGGATTTCGCCA	1
3721	3722	106	AACAGATTCAGTGGATTTCGCCAT	1
3720	3721	106	ACAGATTCAGTGGATTTCGCCATA	1
840	3720	106	CAGATTCAGTGGATTTCGCCATAC	1
3718	840	108	AGATTCAGTGGATTTCGCCATACT	1
3717	3718	107	GATTCAGTGGATTTCGCCATACTT	1
837	3717	107	ATTCAGTGGATTTCGCCATACTTT	1
3715	837	109	TTCAGTGGATTTCGCCATACTTTG	1
835	3715	109	TCAGTGGATTTCGCCATACTTTGC	1
834	835	108	CAGTGGATTTCGCCATACTTTGCA	1
3712	834	113	AGTGGATTTCGCCATACTTTGCAT	1
3711	3712	117	GTGGATTTCGCCATACTTTGCATT	1
831	3711	117	TGGATTTCGCCATACTTTGCATTC	1
3709	831	116	GGATTTCGCCATACTTTGCATTCT	1
3708	3709	117	GATTTCGCCATACTTTGCATTCTG	1
3707	3708	114	ATTTCGCCATACTTTGCATTCTGA	1
3706	3707	113	TTTCGCCATACTTTGCATTCTGAG	1
3705	3706	113	TTCGCCATACTTTGCATTCTGAGA	1
825	3705	114	TCGCCATACTTTGCATTCTGAGAC	1
824	825	111	CGCCATACTTTGCATTCTGAGACA	1
823	824	112	GCCATACTTTGCATTCTGAGACAC	1
822	823	113	CCATACTTTGCATTCTGAGACACT	1
821	822	114	CATACTTTGCATTCTGAGACACTT	1
820	821	113	ATACTTTGCATTCTGAGACACTTT	1
3698	820	113	TACTTTGCATTCTGAGACACTTTG	1
818	3698	111	ACTTTGCATTCTGAGACACTTTGT	1
817	818	110	CTTTGCATTCTGAGACACTTTGTC	1
816	817	107	TTTGCATTCTGAGACACTTTGTCT	1
3694	816	105	TTGCATTCTGAGACACTTTGTCTG	1
814	3694	100	TGCATTCTGAGACACTTTGTCTGT	1
3692	814	91	GCATTCTGAGACACTTTGTCTGTT	1
812	3692	81	CATTCTGAGACACTTTGTCTGTTG	1
3690	812	82	ATTCTGAGACACTTTGTCTGTTGG	1
3689	3690	78	TTCTGAGACACTTTGTCTGTTGGA	1
809	3689	78	TCTGAGACACTTTGTCTGTTGGAA	1
808	809	77	CTGAGACACTTTGTCTGTTGGAAT	1
807	808	81	TGAGACACTTTGTCTGTTGGAATC	1
3685	807	82	GAGACACTTTGTCTGTTGGAATCT	1
3684	3685	82	AGACACTTTGTCTGTTGGAATCTG	1
3683	3684	78	GACACTTTGTCTGTTGGAATCTGA	1
3682	3683	79	ACACTTTGTCTGTTGGAATCTGAG	1
802	3682	65	CACTTTGTCTGTTGGAATCTGAGT	1
801	802	67	ACTTTGTCTGTTGGAATCTGAGTC	1
800	801	65	CTTTGTCTGTTGGAATCTGAGTCT	1
799	800	66	TTTGTCTGTTGGAATCTGAGTCTC	1
798	799	71	TTGTCTGTTGGAATCTGAGTCTCC	1
797	798	70	TGTCTGTTGGAATCTGAGTCTCCA	1
3675	797	64	GTCTGTTGGAATCTGAGTCTCCAT	1
795	3675	62	TCTGTTGGAATCTGAGTCTCCATT	1
794	795	61	CTGTTGGAATCTGAGTCTCCATTA	1
793	794	60	TGTTGGAATCTGAGTCTCCATTAC	1
3671	793	64	GTTGGAATCTGAGTCTCCATTACT	1
3670	3671	75	TTGGAATCTGAGTCTCCATTACTG	1
3669	3670	75	TGGAATCTGAGTCTCCATTACTGG	1
3668	3669	78	GGAATCTGAGTCTCCATTACTGGA	1
3667	3668	80	GAATCTGAGTCTCCATTACTGGAA	1
3666	3667	81	AATCTGAGTCTCCATTACTGGAAT	1
786	3666	89	ATCTGAGTCTCCATTACTGGAATT	1
785	786	92	TCTGAGTCTCCATTACTGGAATTA	1
3663	785	94	CTGAGTCTCCATTACTGGAATTAG	1
3662	3663	97	TGAGTCTCCATTACTGGAATTAGA	1
3661	3662	97	GAGTCTCCATTACTGGAATTAGAA	1
3660	3661	93	AGTCTCCATTACTGGAATTAGAAT	1
3659	3660	90	GTCTCCATTACTGGAATTAGAATT	1
779	3659	91	TCTCCATTACTGGAATTAGAATTA	1
778	779	92	CTCCATTACTGGAATTAGAATTAT	1
777	778	95	TCCATTACTGGAATTAGAATTATT	1
776	777	96	CCATTACTGGAATTAGAATTATTG	1
3654	776	96	CATTACTGGAATTAGAATTATTGG	1
3653	3654	100	ATTACTGGAATTAGAATTATTGGA	1
3652	3653	100	TTACTGGAATTAGAATTATTGGAA	1
3651	3652	100	TACTGGAATTAGAATTATTGGAAG	1
3650	3651	98	ACTGGAATTAGAATTATTGGAAGA	1
3649	3650	98	CTGGAATTAGAATTATTGGAAGAG	1
769	3649	102	TGGAATTAGAATTATTGGAAGAGT	1
3647	769	104	GGAATTAGAATTATTGGAAGAGTT	1
3646	3647	106	GAATTAGAATTATTGGAAGAGTTG	1
3645	3646	106	AATTAGAATTATTGGAAGAGTTGT	1
765	3645	107	ATTAGAATTATTGGAAGAGTTGTT	1
3643	765	106	TTAGAATTATTGGAAGAGTTGTTG	1
763	3643	102	TAGAATTATTGGAAGAGTTGTTGT	1
762	763	100	AGAATTATTGGAAGAGTTGTTGTC	1
3640	762	100	GAATTATTGGAAGAGTTGTTGTCA	1
3639	3640	108	AATTATTGGAAGAGTTGTTGTCAA	1
759	3639	108	ATTATTGGAAGAGTTGTTGTCAAC	1
758	759	106	TTATTGGAAGAGTTGTTGTCAACC	1
757	758	105	TATTGGAAGAGTTGTTGTCAACCC	1
756	757	105	ATTGGAAGAGTTGTTGTCAACCCC	1
755	756	102	TTGGAAGAGTTGTTGTCAACCCCT	1
754	755	101	TGGAAGAGTTGTTGTCAACCCCTC	1
753	754	105	GGAAGAGTTGTTGTCAACCCCTCC	1
752	753	105	GAAGAGTTGTTGTCAACCCCTCCC	1
3630	752	101	AAGAGTTGTTGTCAACCCCTCCCA	1
3629	3630	100	AGAGTTGTTGTCAACCCCTCCCAG	1
3628	3629	100	GAGTTGTTGTCAACCCCTCCCAGA	1
3627	3628	101	AGTTGTTGTCAACCCCTCCCAGAA	1
3626	3627	100	GTTGTTGTCAACCCCTCCCAGAAG	1
3625	3626	97	TTGTTGTCAACCCCTCCCAGAAGG	1
3624	3625	96	TGTTGTCAACCCCTCCCAGAAGGG	1
3623	3624	98	GTTGTCAACCCCTCCCAGAAGGGG	1
3622	3623	100	TTGTCAACCCCTCCCAGAAGGGGG	1
742	3622	99	TGTCAACCCCTCCCAGAAGGGGGC	1
3620	742	99	GTCAACCCCTCCCAGAAGGGGGCG	1
740	3620	97	TCAACCCCTCCCAGAAGGGGGCGC	1
739	740	91	CAACCCCTCCCAGAAGGGGGCGCA	1
3617	739	91	AACCCCTCCCAGAAGGGGGCGCAA	1
3616	3617	89	ACCCCTCCCAGAAGGGGGCGCAAG	1
736	3616	95	CCCCTCCCAGAAGGGGGCGCAAGT	1
735	736	95	CCCTCCCAGAAGGGGGCGCAAGTG	1
734	735	88	CCTCCCAGAAGGGGGCGCAAGTGG	1
733	734	89	CTCCCAGAAGGGGGCGCAAGTGGC	1
732	733	85	TCCCAGAAGGGGGCGCAAGTGGCT	1
731	732	81	CCCAGAAGGGGGCGCAAGTGGCTT	1
730	731	84	CCAGAAGGGGGCGCAAGTGGCTTA	1
729	730	83	CAGAAGGGGGCGCAAGTGGCTTAC	1
3607	729	84	AGAAGGGGGCGCAAGTGGCTTACG	1
3606	3607	86	GAAGGGGGCGCAAGTGGCTTACGG	1
3605	3606	85	AAGGGGGCGCAAGTGGCTTACGGA	1
3604	3605	82	AGGGGGCGCAAGTGGCTTACGGAG	1
3603	3604	83	GGGGGCGCAAGTGGCTTACGGAGA	1
3602	3603	85	GGGGCGCAAGTGGCTTACGGAGAC	1
3601	3602	83	GGGCGCAAGTGGCTTACGGAGACT	1
3600	3601	89	GGCGCAAGTGGCTTACGGAGACTT	1
3599	3600	97	GCGCAAGTGGCTTACGGAGACTTG	1
719	3599	98	CGCAAGTGGCTTACGGAGACTTGT	1
3597	719	98	GCAAGTGGCTTACGGAGACTTGTT	1
717	3597	100	CAAGTGGCTTACGGAGACTTGTTC	1
3595	717	98	AAGTGGCTTACGGAGACTTGTTCA	1
3594	3595	96	AGTGGCTTACGGAGACTTGTTCAA	1
3593	3594	97	GTGGCTTACGGAGACTTGTTCAAT	1
3592	3593	99	TGGCTTACGGAGACTTGTTCAATG	1
3591	3592	99	GGCTTACGGAGACTTGTTCAATGA	1
3590	3591	102	GCTTACGGAGACTTGTTCAATGAA	1
710	3590	102	CTTACGGAGACTTGTTCAATGAAA	1
3588	710	109	TTACGGAGACTTGTTCAATGAAAG	1
3587	3588	103	TACGGAGACTTGTTCAATGAAAGA	1
707	3587	104	ACGGAGACTTGTTCAATGAAAGAT	1
3585	707	104	CGGAGACTTGTTCAATGAAAGATG	1
3584	3585	104	GGAGACTTGTTCAATGAAAGATGT	1
3583	3584	105	GAGACTTGTTCAATGAAAGATGTT	1
703	3583	105	AGACTTGTTCAATGAAAGATGTTC	1
702	703	105	GACTTGTTCAATGAAAGATGTTCC	1
3580	702	100	ACTTGTTCAATGAAAGATGTTCCA	1
700	3580	101	CTTGTTCAATGAAAGATGTTCCAT	1
699	700	101	TTGTTCAATGAAAGATGTTCCATA	1
698	699	101	TGTTCAATGAAAGATGTTCCATAC	1
3576	698	100	GTTCAATGAAAGATGTTCCATACT	1
696	3576	99	TTCAATGAAAGATGTTCCATACTT	1
3574	696	99	TCAATGAAAGATGTTCCATACTTG	1
694	3574	96	CAATGAAAGATGTTCCATACTTGC	1
3572	694	96	AATGAAAGATGTTCCATACTTGCG	1
3571	3572	93	ATGAAAGATGTTCCATACTTGCGA	1
3570	3571	93	TGAAAGATGTTCCATACTTGCGAA	1
3569	3570	93	GAAAGATGTTCCATACTTGCGAAA	1
3568	3569	93	AAAGATGTTCCATACTTGCGAAAA	1
3567	3568	98	AAGATGTTCCATACTTGCGAAAAT	1
3566	3567	94	AGATGTTCCATACTTGCGAAAATA	1
3565	3566	93	GATGTTCCATACTTGCGAAAATAC	1
685	3565	94	ATGTTCCATACTTGCGAAAATACC	1
684	685	85	TGTTCCATACTTGCGAAAATACCA	1
683	684	83	GTTCCATACTTGCGAAAATACCAC	1
682	683	81	TTCCATACTTGCGAAAATACCACC	1
681	682	81	TCCATACTTGCGAAAATACCACCA	1
680	681	79	CCATACTTGCGAAAATACCACCAT	1
679	680	79	CATACTTGCGAAAATACCACCATT	1
678	679	78	ATACTTGCGAAAATACCACCATTC	1
677	678	80	TACTTGCGAAAATACCACCATTCA	1
3555	677	83	ACTTGCGAAAATACCACCATTCAA	1
675	3555	83	CTTGCGAAAATACCACCATTCAAA	1
674	675	82	TTGCGAAAATACCACCATTCAAAT	1
3552	674	79	TGCGAAAATACCACCATTCAAATA	1
3551	3552	76	GCGAAAATACCACCATTCAAATAT	1
671	3551	76	CGAAAATACCACCATTCAAATATC	1
3549	671	74	GAAAATACCACCATTCAAATATCA	1
3548	3549	70	AAAATACCACCATTCAAATATCAA	1
3547	3548	63	AAATACCACCATTCAAATATCAAA	1
3546	3547	64	AATACCACCATTCAAATATCAAAA	1
3545	3546	61	ATACCACCATTCAAATATCAAAAT	1
665	3545	60	TACCACCATTCAAATATCAAAATA	1
3543	665	60	ACCACCATTCAAATATCAAAATAA	1
663	3543	61	CCACCATTCAAATATCAAAATAAG	1
662	663	63	CACCATTCAAATATCAAAATAAGT	1
661	662	63	ACCATTCAAATATCAAAATAAGTC	1
660	661	61	CCATTCAAATATCAAAATAAGTCC	1
659	660	60	CATTCAAATATCAAAATAAGTCCC	1
3537	659	61	ATTCAAATATCAAAATAAGTCCCG	1
3536	3537	54	TTCAAATATCAAAATAAGTCCCGA	1
656	3536	53	TCAAATATCAAAATAAGTCCCGAT	1
655	656	53	CAAATATCAAAATAAGTCCCGATA	1
3533	655	53	AAATATCAAAATAAGTCCCGATAT	1
653	3533	52	AATATCAAAATAAGTCCCGATATT	1
3531	653	51	ATATCAAAATAAGTCCCGATATTA	1
3530	3531	51	TATCAAAATAAGTCCCGATATTAG	1
650	3530	51	ATCAAAATAAGTCCCGATATTAGC	1
3528	650	51	TCAAAATAAGTCCCGATATTAGCG	1
648	3528	52	CAAAATAAGTCCCGATATTAGCGA	1
3526	648	53	AAAATAAGTCCCGATATTAGCGAG	1
3525	3526	57	AAATAAGTCCCGATATTAGCGAGG	1
3524	3525	58	AATAAGTCCCGATATTAGCGAGGA	1
3523	3524	58	ATAAGTCCCGATATTAGCGAGGAA	1
3522	3523	57	TAAGTCCCGATATTAGCGAGGAAG	1
3521	3522	57	AAGTCCCGATATTAGCGAGGAAGT	1
3520	3521	58	AGTCCCGATATTAGCGAGGAAGTG	1
3519	3520	56	GTCCCGATATTAGCGAGGAAGTGC	1
639	3519	57	TCCCGATATTAGCGAGGAAGTGCC	1
638	639	57	CCCGATATTAGCGAGGAAGTGCCT	1
637	638	68	CCGATATTAGCGAGGAAGTGCCTG	1
636	637	65	CGATATTAGCGAGGAAGTGCCTGT	1
3514	636	65	GATATTAGCGAGGAAGTGCCTGTC	1
3513	3514	66	ATATTAGCGAGGAAGTGCCTGTCA	1
3512	3513	67	TATTAGCGAGGAAGTGCCTGTCAG	1
3511	3512	66	ATTAGCGAGGAAGTGCCTGTCAGG	1
3510	3511	64	TTAGCGAGGAAGTGCCTGTCAGGG	1
630	3510	67	TAGCGAGGAAGTGCCTGTCAGGGC	1
629	630	68	AGCGAGGAAGTGCCTGTCAGGGCC	1
3507	629	70	GCGAGGAAGTGCCTGTCAGGGCCA	1
627	3507	75	CGAGGAAGTGCCTGTCAGGGCCAC	1
3505	627	78	GAGGAAGTGCCTGTCAGGGCCACG	1
3504	3505	79	AGGAAGTGCCTGTCAGGGCCACGT	1
3503	3504	80	GGAAGTGCCTGTCAGGGCCACGTA	1
3502	3503	83	GAAGTGCCTGTCAGGGCCACGTAG	1
3501	3502	85	AAGTGCCTGTCAGGGCCACGTAGA	1
3500	3501	85	AGTGCCTGTCAGGGCCACGTAGAA	1
3499	3500	88	GTGCCTGTCAGGGCCACGTAGAAC	1
619	3499	87	TGCCTGTCAGGGCCACGTAGAACT	1
3497	619	87	GCCTGTCAGGGCCACGTAGAACTT	1
617	3497	86	CCTGTCAGGGCCACGTAGAACTTT	1
616	617	88	CTGTCAGGGCCACGTAGAACTTTG	1
3494	616	87	TGTCAGGGCCACGTAGAACTTTGG	1
3493	3494	87	GTCAGGGCCACGTAGAACTTTGGG	1
3492	3493	90	TCAGGGCCACGTAGAACTTTGGGG	1
612	3492	97	CAGGGCCACGTAGAACTTTGGGGT	1
3490	612	98	AGGGCCACGTAGAACTTTGGGGTT	1
3489	3490	98	GGGCCACGTAGAACTTTGGGGTTA	1
3488	3489	102	GGCCACGTAGAACTTTGGGGTTAA	1
608	3488	102	GCCACGTAGAACTTTGGGGTTAAC	1
607	608	104	CCACGTAGAACTTTGGGGTTAACG	1
606	607	102	CACGTAGAACTTTGGGGTTAACGT	1
3484	606	106	ACGTAGAACTTTGGGGTTAACGTG	1
604	3484	107	CGTAGAACTTTGGGGTTAACGTGT	1
3482	604	108	GTAGAACTTTGGGGTTAACGTGTT	1
602	3482	108	TAGAACTTTGGGGTTAACGTGTTC	1
3480	602	109	AGAACTTTGGGGTTAACGTGTTCA	1
3479	3480	108	GAACTTTGGGGTTAACGTGTTCAA	1
3478	3479	109	AACTTTGGGGTTAACGTGTTCAAA	1
3477	3478	110	ACTTTGGGGTTAACGTGTTCAAAA	1
597	3477	109	CTTTGGGGTTAACGTGTTCAAAAA	1
596	597	108	TTTGGGGTTAACGTGTTCAAAAAC	1
595	596	105	TTGGGGTTAACGTGTTCAAAAACA	1
594	595	100	TGGGGTTAACGTGTTCAAAAACAT	1
3472	594	100	GGGGTTAACGTGTTCAAAAACATG	1
3471	3472	107	GGGTTAACGTGTTCAAAAACATGC	1
3470	3471	117	GGTTAACGTGTTCAAAAACATGCT	1
590	3470	121	GTTAACGTGTTCAAAAACATGCTC	1
589	590	126	TTAACGTGTTCAAAAACATGCTCA	1
3467	589	96	TAACGTGTTCAAAAACATGCTCAA	1
3466	3467	94	AACGTGTTCAAAAACATGCTCAAT	1
3465	3466	97	ACGTGTTCAAAAACATGCTCAATG	1
585	3465	90	CGTGTTCAAAAACATGCTCAATGA	1
3463	585	89	GTGTTCAAAAACATGCTCAATGAA	1
3462	3463	92	TGTTCAAAAACATGCTCAATGAAG	1
3461	3462	91	GTTCAAAAACATGCTCAATGAAGA	1
581	3461	88	TTCAAAAACATGCTCAATGAAGAT	1
580	581	86	TCAAAAACATGCTCAATGAAGATT	1
579	580	86	CAAAAACATGCTCAATGAAGATTC	1
3457	579	84	AAAAACATGCTCAATGAAGATTCA	1
3456	3457	83	AAAACATGCTCAATGAAGATTCAG	1
3455	3456	82	AAACATGCTCAATGAAGATTCAGT	1
3454	3455	77	AACATGCTCAATGAAGATTCAGTA	1
574	3454	73	ACATGCTCAATGAAGATTCAGTAC	1
573	574	71	CATGCTCAATGAAGATTCAGTACC	1
3451	573	70	ATGCTCAATGAAGATTCAGTACCA	1
3450	3451	70	TGCTCAATGAAGATTCAGTACCAA	1
3449	3450	72	GCTCAATGAAGATTCAGTACCAAA	1
569	3449	74	CTCAATGAAGATTCAGTACCAAAC	1
568	569	70	TCAATGAAGATTCAGTACCAAACA	1
567	568	71	CAATGAAGATTCAGTACCAAACAT	1
3445	567	71	AATGAAGATTCAGTACCAAACATG	1
3444	3445	71	ATGAAGATTCAGTACCAAACATGG	1
564	3444	69	TGAAGATTCAGTACCAAACATGGC	1
3442	564	63	GAAGATTCAGTACCAAACATGGCT	1
3441	3442	64	AAGATTCAGTACCAAACATGGCTG	1
3440	3441	64	AGATTCAGTACCAAACATGGCTGG	1
3439	3440	63	GATTCAGTACCAAACATGGCTGGC	1
559	3439	60	ATTCAGTACCAAACATGGCTGGCT	1
558	559	56	TTCAGTACCAAACATGGCTGGCTC	1
557	558	54	TCAGTACCAAACATGGCTGGCTCC	1
556	557	55	CAGTACCAAACATGGCTGGCTCCA	1
3434	556	55	AGTACCAAACATGGCTGGCTCCAG	1
3433	3434	55	GTACCAAACATGGCTGGCTCCAGA	1
3432	3433	51	TACCAAACATGGCTGGCTCCAGAA	1
3431	3432	49	ACCAAACATGGCTGGCTCCAGAAG	1
3430	3431	49	CCAAACATGGCTGGCTCCAGAAGG	1
550	3430	48	CAAACATGGCTGGCTCCAGAAGGT	1
3428	550	47	AAACATGGCTGGCTCCAGAAGGTG	1
548	3428	47	AACATGGCTGGCTCCAGAAGGTGC	1
547	548	46	ACATGGCTGGCTCCAGAAGGTGCT	1
546	547	45	CATGGCTGGCTCCAGAAGGTGCTT	1
545	546	45	ATGGCTGGCTCCAGAAGGTGCTTT	1
3423	545	45	TGGCTGGCTCCAGAAGGTGCTTTA	1
3422	3423	45	GGCTGGCTCCAGAAGGTGCTTTAA	1
3421	3422	45	GCTGGCTCCAGAAGGTGCTTTAAA	1
541	3421	41	CTGGCTCCAGAAGGTGCTTTAAAA	1
3419	541	38	TGGCTCCAGAAGGTGCTTTAAAAA	1
3418	3419	33	GGCTCCAGAAGGTGCTTTAAAAAA	1
3417	3418	28	GCTCCAGAAGGTGCTTTAAAAAAA	1
537	3417	25	CTCCAGAAGGTGCTTTAAAAAAAA	1
536	537	24	TCCAGAAGGTGCTTTAAAAAAAAA	1
535	536	24	CCAGAAGGTGCTTTAAAAAAAAAT	1
534	535	22	CAGAAGGTGCTTTAAAAAAAAATT	1
3412	534	21	AGAAGGTGCTTTAAAAAAAAATTA	1
3411	3412	21	GAAGGTGCTTTAAAAAAAAATTAG	1
3410	3411	17	AAGGTGCTTTAAAAAAAAATTAGA	1
3409	3410	17	AGGTGCTTTAAAAAAAAATTAGAA	1
3408	3409	17	GGTGCTTTAAAAAAAAATTAGAAG	1
3407	3408	17	GTGCTTTAAAAAAAAATTAGAAGA	1
3406	3407	17	TGCTTTAAAAAAAAATTAGAAGAA	1
3405	3406	17	GCTTTAAAAAAAAATTAGAAGAAG	1
3404	3405	16	CTTTAAAAAAAAATTAGAAGAAGG	1
3403	3404	15	TTTAAAAAAAAATTAGAAGAAGGG	1
3402	3403	14	TTAAAAAAAAATTAGAAGAAGGGA	1
3401	3402	14	TAAAAAAAAATTAGAAGAAGGGAA	1
3400	3401	14	AAAAAAAAATTAGAAGAAGGGAAA	1
3399	3400	14	AAAAAAAATTAGAAGAAGGGAAAG	1
3398	3399	14	AAAAAAATTAGAAGAAGGGAAAGA	1
3397	3398	11	AAAAAATTAGAAGAAGGGAAAGAA	1
3396	3397	9	AAAAATTAGAAGAAGGGAAAGAAA	1
3395	3396	9	AAAATTAGAAGAAGGGAAAGAAAA	1
3394	3395	8	AAATTAGAAGAAGGGAAAGAAAAA	1
3393	3394	8	AATTAGAAGAAGGGAAAGAAAAAG	1
3392	3393	8	ATTAGAAGAAGGGAAAGAAAAAGA	1
3391	3392	8	TTAGAAGAAGGGAAAGAAAAAGAA	1
3390	3391	7	TAGAAGAAGGGAAAGAAAAAGAAA	1
3389	3390	7	AGAAGAAGGGAAAGAAAAAGAAAA	1
3388	3389	5	GAAGAAGGGAAAGAAAAAGAAAAA	1
3387	3388	5	AAGAAGGGAAAGAAAAAGAAAAAG	1
3386	3387	6	AGAAGGGAAAGAAAAAGAAAAAGG	1
3385	3386	7	GAAGGGAAAGAAAAAGAAAAAGGA	1
3384	3385	9	AAGGGAAAGAAAAAGAAAAAGGAA	1
3383	3384	9	AGGGAAAGAAAAAGAAAAAGGAAG	1
3382	3383	13	GGGAAAGAAAAAGAAAAAGGAAGT	1
3381	3382	24	GGAAAGAAAAAGAAAAAGGAAGTA	1
3380	3381	31	GAAAGAAAAAGAAAAAGGAAGTAG	1
3379	3380	32	AAAGAAAAAGAAAAAGGAAGTAGG	1
3378	3379	32	AAGAAAAAGAAAAAGGAAGTAGGA	1
3377	3378	37	AGAAAAAGAAAAAGGAAGTAGGAA	1
3376	3377	37	GAAAAAGAAAAAGGAAGTAGGAAA	1
3375	3376	37	AAAAAGAAAAAGGAAGTAGGAAAA	1
3374	3375	38	AAAAGAAAAAGGAAGTAGGAAAAT	1
3373	3374	38	AAAGAAAAAGGAAGTAGGAAAATG	1
3372	3373	38	AAGAAAAAGGAAGTAGGAAAATGT	1
3371	3372	39	AGAAAAAGGAAGTAGGAAAATGTA	1
3370	3371	42	GAAAAAGGAAGTAGGAAAATGTAA	1
3369	3370	42	AAAAAGGAAGTAGGAAAATGTAAG	1
3368	3369	42	AAAAGGAAGTAGGAAAATGTAAGA	1
3367	3368	42	AAAGGAAGTAGGAAAATGTAAGAT	1
3366	3367	42	AAGGAAGTAGGAAAATGTAAGATG	1
3365	3366	42	AGGAAGTAGGAAAATGTAAGATGT	1
3364	3365	45	GGAAGTAGGAAAATGTAAGATGTG	1
3363	3364	47	GAAGTAGGAAAATGTAAGATGTGC	1
3362	3363	48	AAGTAGGAAAATGTAAGATGTGCA	1
3361	3362	48	AGTAGGAAAATGTAAGATGTGCAT	1
3360	3361	48	GTAGGAAAATGTAAGATGTGCATG	1
480	3360	50	TAGGAAAATGTAAGATGTGCATGT	1
3358	480	50	AGGAAAATGTAAGATGTGCATGTG	1
3357	3358	54	GGAAAATGTAAGATGTGCATGTGC	1
3356	3357	63	GAAAATGTAAGATGTGCATGTGCT	1
476	3356	63	AAAATGTAAGATGTGCATGTGCTC	1
475	476	63	AAATGTAAGATGTGCATGTGCTCC	1
474	475	63	AATGTAAGATGTGCATGTGCTCCT	1
3352	474	64	ATGTAAGATGTGCATGTGCTCCTG	1
3351	3352	64	TGTAAGATGTGCATGTGCTCCTGA	1
3350	3351	65	GTAAGATGTGCATGTGCTCCTGAG	1
3349	3350	66	TAAGATGTGCATGTGCTCCTGAGA	1
3348	3349	67	AAGATGTGCATGTGCTCCTGAGAG	1
468	3348	68	AGATGTGCATGTGCTCCTGAGAGC	1
3346	468	68	GATGTGCATGTGCTCCTGAGAGCA	1
3345	3346	69	ATGTGCATGTGCTCCTGAGAGCAA	1
3344	3345	71	TGTGCATGTGCTCCTGAGAGCAAA	1
3343	3344	77	GTGCATGTGCTCCTGAGAGCAAAG	1
3342	3343	80	TGCATGTGCTCCTGAGAGCAAAGA	1
3341	3342	83	GCATGTGCTCCTGAGAGCAAAGAG	1
461	3341	85	CATGTGCTCCTGAGAGCAAAGAGA	1
3339	461	85	ATGTGCTCCTGAGAGCAAAGAGAT	1
3338	3339	86	TGTGCTCCTGAGAGCAAAGAGATG	1
3337	3338	86	GTGCTCCTGAGAGCAAAGAGATGA	1
3336	3337	87	TGCTCCTGAGAGCAAAGAGATGAG	1
456	3336	86	GCTCCTGAGAGCAAAGAGATGAGC	1
455	456	85	CTCCTGAGAGCAAAGAGATGAGCC	1
3333	455	84	TCCTGAGAGCAAAGAGATGAGCCG	1
453	3333	82	CCTGAGAGCAAAGAGATGAGCCGG	1
452	453	79	CTGAGAGCAAAGAGATGAGCCGGC	1
451	452	69	TGAGAGCAAAGAGATGAGCCGGCT	1
3329	451	65	GAGAGCAAAGAGATGAGCCGGCTA	1
449	3329	60	AGAGCAAAGAGATGAGCCGGCTAC	1
3327	449	60	GAGCAAAGAGATGAGCCGGCTACA	1
447	3327	61	AGCAAAGAGATGAGCCGGCTACAC	1
3325	447	56	GCAAAGAGATGAGCCGGCTACACA	1
3324	3325	56	CAAAGAGATGAGCCGGCTACACAG	1
444	3324	56	AAAGAGATGAGCCGGCTACACAGC	1
3322	444	55	AAGAGATGAGCCGGCTACACAGCA	1
3321	3322	55	AGAGATGAGCCGGCTACACAGCAG	1
3320	3321	55	GAGATGAGCCGGCTACACAGCAGG	1
3319	3320	54	AGATGAGCCGGCTACACAGCAGGG	1
3318	3319	51	GATGAGCCGGCTACACAGCAGGGG	1
3317	3318	51	ATGAGCCGGCTACACAGCAGGGGT	1
437	3317	51	TGAGCCGGCTACACAGCAGGGGTC	1
3315	437	51	GAGCCGGCTACACAGCAGGGGTCA	1
3314	3315	52	AGCCGGCTACACAGCAGGGGTCAT	1
3313	3314	51	GCCGGCTACACAGCAGGGGTCATG	1
433	3313	47	CCGGCTACACAGCAGGGGTCATGA	1
432	433	46	CGGCTACACAGCAGGGGTCATGAA	1
3310	432	47	GGCTACACAGCAGGGGTCATGAAG	1
3309	3310	47	GCTACACAGCAGGGGTCATGAAGC	1
429	3309	48	CTACACAGCAGGGGTCATGAAGCC	1
428	429	44	TACACAGCAGGGGTCATGAAGCCA	1
3306	428	42	ACACAGCAGGGGTCATGAAGCCAG	1
426	3306	39	CACAGCAGGGGTCATGAAGCCAGA	1
425	426	33	ACAGCAGGGGTCATGAAGCCAGAC	1
424	425	33	CAGCAGGGGTCATGAAGCCAGACA	1
3302	424	33	AGCAGGGGTCATGAAGCCAGACAA	1
3301	3302	33	GCAGGGGTCATGAAGCCAGACAAT	1
3300	3301	33	CAGGGGTCATGAAGCCAGACAATG	1
420	3300	34	AGGGGTCATGAAGCCAGACAATGC	1
3298	420	33	GGGGTCATGAAGCCAGACAATGCA	1
3297	3298	35	GGGTCATGAAGCCAGACAATGCAG	1
3296	3297	34	GGTCATGAAGCCAGACAATGCAGT	1
416	3296	33	GTCATGAAGCCAGACAATGCAGTC	1
415	416	35	TCATGAAGCCAGACAATGCAGTCC	1
414	415	34	CATGAAGCCAGACAATGCAGTCCG	1
3292	414	32	ATGAAGCCAGACAATGCAGTCCGA	1
3291	3292	29	TGAAGCCAGACAATGCAGTCCGAG	1
3290	3291	25	GAAGCCAGACAATGCAGTCCGAGC	1
410	3290	23	AAGCCAGACAATGCAGTCCGAGCT	1
3288	410	22	AGCCAGACAATGCAGTCCGAGCTA	1
3287	3288	22	GCCAGACAATGCAGTCCGAGCTAT	1
407	3287	21	CCAGACAATGCAGTCCGAGCTATG	1
406	407	22	CAGACAATGCAGTCCGAGCTATGT	1
405	406	22	AGACAATGCAGTCCGAGCTATGTC	1
404	405	22	GACAATGCAGTCCGAGCTATGTCC	1
3282	404	21	ACAATGCAGTCCGAGCTATGTCCA	1
3281	3282	22	CAATGCAGTCCGAGCTATGTCCAG	1
401	3281	24	AATGCAGTCCGAGCTATGTCCAGC	1
400	401	22	ATGCAGTCCGAGCTATGTCCAGCT	1
3278	400	22	TGCAGTCCGAGCTATGTCCAGCTG	1
3277	3278	22	GCAGTCCGAGCTATGTCCAGCTGC	1
397	3277	22	CAGTCCGAGCTATGTCCAGCTGCC	1
3275	397	22	AGTCCGAGCTATGTCCAGCTGCCA	1
3274	3275	22	GTCCGAGCTATGTCCAGCTGCCAG	1
394	3274	25	TCCGAGCTATGTCCAGCTGCCAGA	1
393	394	25	CCGAGCTATGTCCAGCTGCCAGAT	1
392	393	26	CGAGCTATGTCCAGCTGCCAGATT	1
3270	392	27	GAGCTATGTCCAGCTGCCAGATTC	1
390	3270	29	AGCTATGTCCAGCTGCCAGATTCT	1
389	390	29	GCTATGTCCAGCTGCCAGATTCTC	1
388	389	29	CTATGTCCAGCTGCCAGATTCTCC	1
387	388	28	TATGTCCAGCTGCCAGATTCTCCT	1
386	387	30	ATGTCCAGCTGCCAGATTCTCCTC	1
385	386	31	TGTCCAGCTGCCAGATTCTCCTCT	1
3263	385	31	GTCCAGCTGCCAGATTCTCCTCTG	1
383	3263	33	TCCAGCTGCCAGATTCTCCTCTGA	1
382	383	33	CCAGCTGCCAGATTCTCCTCTGAG	1
381	382	34	CAGCTGCCAGATTCTCCTCTGAGC	1
3259	381	35	AGCTGCCAGATTCTCCTCTGAGCG	1
379	3259	34	GCTGCCAGATTCTCCTCTGAGCGC	1
378	379	33	CTGCCAGATTCTCCTCTGAGCGCT	1
377	378	32	TGCCAGATTCTCCTCTGAGCGCTT	1
376	377	32	GCCAGATTCTCCTCTGAGCGCTTC	1
375	376	34	CCAGATTCTCCTCTGAGCGCTTCA	1
3253	375	36	CAGATTCTCCTCTGAGCGCTTCAG	1
373	3253	34	AGATTCTCCTCTGAGCGCTTCAGC	1
3251	373	34	GATTCTCCTCTGAGCGCTTCAGCT	1
371	3251	34	ATTCTCCTCTGAGCGCTTCAGCTT	1
370	371	35	TTCTCCTCTGAGCGCTTCAGCTTT	1
369	370	35	TCTCCTCTGAGCGCTTCAGCTTTC	1
368	369	35	CTCCTCTGAGCGCTTCAGCTTTCT	1
367	368	38	TCCTCTGAGCGCTTCAGCTTTCTC	1
366	367	34	CCTCTGAGCGCTTCAGCTTTCTCT	1
365	366	36	CTCTGAGCGCTTCAGCTTTCTCTC	1
3243	365	36	TCTGAGCGCTTCAGCTTTCTCTCG	1
363	3243	35	CTGAGCGCTTCAGCTTTCTCTCGA	1
3241	363	36	TGAGCGCTTCAGCTTTCTCTCGAG	1
3240	3241	35	GAGCGCTTCAGCTTTCTCTCGAGA	1
3239	3240	35	AGCGCTTCAGCTTTCTCTCGAGAA	1
3238	3239	35	GCGCTTCAGCTTTCTCTCGAGAAT	1
3237	3238	34	CGCTTCAGCTTTCTCTCGAGAATG	1
3236	3237	34	GCTTCAGCTTTCTCTCGAGAATGG	1
356	3236	34	CTTCAGCTTTCTCTCGAGAATGGA	1
3234	356	34	TTCAGCTTTCTCTCGAGAATGGAA	1
354	3234	33	TCAGCTTTCTCTCGAGAATGGAAA	1
3232	354	32	CAGCTTTCTCTCGAGAATGGAAAG	1
352	3232	32	AGCTTTCTCTCGAGAATGGAAAGC	1
351	352	32	GCTTTCTCTCGAGAATGGAAAGCC	1
350	351	31	CTTTCTCTCGAGAATGGAAAGCCA	1
3228	350	29	TTTCTCTCGAGAATGGAAAGCCAG	1
3227	3228	29	TTCTCTCGAGAATGGAAAGCCAGG	1
3226	3227	29	TCTCTCGAGAATGGAAAGCCAGGG	1
346	3226	32	CTCTCGAGAATGGAAAGCCAGGGC	1
345	346	33	TCTCGAGAATGGAAAGCCAGGGCT	1
344	345	32	CTCGAGAATGGAAAGCCAGGGCTC	1
343	344	31	TCGAGAATGGAAAGCCAGGGCTCC	1
342	343	27	CGAGAATGGAAAGCCAGGGCTCCT	1
3220	342	27	GAGAATGGAAAGCCAGGGCTCCTA	1
340	3220	28	AGAATGGAAAGCCAGGGCTCCTAC	1
3218	340	25	GAATGGAAAGCCAGGGCTCCTACA	1
338	3218	24	AATGGAAAGCCAGGGCTCCTACAC	1
337	338	24	ATGGAAAGCCAGGGCTCCTACACC	1
3215	337	25	TGGAAAGCCAGGGCTCCTACACCA	1
3214	3215	25	GGAAAGCCAGGGCTCCTACACCAG	1
3213	3214	24	GAAAGCCAGGGCTCCTACACCAGC	1
333	3213	23	AAAGCCAGGGCTCCTACACCAGCC	1
332	333	22	AAGCCAGGGCTCCTACACCAGCCC	1
3210	332	22	AGCCAGGGCTCCTACACCAGCCCA	1
3209	3210	22	GCCAGGGCTCCTACACCAGCCCAA	1
329	3209	21	CCAGGGCTCCTACACCAGCCCAAA	1
328	329	24	CAGGGCTCCTACACCAGCCCAAAT	1
327	328	28	AGGGCTCCTACACCAGCCCAAATC	1
3205	327	30	GGGCTCCTACACCAGCCCAAATCG	1
3204	3205	30	GGCTCCTACACCAGCCCAAATCGA	1
3203	3204	35	GCTCCTACACCAGCCCAAATCGAA	1
323	3203	34	CTCCTACACCAGCCCAAATCGAAG	1
322	323	33	TCCTACACCAGCCCAAATCGAAGA	1
321	322	33	CCTACACCAGCCCAAATCGAAGAG	1
320	321	33	CTACACCAGCCCAAATCGAAGAGC	1
319	320	33	TACACCAGCCCAAATCGAAGAGCT	1
3197	319	32	ACACCAGCCCAAATCGAAGAGCTG	1
317	3197	33	CACCAGCCCAAATCGAAGAGCTGC	1
316	317	32	ACCAGCCCAAATCGAAGAGCTGCT	1
315	316	29	CCAGCCCAAATCGAAGAGCTGCTT	1
314	315	31	CAGCCCAAATCGAAGAGCTGCTTC	1
313	314	29	AGCCCAAATCGAAGAGCTGCTTCT	1
312	313	29	GCCCAAATCGAAGAGCTGCTTCTC	1
311	312	29	CCCAAATCGAAGAGCTGCTTCTCA	1
310	311	29	CCAAATCGAAGAGCTGCTTCTCAA	1
309	310	29	CAAATCGAAGAGCTGCTTCTCAAA	1
3187	309	29	AAATCGAAGAGCTGCTTCTCAAAA	1
3186	3187	29	AATCGAAGAGCTGCTTCTCAAAAT	1
306	3186	29	ATCGAAGAGCTGCTTCTCAAAATC	1
305	306	30	TCGAAGAGCTGCTTCTCAAAATCC	1
304	305	30	CGAAGAGCTGCTTCTCAAAATCCA	1
3182	304	32	GAAGAGCTGCTTCTCAAAATCCAG	1
302	3182	32	AAGAGCTGCTTCTCAAAATCCAGC	1
3180	302	33	AGAGCTGCTTCTCAAAATCCAGCA	1
3179	3180	35	GAGCTGCTTCTCAAAATCCAGCAG	1
3178	3179	34	AGCTGCTTCTCAAAATCCAGCAGG	1
3177	3178	34	GCTGCTTCTCAAAATCCAGCAGGC	1
297	3177	36	CTGCTTCTCAAAATCCAGCAGGCA	1
3175	297	38	TGCTTCTCAAAATCCAGCAGGCAA	1
3174	3175	37	GCTTCTCAAAATCCAGCAGGCAAG	1
3173	3174	34	CTTCTCAAAATCCAGCAGGCAAGG	1
3172	3173	34	TTCTCAAAATCCAGCAGGCAAGGA	1
292	3172	35	TCTCAAAATCCAGCAGGCAAGGAA	1
291	292	34	CTCAAAATCCAGCAGGCAAGGAAA	1
3169	291	35	TCAAAATCCAGCAGGCAAGGAAAG	1
3168	3169	35	CAAAATCCAGCAGGCAAGGAAAGG	1
288	3168	34	AAAATCCAGCAGGCAAGGAAAGGC	1
287	288	35	AAATCCAGCAGGCAAGGAAAGGCT	1
3165	287	38	AATCCAGCAGGCAAGGAAAGGCTG	1
285	3165	42	ATCCAGCAGGCAAGGAAAGGCTGC	1
284	285	41	TCCAGCAGGCAAGGAAAGGCTGCC	1
283	284	41	CCAGCAGGCAAGGAAAGGCTGCCG	1
282	283	43	CAGCAGGCAAGGAAAGGCTGCCGC	1
3160	282	43	AGCAGGCAAGGAAAGGCTGCCGCG	1
3159	3160	43	GCAGGCAAGGAAAGGCTGCCGCGG	1
279	3159	41	CAGGCAAGGAAAGGCTGCCGCGGC	1
3157	279	42	AGGCAAGGAAAGGCTGCCGCGGCT	1
3156	3157	42	GGCAAGGAAAGGCTGCCGCGGCTC	1
3155	3156	41	GCAAGGAAAGGCTGCCGCGGCTCT	1
275	3155	38	CAAGGAAAGGCTGCCGCGGCTCTT	1
3153	275	36	AAGGAAAGGCTGCCGCGGCTCTTG	1
3152	3153	36	AGGAAAGGCTGCCGCGGCTCTTGA	1
3151	3152	32	GGAAAGGCTGCCGCGGCTCTTGAG	1
3150	3151	34	GAAAGGCTGCCGCGGCTCTTGAGG	1
3149	3150	33	AAAGGCTGCCGCGGCTCTTGAGGG	1
3148	3149	33	AAGGCTGCCGCGGCTCTTGAGGGA	1
3147	3148	35	AGGCTGCCGCGGCTCTTGAGGGAT	1
3146	3147	36	GGCTGCCGCGGCTCTTGAGGGATG	1
266	3146	40	GCTGCCGCGGCTCTTGAGGGATGC	1
265	266	39	CTGCCGCGGCTCTTGAGGGATGCA	1
3143	265	39	TGCCGCGGCTCTTGAGGGATGCAG	1
3142	3143	40	GCCGCGGCTCTTGAGGGATGCAGT	1
262	3142	39	CCGCGGCTCTTGAGGGATGCAGTG	1
261	262	39	CGCGGCTCTTGAGGGATGCAGTGA	1
3139	261	40	GCGGCTCTTGAGGGATGCAGTGAG	1
3138	3139	40	CGGCTCTTGAGGGATGCAGTGAGG	1
3137	3138	43	GGCTCTTGAGGGATGCAGTGAGGC	1
3136	3137	44	GCTCTTGAGGGATGCAGTGAGGCA	1
256	3136	52	CTCTTGAGGGATGCAGTGAGGCAG	1
3134	256	54	TCTTGAGGGATGCAGTGAGGCAGG	1
3133	3134	59	CTTGAGGGATGCAGTGAGGCAGGG	1
253	3133	66	TTGAGGGATGCAGTGAGGCAGGGC	1
252	253	66	TGAGGGATGCAGTGAGGCAGGGCT	1
3130	252	69	GAGGGATGCAGTGAGGCAGGGCTA	1
3129	3130	69	AGGGATGCAGTGAGGCAGGGCTAG	1
3128	3129	69	GGGATGCAGTGAGGCAGGGCTAGG	1
3127	3128	70	GGATGCAGTGAGGCAGGGCTAGGT	1
3126	3127	71	GATGCAGTGAGGCAGGGCTAGGTA	1
3125	3126	73	ATGCAGTGAGGCAGGGCTAGGTAG	1
245	3125	72	TGCAGTGAGGCAGGGCTAGGTAGC	1
3123	245	69	GCAGTGAGGCAGGGCTAGGTAGCT	1
243	3123	72	CAGTGAGGCAGGGCTAGGTAGCTA	1
3121	243	72	AGTGAGGCAGGGCTAGGTAGCTAG	1
3120	3121	72	GTGAGGCAGGGCTAGGTAGCTAGC	1
3119	3120	72	TGAGGCAGGGCTAGGTAGCTAGCG	1
3118	3119	71	GAGGCAGGGCTAGGTAGCTAGCGC	1
3117	3118	71	AGGCAGGGCTAGGTAGCTAGCGCA	1
3116	3117	71	GGCAGGGCTAGGTAGCTAGCGCAG	1
3115	3116	72	GCAGGGCTAGGTAGCTAGCGCAGG	1
3114	3115	71	CAGGGCTAGGTAGCTAGCGCAGGG	1
234	3114	69	AGGGCTAGGTAGCTAGCGCAGGGC	1
3112	234	63	GGGCTAGGTAGCTAGCGCAGGGCA	1
3111	3112	63	GGCTAGGTAGCTAGCGCAGGGCAG	1
3110	3111	63	GCTAGGTAGCTAGCGCAGGGCAGG	1
230	3110	62	CTAGGTAGCTAGCGCAGGGCAGGT	1
229	230	63	TAGGTAGCTAGCGCAGGGCAGGTC	1
3107	229	63	AGGTAGCTAGCGCAGGGCAGGTCT	1
3106	3107	63	GGTAGCTAGCGCAGGGCAGGTCTG	1
3105	3106	61	GTAGCTAGCGCAGGGCAGGTCTGC	1
3104	3105	61	TAGCTAGCGCAGGGCAGGTCTGCG	1
3103	3104	59	AGCTAGCGCAGGGCAGGTCTGCGA	1
3102	3103	59	GCTAGCGCAGGGCAGGTCTGCGAG	1
222	3102	59	CTAGCGCAGGGCAGGTCTGCGAGC	1
221	222	58	TAGCGCAGGGCAGGTCTGCGAGCA	1
3099	221	57	AGCGCAGGGCAGGTCTGCGAGCAG	1
3098	3099	56	GCGCAGGGCAGGTCTGCGAGCAGC	1
218	3098	56	CGCAGGGCAGGTCTGCGAGCAGCA	1
3096	218	56	GCAGGGCAGGTCTGCGAGCAGCAG	1
216	3096	54	CAGGGCAGGTCTGCGAGCAGCAGC	1
3094	216	53	AGGGCAGGTCTGCGAGCAGCAGCA	1
3093	3094	51	GGGCAGGTCTGCGAGCAGCAGCAG	1
3092	3093	52	GGCAGGTCTGCGAGCAGCAGCAGA	1
3091	3092	52	GCAGGTCTGCGAGCAGCAGCAGAG	1
211	3091	51	CAGGTCTGCGAGCAGCAGCAGAGA	1
210	211	51	AGGTCTGCGAGCAGCAGCAGAGAC	1
3088	210	51	GGTCTGCGAGCAGCAGCAGAGACT	1
3087	3088	50	GTCTGCGAGCAGCAGCAGAGACTG	1
207	3087	50	TCTGCGAGCAGCAGCAGAGACTGC	1
206	207	48	CTGCGAGCAGCAGCAGAGACTGCA	1
3084	206	46	TGCGAGCAGCAGCAGAGACTGCAG	1
3083	3084	36	GCGAGCAGCAGCAGAGACTGCAGT	1
203	3083	33	CGAGCAGCAGCAGAGACTGCAGTC	1
202	203	28	GAGCAGCAGCAGAGACTGCAGTCC	1
201	202	20	AGCAGCAGCAGAGACTGCAGTCCT	1
200	201	20	GCAGCAGCAGAGACTGCAGTCCTC	1
199	200	16	CAGCAGCAGAGACTGCAGTCCTCA	1
3077	199	16	AGCAGCAGAGACTGCAGTCCTCAG	1
3076	3077	15	GCAGCAGAGACTGCAGTCCTCAGC	1
196	3076	11	CAGCAGAGACTGCAGTCCTCAGCC	1
195	196	10	AGCAGAGACTGCAGTCCTCAGCCC	1
3073	195	9	GCAGAGACTGCAGTCCTCAGCCCT	1
193	3073	10	CAGAGACTGCAGTCCTCAGCCCTG	1
192	193	11	AGAGACTGCAGTCCTCAGCCCTGC	1
3070	192	12	GAGACTGCAGTCCTCAGCCCTGCT	1
190	3070	11	AGACTGCAGTCCTCAGCCCTGCTC	1
3068	190	13	GACTGCAGTCCTCAGCCCTGCTCT	1
3067	3068	13	ACTGCAGTCCTCAGCCCTGCTCTA	1
3066	3067	13	CTGCAGTCCTCAGCCCTGCTCTAG	1
186	3066	15	TGCAGTCCTCAGCCCTGCTCTAGC	1
3064	186	14	GCAGTCCTCAGCCCTGCTCTAGCG	1
3063	3064	14	CAGTCCTCAGCCCTGCTCTAGCGG	1
3062	3063	14	AGTCCTCAGCCCTGCTCTAGCGGT	1
3061	3062	16	GTCCTCAGCCCTGCTCTAGCGGTA	1
181	3061	17	TCCTCAGCCCTGCTCTAGCGGTAA	1
180	181	17	CCTCAGCCCTGCTCTAGCGGTAAG	1
179	180	17	CTCAGCCCTGCTCTAGCGGTAAGA	1
178	179	18	TCAGCCCTGCTCTAGCGGTAAGAC	1
177	178	17	CAGCCCTGCTCTAGCGGTAAGACA	1
3055	177	17	AGCCCTGCTCTAGCGGTAAGACAA	1
3054	3055	17	GCCCTGCTCTAGCGGTAAGACAAT	1
174	3054	17	CCCTGCTCTAGCGGTAAGACAATA	1
173	174	17	CCTGCTCTAGCGGTAAGACAATAG	1
172	173	17	CTGCTCTAGCGGTAAGACAATAGC	1
171	172	17	TGCTCTAGCGGTAAGACAATAGCA	1
3049	171	17	GCTCTAGCGGTAAGACAATAGCAG	1
169	3049	17	CTCTAGCGGTAAGACAATAGCAGA	1
3047	169	17	TCTAGCGGTAAGACAATAGCAGAG	1
167	3047	16	CTAGCGGTAAGACAATAGCAGAGC	1
166	167	16	TAGCGGTAAGACAATAGCAGAGCT	1
3044	166	16	AGCGGTAAGACAATAGCAGAGCTT	1
3043	3044	16	GCGGTAAGACAATAGCAGAGCTTA	1
163	3043	17	CGGTAAGACAATAGCAGAGCTTAT	1
3041	163	16	GGTAAGACAATAGCAGAGCTTATG	1
3040	3041	16	GTAAGACAATAGCAGAGCTTATGC	1
160	3040	16	TAAGACAATAGCAGAGCTTATGCA	1
3038	160	16	AAGACAATAGCAGAGCTTATGCAT	1
3037	3038	16	AGACAATAGCAGAGCTTATGCATA	1
3036	3037	16	GACAATAGCAGAGCTTATGCATAC	1
3035	3036	16	ACAATAGCAGAGCTTATGCATACG	1
155	3035	17	CAATAGCAGAGCTTATGCATACGC	1
154	155	17	AATAGCAGAGCTTATGCATACGCC	1
3032	154	17	ATAGCAGAGCTTATGCATACGCCG	1
3031	3032	17	TAGCAGAGCTTATGCATACGCCGG	1
3030	3031	17	AGCAGAGCTTATGCATACGCCGGA	1
3029	3030	17	GCAGAGCTTATGCATACGCCGGAT	1
3028	3029	17	CAGAGCTTATGCATACGCCGGATG	1
3027	3028	17	AGAGCTTATGCATACGCCGGATGA	1
3026	3027	18	GAGCTTATGCATACGCCGGATGAC	1
3025	3026	18	AGCTTATGCATACGCCGGATGACG	1
3024	3025	18	GCTTATGCATACGCCGGATGACGT	1
144	3024	18	CTTATGCATACGCCGGATGACGTC	1
143	144	18	TTATGCATACGCCGGATGACGTCA	1
3021	143	16	TATGCATACGCCGGATGACGTCAG	1
3020	3021	15	ATGCATACGCCGGATGACGTCAGG	1
3019	3020	13	TGCATACGCCGGATGACGTCAGGG	1
3018	3019	12	GCATACGCCGGATGACGTCAGGGA	1
138	3018	12	CATACGCCGGATGACGTCAGGGAC	1
3016	138	10	ATACGCCGGATGACGTCAGGGACA	1
136	3016	10	TACGCCGGATGACGTCAGGGACAC	1
135	136	10	ACGCCGGATGACGTCAGGGACACT	1
3013	135	6	CGCCGGATGACGTCAGGGACACTG	1
133	3013	6	GCCGGATGACGTCAGGGACACTGC	1
132	133	5	CCGGATGACGTCAGGGACACTGCA	1
131	132	5	CGGATGACGTCAGGGACACTGCAC	1
3009	131	5	GGATGACGTCAGGGACACTGCACA	1
3008	3009	6	GATGACGTCAGGGACACTGCACAG	1
3007	3008	7	ATGACGTCAGGGACACTGCACAGA	1
127	3007	7	TGACGTCAGGGACACTGCACAGAC	1
3005	127	7	GACGTCAGGGACACTGCACAGACT	1
3004	3005	7	ACGTCAGGGACACTGCACAGACTG	1
124	3004	7	CGTCAGGGACACTGCACAGACTGA	1
3002	124	7	GTCAGGGACACTGCACAGACTGAC	1
122	3002	7	TCAGGGACACTGCACAGACTGACT	1
3000	122	7	CAGGGACACTGCACAGACTGACTG	1
120	3000	8	AGGGACACTGCACAGACTGACTGC	1
2998	120	8	GGGACACTGCACAGACTGACTGCG	1
2997	2998	8	GGACACTGCACAGACTGACTGCGC	1
2996	2997	8	GACACTGCACAGACTGACTGCGCT	1
2995	2996	8	ACACTGCACAGACTGACTGCGCTG	1
115	2995	8	CACTGCACAGACTGACTGCGCTGC	1
114	115	8	ACTGCACAGACTGACTGCGCTGCT	1
113	114	8	CTGCACAGACTGACTGCGCTGCTT	1
2991	113	8	TGCACAGACTGACTGCGCTGCTTG	1
2990	2991	8	GCACAGACTGACTGCGCTGCTTGA	1
110	2990	8	CACAGACTGACTGCGCTGCTTGAA	1
109	110	10	ACAGACTGACTGCGCTGCTTGAAC	1
108	109	10	CAGACTGACTGCGCTGCTTGAACC	1
2986	108	10	AGACTGACTGCGCTGCTTGAACCA	1
2985	2986	10	GACTGACTGCGCTGCTTGAACCAG	1
2984	2985	10	ACTGACTGCGCTGCTTGAACCAGA	1
2983	2984	10	CTGACTGCGCTGCTTGAACCAGAG	1
2982	2983	9	TGACTGCGCTGCTTGAACCAGAGG	1
2981	2982	9	GACTGCGCTGCTTGAACCAGAGGC	1
101	2981	9	ACTGCGCTGCTTGAACCAGAGGCT	1
100	101	9	CTGCGCTGCTTGAACCAGAGGCTC	1
99	100	9	TGCGCTGCTTGAACCAGAGGCTCC	1
2977	99	9	GCGCTGCTTGAACCAGAGGCTCCA	1
2976	2977	9	CGCTGCTTGAACCAGAGGCTCCAG	1
2975	2976	9	GCTGCTTGAACCAGAGGCTCCAGG	1
2974	2975	8	CTGCTTGAACCAGAGGCTCCAGGG	1
94	2974	8	TGCTTGAACCAGAGGCTCCAGGGT	1
2972	94	8	GCTTGAACCAGAGGCTCCAGGGTT	1
92	2972	8	CTTGAACCAGAGGCTCCAGGGTTT	1
91	92	9	TTGAACCAGAGGCTCCAGGGTTTC	1
90	91	9	TGAACCAGAGGCTCCAGGGTTTCA	1
2968	90	9	GAACCAGAGGCTCCAGGGTTTCAA	1
2967	2968	7	AACCAGAGGCTCCAGGGTTTCAAG	1
2966	2967	6	ACCAGAGGCTCCAGGGTTTCAAGG	1
2965	2966	6	CCAGAGGCTCCAGGGTTTCAAGGG	1
85	2965	6	CAGAGGCTCCAGGGTTTCAAGGGA	1
2963	85	6	AGAGGCTCCAGGGTTTCAAGGGAA	1
2962	2963	6	GAGGCTCCAGGGTTTCAAGGGAAC	1
2961	2962	6	AGGCTCCAGGGTTTCAAGGGAACA	1
2960	2961	6	GGCTCCAGGGTTTCAAGGGAACAG	1
80	2960	6	GCTCCAGGGTTTCAAGGGAACAGC	1
79	80	6	CTCCAGGGTTTCAAGGGAACAGCG	1
78	79	6	TCCAGGGTTTCAAGGGAACAGCGC	1
77	78	5	CCAGGGTTTCAAGGGAACAGCGCG	1
76	77	4	CAGGGTTTCAAGGGAACAGCGCGA	1
2954	76	4	AGGGTTTCAAGGGAACAGCGCGAT	1
2953	2954	4	GGGTTTCAAGGGAACAGCGCGATT	1
2952	2953	4	GGTTTCAAGGGAACAGCGCGATTC	1
2951	2952	4	GTTTCAAGGGAACAGCGCGATTCA	1
71	2951	4	TTTCAAGGGAACAGCGCGATTCAA	1
70	71	4	TTCAAGGGAACAGCGCGATTCAAA	1
69	70	4	TCAAGGGAACAGCGCGATTCAAAA	1
2947	69	3	CAAGGGAACAGCGCGATTCAAAAG	1
2946	2947	3	AAGGGAACAGCGCGATTCAAAAGG	1
2945	2946	3	AGGGAACAGCGCGATTCAAAAGGG	1
2944	2945	3	GGGAACAGCGCGATTCAAAAGGGA	1
2943	2944	3	GGAACAGCGCGATTCAAAAGGGAA	1
2942	2943	3	GAACAGCGCGATTCAAAAGGGAAT	1
62	2942	3	AACAGCGCGATTCAAAAGGGAATT	1
61	62	3	ACAGCGCGATTCAAAAGGGAATTC	1
60	61	3	CAGCGCGATTCAAAAGGGAATTCC	1
59	60	3	AGCGCGATTCAAAAGGGAATTCCT	1
2937	59	3	GCGCGATTCAAAAGGGAATTCCTT	1
57	2937	1	CGCGATTCAAAAGGGAATTCCTTT	1
2935	57	1	GCGATTCAAAAGGGAATTCCTTTG	1
55	2935	1	CGATTCAAAAGGGAATTCCTTTGT	1
2933	55	1	GATTCAAAAGGGAATTCCTTTGTC	1
2932	2933	1	ATTCAAAAGGGAATTCCTTTGTCA	1
52	2932	1	TTCAAAAGGGAATTCCTTTGTCAC	1
51	52	1	TCAAAAGGGAATTCCTTTGTCACA	1
50	51	2	CAAAAGGGAATTCCTTTGTCACAA	1
2928	50	2	AAAAGGGAATTCCTTTGTCACAAA	1
2927	2928	2	AAAGGGAATTCCTTTGTCACAAAA	1
2926	2927	2	AAGGGAATTCCTTTGTCACAAAAT	1
2925	2926	2	AGGGAATTCCTTTGTCACAAAATG	1
2924	2925	2	GGGAATTCCTTTGTCACAAAATGC	1
2923	2924	2	GGAATTCCTTTGTCACAAAATGCA	1
2922	2923	2	GAATTCCTTTGTCACAAAATGCAC	1
2921	2922	2	AATTCCTTTGTCACAAAATGCACA	1
2920	2921	2	ATTCCTTTGTCACAAAATGCACAA	1
2919	2920	2	TTCCTTTGTCACAAAATGCACAAG	1
39	2919	1	TCCTTTGTCACAAAATGCACAAGA	1
38	39	1	CCTTTGTCACAAAATGCACAAGAC	1
37	38	1	CTTTGTCACAAAATGCACAAGACC	1
36	37	1	TTTGTCACAAAATGCACAAGACCA	1
35	36	1	TTGTCACAAAATGCACAAGACCAA	1
2913	35	1	TGTCACAAAATGCACAAGACCAAA	1
2912	2913	1	GTCACAAAATGCACAAGACCAAAA	1
32	2912	1	TCACAAAATGCACAAGACCAAAAA	1
31	32	1	CACAAAATGCACAAGACCAAAAAC	1
30	31	1	ACAAAATGCACAAGACCAAAAACC	1
29	30	1	CAAAATGCACAAGACCAAAAACCA	1
28	29	1	AAAATGCACAAGACCAAAAACCAC	1
2906	28	1	AAATGCACAAGACCAAAAACCACA	1
2905	2906	1	AATGCACAAGACCAAAAACCACAA	1
2904	2905	1	ATGCACAAGACCAAAAACCACAAG	1
24	2904	1	TGCACAAGACCAAAAACCACAAGC	1
2902	24	1	GCACAAGACCAAAAACCACAAGCA	1
22	2902	1	CACAAGACCAAAAACCACAAGCAC	1
2900	22	1	ACAAGACCAAAAACCACAAGCACA	1
20	2900	1	CAAGACCAAAAACCACAAGCACAT	1
2898	20	1	AAGACCAAAAACCACAAGCACATT	1
18	2898	1	AGACCAAAAACCACAAGCACATTC	1
17	18	1	GACCAAAAACCACAAGCACATTCC	1
16	17	1	ACCAAAAACCACAAGCACATTCCC	1
15	16	1	CCAAAAACCACAAGCACATTCCCC	1
14	15	1	CAAAAACCACAAGCACATTCCCCC	1
13	14	1	AAAAACCACAAGCACATTCCCCCT	1
12	13	1	AAAACCACAAGCACATTCCCCCTC	1
11	12	1	AAACCACAAGCACATTCCCCCTCC	1
10	11	1	AACCACAAGCACATTCCCCCTCCT	1
2888	10	1	ACCACAAGCACATTCCCCCTCCTG	1
8	2888	1	CCACAAGCACATTCCCCCTCCTGA	1
7	8	1	CACAAGCACATTCCCCCTCCTGAA	1
2885	7	1	ACAAGCACATTCCCCCTCCTGAAG	1
5	2885	1	CAAGCACATTCCCCCTCCTGAAGA	1
2883	5	1	AAGCACATTCCCCCTCCTGAAGAG	1
3	2883	1	AGCACATTCCCCCTCCTGAAGAGC	1
2881	3	1	GCACATTCCCCCTCCTGAAGAGCT	1
1	2881	1	CACATTCCCCCTCCTGAAGAGCTC	1
5736	2856	22	TTCGTTTATCTCCAAGGCTTCATG	1
5645	-1	0	GAGAGAATGTACGCAGTTGCACAC	1
2856	5734	22	TTTCGTTTATCTCCAAGGCTTCAT	1
5646	3957	17	GAGAATGTACGCAGTTGCACACTT	1
5647	5646	15	AGAATGTACGCAGTTGCACACTTT	1
5734	2854	21	ATTTCGTTTATCTCCAAGGCTTCA	1
5648	5647	15	GAATGTACGCAGTTGCACACTTTG	1
2854	2853	22	AATTTCGTTTATCTCCAAGGCTTC	1
2853	2852	23	TAATTTCGTTTATCTCCAAGGCTT	1
2852	2851	24	CTAATTTCGTTTATCTCCAAGGCT	1
2851	5729	22	CCTAATTTCGTTTATCTCCAAGGC	1
5729	5728	22	ACCTAATTTCGTTTATCTCCAAGG	1
5728	5727	22	GACCTAATTTCGTTTATCTCCAAG	1
5727	2847	22	GGACCTAATTTCGTTTATCTCCAA	1
2847	2846	22	TGGACCTAATTTCGTTTATCTCCA	1
2846	2845	22	CTGGACCTAATTTCGTTTATCTCC	1
2845	2844	19	TCTGGACCTAATTTCGTTTATCTC	1
2844	2843	21	CTCTGGACCTAATTTCGTTTATCT	1
2843	5721	21	ACTCTGGACCTAATTTCGTTTATC	1
5721	2841	21	AACTCTGGACCTAATTTCGTTTAT	1
2841	2840	21	CAACTCTGGACCTAATTTCGTTTA	1
2840	2839	21	TCAACTCTGGACCTAATTTCGTTT	1
2839	2838	22	TTCAACTCTGGACCTAATTTCGTT	1
2838	5716	22	CTTCAACTCTGGACCTAATTTCGT	1
5716	2836	21	ACTTCAACTCTGGACCTAATTTCG	1
2836	5714	21	AACTTCAACTCTGGACCTAATTTC	1
5714	5713	21	GAACTTCAACTCTGGACCTAATTT	1
5713	5712	19	GGAACTTCAACTCTGGACCTAATT	1
5712	5711	18	GGGAACTTCAACTCTGGACCTAAT	1
5711	5710	15	GGGGAACTTCAACTCTGGACCTAA	1
5710	2830	14	AGGGGAACTTCAACTCTGGACCTA	1
2830	2829	14	TAGGGGAACTTCAACTCTGGACCT	1
2829	2828	14	TTAGGGGAACTTCAACTCTGGACC	1
2828	5706	14	ATTAGGGGAACTTCAACTCTGGAC	1
5706	5705	14	AATTAGGGGAACTTCAACTCTGGA	1
5705	5704	15	CAATTAGGGGAACTTCAACTCTGG	1
5704	2824	15	GCAATTAGGGGAACTTCAACTCTG	1
2824	2823	15	AGCAATTAGGGGAACTTCAACTCT	1
2823	5701	13	AAGCAATTAGGGGAACTTCAACTC	1
5701	5700	13	GAAGCAATTAGGGGAACTTCAACT	1
5700	5699	16	GGAAGCAATTAGGGGAACTTCAAC	1
5699	5698	16	AGGAAGCAATTAGGGGAACTTCAA	1
5698	2818	17	GAGGAAGCAATTAGGGGAACTTCA	1
2818	2817	17	AGAGGAAGCAATTAGGGGAACTTC	1
2817	5695	17	TAGAGGAAGCAATTAGGGGAACTT	1
5695	5694	17	GTAGAGGAAGCAATTAGGGGAACT	1
5694	5693	15	GGTAGAGGAAGCAATTAGGGGAAC	1
5693	5692	15	TGGTAGAGGAAGCAATTAGGGGAA	1
5692	5691	15	ATGGTAGAGGAAGCAATTAGGGGA	1
5691	5690	17	GATGGTAGAGGAAGCAATTAGGGG	1
5690	5689	17	AGATGGTAGAGGAAGCAATTAGGG	1
5689	2809	17	CAGATGGTAGAGGAAGCAATTAGG	1
2809	2808	16	CCAGATGGTAGAGGAAGCAATTAG	1
2808	2807	13	CCCAGATGGTAGAGGAAGCAATTA	1
2807	2806	13	TCCCAGATGGTAGAGGAAGCAATT	1
2806	2805	11	CTCCCAGATGGTAGAGGAAGCAAT	1
2805	5683	11	TCTCCCAGATGGTAGAGGAAGCAA	1
5683	2803	11	ATCTCCCAGATGGTAGAGGAAGCA	1
2803	5681	12	TATCTCCCAGATGGTAGAGGAAGC	1
5681	5680	12	TTATCTCCCAGATGGTAGAGGAAG	1
5680	5679	13	TTTATCTCCCAGATGGTAGAGGAA	1
5679	5678	12	TTTTATCTCCCAGATGGTAGAGGA	1
5678	5677	13	ATTTTATCTCCCAGATGGTAGAGG	1
5677	2797	13	AATTTTATCTCCCAGATGGTAGAG	1
2797	5675	13	CAATTTTATCTCCCAGATGGTAGA	1
5675	5674	14	ACAATTTTATCTCCCAGATGGTAG	1
5674	2794	14	AACAATTTTATCTCCCAGATGGTA	1
2794	5672	14	TAACAATTTTATCTCCCAGATGGT	1
5672	5671	14	GTAACAATTTTATCTCCCAGATGG	1
5671	2791	13	GGTAACAATTTTATCTCCCAGATG	1
2791	5669	13	TGGTAACAATTTTATCTCCCAGAT	1
5669	5668	13	TTGGTAACAATTTTATCTCCCAGA	1
5668	2788	13	TTTGGTAACAATTTTATCTCCCAG	1
2788	2787	13	CTTTGGTAACAATTTTATCTCCCA	1
2787	2786	12	ACTTTGGTAACAATTTTATCTCCC	1
2786	2785	12	CACTTTGGTAACAATTTTATCTCC	1
2785	2784	12	ACACTTTGGTAACAATTTTATCTC	1
2784	2783	13	CACACTTTGGTAACAATTTTATCT	1
2783	2782	14	GCACACTTTGGTAACAATTTTATC	1
2782	2781	15	TGCACACTTTGGTAACAATTTTAT	1
2781	5659	16	TTGCACACTTTGGTAACAATTTTA	1
5659	5658	17	GTTGCACACTTTGGTAACAATTTT	1
5658	2778	18	AGTTGCACACTTTGGTAACAATTT	1
2778	5656	18	CAGTTGCACACTTTGGTAACAATT	1
5656	2776	18	GCAGTTGCACACTTTGGTAACAAT	1
2776	5654	18	CGCAGTTGCACACTTTGGTAACAA	1
5654	2774	19	ACGCAGTTGCACACTTTGGTAACA	1
2774	5652	18	TACGCAGTTGCACACTTTGGTAAC	1
5652	5651	18	GTACGCAGTTGCACACTTTGGTAA	1
5651	5650	18	TGTACGCAGTTGCACACTTTGGTA	1
5650	5649	18	ATGTACGCAGTTGCACACTTTGGT	1
5649	5648	18	AATGTACGCAGTTGCACACTTTGG	1
2342	589	32	TAACGTGTTCAAAAACATGCTCAC	1
2343	2342	32	AACGTGTTCAAAAACATGCTCACT	1
5223	2343	32	ACGTGTTCAAAAACATGCTCACTG	1
2345	5223	29	CGTGTTCAAAAACATGCTCACTGT	1
5225	2345	29	GTGTTCAAAAACATGCTCACTGTG	1
2347	5225	29	TGTTCAAAAACATGCTCACTGTGC	1
5227	2347	29	GTTCAAAAACATGCTCACTGTGCT	1
2349	5227	31	TTCAAAAACATGCTCACTGTGCTC	1
2350	2349	31	TCAAAAACATGCTCACTGTGCTCA	1
5230	2350	30	CAAAAACATGCTCACTGTGCTCAG	1
5231	5230	29	AAAAACATGCTCACTGTGCTCAGG	1
5232	5231	29	AAAACATGCTCACTGTGCTCAGGT	1
5233	5232	30	AAACATGCTCACTGTGCTCAGGTT	1
5234	5233	30	AACATGCTCACTGTGCTCAGGTTG	1
2356	5234	27	ACATGCTCACTGTGCTCAGGTTGT	1
2357	2356	27	CATGCTCACTGTGCTCAGGTTGTC	1
5237	2357	26	ATGCTCACTGTGCTCAGGTTGTCG	1
2359	5237	23	TGCTCACTGTGCTCAGGTTGTCGT	1
5239	2359	24	GCTCACTGTGCTCAGGTTGTCGTT	1
2361	5239	25	CTCACTGTGCTCAGGTTGTCGTTG	1
2362	2361	26	TCACTGTGCTCAGGTTGTCGTTGA	1
2363	2362	26	CACTGTGCTCAGGTTGTCGTTGAT	1
2364	2363	28	ACTGTGCTCAGGTTGTCGTTGATC	1
2365	2364	29	CTGTGCTCAGGTTGTCGTTGATCC	1
2366	2365	29	TGTGCTCAGGTTGTCGTTGATCCT	1
2367	2366	29	GTGCTCAGGTTGTCGTTGATCCTC	1
2368	2367	29	TGCTCAGGTTGTCGTTGATCCTCA	1
5248	2368	28	GCTCAGGTTGTCGTTGATCCTCAG	1
5249	5248	25	CTCAGGTTGTCGTTGATCCTCAGG	1
5250	5249	25	TCAGGTTGTCGTTGATCCTCAGGG	1
5251	5250	26	CAGGTTGTCGTTGATCCTCAGGGG	1
2373	5251	26	AGGTTGTCGTTGATCCTCAGGGGC	1
5253	2373	26	GGTTGTCGTTGATCCTCAGGGGCA	1
2375	5253	25	GTTGTCGTTGATCCTCAGGGGCAC	1
2376	2375	24	TTGTCGTTGATCCTCAGGGGCACC	1
2377	2376	24	TGTCGTTGATCCTCAGGGGCACCC	1
5257	2377	22	GTCGTTGATCCTCAGGGGCACCCT	1
2379	5257	23	TCGTTGATCCTCAGGGGCACCCTC	1
2380	2379	23	CGTTGATCCTCAGGGGCACCCTCA	1
5260	2380	23	GTTGATCCTCAGGGGCACCCTCAG	1
5261	5260	24	TTGATCCTCAGGGGCACCCTCAGG	1
5262	5261	24	TGATCCTCAGGGGCACCCTCAGGA	1
5263	5262	24	GATCCTCAGGGGCACCCTCAGGAT	1
5264	5263	23	ATCCTCAGGGGCACCCTCAGGATG	1
2386	5264	22	TCCTCAGGGGCACCCTCAGGATGT	1
2387	2386	21	CCTCAGGGGCACCCTCAGGATGTA	1
2388	2387	21	CTCAGGGGCACCCTCAGGATGTAG	1
5268	2388	21	TCAGGGGCACCCTCAGGATGTAGA	1
2390	5268	20	CAGGGGCACCCTCAGGATGTAGAC	1
2391	2390	19	AGGGGCACCCTCAGGATGTAGACC	1
5271	2391	19	GGGGCACCCTCAGGATGTAGACCA	1
5272	5271	17	GGGCACCCTCAGGATGTAGACCAG	1
5273	5272	17	GGCACCCTCAGGATGTAGACCAGG	1
5274	5273	17	GCACCCTCAGGATGTAGACCAGGA	1
2396	5274	17	CACCCTCAGGATGTAGACCAGGAA	1
5276	2396	17	ACCCTCAGGATGTAGACCAGGAAG	1
2398	5276	17	CCCTCAGGATGTAGACCAGGAAGA	1
2399	2398	17	CCTCAGGATGTAGACCAGGAAGAG	1
2400	2399	17	CTCAGGATGTAGACCAGGAAGAGC	1
2401	2400	15	TCAGGATGTAGACCAGGAAGAGCA	1
2402	2401	15	CAGGATGTAGACCAGGAAGAGCAC	1
5282	2402	15	AGGATGTAGACCAGGAAGAGCACG	1
5283	5282	15	GGATGTAGACCAGGAAGAGCACGA	1
5284	5283	15	GATGTAGACCAGGAAGAGCACGAG	1
5285	5284	14	ATGTAGACCAGGAAGAGCACGAGG	1
5286	5285	14	TGTAGACCAGGAAGAGCACGAGGA	1
5287	5286	16	GTAGACCAGGAAGAGCACGAGGAA	1
5288	5287	16	TAGACCAGGAAGAGCACGAGGAAG	1
5289	5288	16	AGACCAGGAAGAGCACGAGGAAGA	1
5290	5289	16	GACCAGGAAGAGCACGAGGAAGAA	1
2412	5290	15	ACCAGGAAGAGCACGAGGAAGAAC	1
2413	2412	15	CCAGGAAGAGCACGAGGAAGAACC	1
2414	2413	15	CAGGAAGAGCACGAGGAAGAACCA	1
2415	2414	15	AGGAAGAGCACGAGGAAGAACCAC	1
5295	2415	13	GGAAGAGCACGAGGAAGAACCACA	1
5296	5295	15	GAAGAGCACGAGGAAGAACCACAC	1
5297	5296	15	AAGAGCACGAGGAAGAACCACACG	1
5298	5297	14	AGAGCACGAGGAAGAACCACACGG	1
5299	5298	14	GAGCACGAGGAAGAACCACACGGT	1
2421	5299	14	AGCACGAGGAAGAACCACACGGTC	1
2422	2421	17	GCACGAGGAAGAACCACACGGTCC	1
2423	2422	17	CACGAGGAAGAACCACACGGTCCA	1
2424	2423	16	ACGAGGAAGAACCACACGGTCCAC	1
2425	2424	17	CGAGGAAGAACCACACGGTCCACA	1
5305	2425	17	GAGGAAGAACCACACGGTCCACAG	1
5306	5305	17	AGGAAGAACCACACGGTCCACAGA	1
5307	5306	17	GGAAGAACCACACGGTCCACAGAT	1
5308	5307	17	GAAGAACCACACGGTCCACAGATA	1
5309	5308	17	AAGAACCACACGGTCCACAGATAG	1
5310	5309	16	AGAACCACACGGTCCACAGATAGG	1
5311	5310	16	GAACCACACGGTCCACAGATAGGT	1
2433	5311	16	AACCACACGGTCCACAGATAGGTC	1
2434	2433	15	ACCACACGGTCCACAGATAGGTCC	1
2435	2434	16	CCACACGGTCCACAGATAGGTCCA	1
2436	2435	16	CACACGGTCCACAGATAGGTCCAC	1
5316	2436	16	ACACGGTCCACAGATAGGTCCACG	1
2438	5316	16	CACGGTCCACAGATAGGTCCACGA	1
2439	2438	18	ACGGTCCACAGATAGGTCCACGAC	1
2440	2439	18	CGGTCCACAGATAGGTCCACGACC	1
5320	2440	19	GGTCCACAGATAGGTCCACGACCA	1
2442	5320	19	GTCCACAGATAGGTCCACGACCAC	1
2443	2442	21	TCCACAGATAGGTCCACGACCACA	1
2444	2443	21	CCACAGATAGGTCCACGACCACAC	1
2445	2444	22	CACAGATAGGTCCACGACCACACG	1
5325	2445	21	ACAGATAGGTCCACGACCACACGA	1
2447	5325	21	CAGATAGGTCCACGACCACACGAT	1
5327	2447	21	AGATAGGTCCACGACCACACGATG	1
5328	5327	22	GATAGGTCCACGACCACACGATGC	1
5329	5328	23	ATAGGTCCACGACCACACGATGCA	1
5330	5329	23	TAGGTCCACGACCACACGATGCAG	1
5331	5330	23	AGGTCCACGACCACACGATGCAGG	1
5332	5331	23	GGTCCACGACCACACGATGCAGGA	1
5333	5332	25	GTCCACGACCACACGATGCAGGAC	1
2455	5333	25	TCCACGACCACACGATGCAGGACT	1
2456	2455	25	CCACGACCACACGATGCAGGACTT	1
2457	2456	25	CACGACCACACGATGCAGGACTTG	1
5337	2457	26	ACGACCACACGATGCAGGACTTGA	1
5338	5337	26	CGACCACACGATGCAGGACTTGAG	1
5339	5338	25	GACCACACGATGCAGGACTTGAGC	1
2461	5339	25	ACCACACGATGCAGGACTTGAGCT	1
2462	2461	26	CCACACGATGCAGGACTTGAGCTG	1
2463	2462	26	CACACGATGCAGGACTTGAGCTGC	1
2464	2463	26	ACACGATGCAGGACTTGAGCTGCT	1
2465	2464	26	CACGATGCAGGACTTGAGCTGCTC	1
2466	2465	25	ACGATGCAGGACTTGAGCTGCTCC	1
2467	2466	25	CGATGCAGGACTTGAGCTGCTCCA	1
5347	2467	25	GATGCAGGACTTGAGCTGCTCCAG	1
5348	5347	22	ATGCAGGACTTGAGCTGCTCCAGG	1
5349	5348	22	TGCAGGACTTGAGCTGCTCCAGGA	1
5350	5349	22	GCAGGACTTGAGCTGCTCCAGGAA	1
5351	5350	24	CAGGACTTGAGCTGCTCCAGGAAG	1
2473	5351	24	AGGACTTGAGCTGCTCCAGGAAGC	1
5353	2473	20	GGACTTGAGCTGCTCCAGGAAGCC	1
2475	5353	19	GACTTGAGCTGCTCCAGGAAGCCC	1
5355	2475	18	ACTTGAGCTGCTCCAGGAAGCCCG	1
2477	5355	18	CTTGAGCTGCTCCAGGAAGCCCGC	1
5357	2477	17	TTGAGCTGCTCCAGGAAGCCCGCG	1
2479	5357	17	TGAGCTGCTCCAGGAAGCCCGCGC	1
2480	2479	17	GAGCTGCTCCAGGAAGCCCGCGCC	1
2481	2480	17	AGCTGCTCCAGGAAGCCCGCGCCC	1
5361	2481	17	GCTGCTCCAGGAAGCCCGCGCCCG	1
2483	5361	17	CTGCTCCAGGAAGCCCGCGCCCGC	1
2484	2483	16	TGCTCCAGGAAGCCCGCGCCCGCC	1
5364	2484	16	GCTCCAGGAAGCCCGCGCCCGCCT	1
2486	5364	16	CTCCAGGAAGCCCGCGCCCGCCTC	1
5366	2486	14	TCCAGGAAGCCCGCGCCCGCCTCG	1
2488	5366	14	CCAGGAAGCCCGCGCCCGCCTCGG	1
2489	2488	15	CAGGAAGCCCGCGCCCGCCTCGGC	1
2490	2489	14	AGGAAGCCCGCGCCCGCCTCGGCC	1
5370	2490	12	GGAAGCCCGCGCCCGCCTCGGCCA	1
5371	5370	12	GAAGCCCGCGCCCGCCTCGGCCAT	1
2493	5371	12	AAGCCCGCGCCCGCCTCGGCCATC	1
2494	2493	13	AGCCCGCGCCCGCCTCGGCCATCT	1
5374	2494	12	GCCCGCGCCCGCCTCGGCCATCTT	1
2496	5374	14	CCCGCGCCCGCCTCGGCCATCTTC	1
2497	2496	13	CCGCGCCCGCCTCGGCCATCTTCC	1
2498	2497	12	CGCGCCCGCCTCGGCCATCTTCCG	1
5378	2498	12	GCGCCCGCCTCGGCCATCTTCCGG	1
2500	5378	12	CGCCCGCCTCGGCCATCTTCCGGC	1
5380	2500	12	GCCCGCCTCGGCCATCTTCCGGCG	1
2502	5380	12	CCCGCCTCGGCCATCTTCCGGCGC	1
2503	2502	12	CCGCCTCGGCCATCTTCCGGCGCT	1
5383	2503	12	CGCCTCGGCCATCTTCCGGCGCTG	1
2505	5383	11	GCCTCGGCCATCTTCCGGCGCTGC	1
2506	2505	11	CCTCGGCCATCTTCCGGCGCTGCT	1
2507	2506	11	CTCGGCCATCTTCCGGCGCTGCTA	1
2508	2507	11	TCGGCCATCTTCCGGCGCTGCTAC	1
5388	2508	13	CGGCCATCTTCCGGCGCTGCTACG	1
5389	5388	12	GGCCATCTTCCGGCGCTGCTACGG	1
5390	5389	12	GCCATCTTCCGGCGCTGCTACGGG	1
2512	5390	12	CCATCTTCCGGCGCTGCTACGGGC	1
2513	2512	13	CATCTTCCGGCGCTGCTACGGGCC	1
5393	2513	11	ATCTTCCGGCGCTGCTACGGGCCG	1
2515	5393	11	TCTTCCGGCGCTGCTACGGGCCGC	1
2516	2515	11	CTTCCGGCGCTGCTACGGGCCGCC	1
5396	2516	11	TTCCGGCGCTGCTACGGGCCGCCG	1
2518	5396	11	TCCGGCGCTGCTACGGGCCGCCGC	1
2519	2518	11	CCGGCGCTGCTACGGGCCGCCGCG	1
5399	2519	11	CGGCGCTGCTACGGGCCGCCGCGG	1
5400	5399	11	GGCGCTGCTACGGGCCGCCGCGGC	1
5401	5400	11	GCGCTGCTACGGGCCGCCGCGGCG	1
2523	5401	10	CGCTGCTACGGGCCGCCGCGGCGC	1
5403	2523	10	GCTGCTACGGGCCGCCGCGGCGCT	1
2525	5403	11	CTGCTACGGGCCGCCGCGGCGCTC	1
5405	2525	12	TGCTACGGGCCGCCGCGGCGCTCG	1
2527	5405	12	GCTACGGGCCGCCGCGGCGCTCGC	1
2528	2527	12	CTACGGGCCGCCGCGGCGCTCGCT	1
5408	2528	11	TACGGGCCGCCGCGGCGCTCGCTG	1
5409	5408	11	ACGGGCCGCCGCGGCGCTCGCTGT	1
2531	5409	11	CGGGCCGCCGCGGCGCTCGCTGTC	1
5411	2531	11	GGGCCGCCGCGGCGCTCGCTGTCG	1
5412	5411	11	GGCCGCCGCGGCGCTCGCTGTCGG	1
2534	5412	11	GCCGCCGCGGCGCTCGCTGTCGGC	1
2535	2534	11	CCGCCGCGGCGCTCGCTGTCGGCC	1
2536	2535	11	CGCCGCGGCGCTCGCTGTCGGCCG	1
5416	2536	11	GCCGCGGCGCTCGCTGTCGGCCGG	1
5417	5416	11	CCGCGGCGCTCGCTGTCGGCCGGG	1
2539	5417	10	CGCGGCGCTCGCTGTCGGCCGGGA	1
5419	2539	10	GCGGCGCTCGCTGTCGGCCGGGAT	1
5420	5419	9	CGGCGCTCGCTGTCGGCCGGGATG	1
5421	5420	9	GGCGCTCGCTGTCGGCCGGGATGA	1
5422	5421	9	GCGCTCGCTGTCGGCCGGGATGAT	1
2544	5422	8	CGCTCGCTGTCGGCCGGGATGATT	1
2545	2544	8	GCTCGCTGTCGGCCGGGATGATTC	1
2546	2545	6	CTCGCTGTCGGCCGGGATGATTCA	1
2547	2546	6	TCGCTGTCGGCCGGGATGATTCAC	1
2548	2547	6	CGCTGTCGGCCGGGATGATTCACC	1
2549	2548	6	GCTGTCGGCCGGGATGATTCACCC	1
2550	2549	5	CTGTCGGCCGGGATGATTCACCCG	1
2551	2550	5	TGTCGGCCGGGATGATTCACCCGC	1
2552	2551	5	GTCGGCCGGGATGATTCACCCGCC	1
2553	2552	5	TCGGCCGGGATGATTCACCCGCCC	1
2554	2553	5	CGGCCGGGATGATTCACCCGCCCG	1
5434	2554	5	GGCCGGGATGATTCACCCGCCCGA	1
5435	5434	5	GCCGGGATGATTCACCCGCCCGAG	1
5436	5435	5	CCGGGATGATTCACCCGCCCGAGG	1
2558	5436	5	CGGGATGATTCACCCGCCCGAGGC	1
5438	2558	5	GGGATGATTCACCCGCCCGAGGCA	1
5439	5438	5	GGATGATTCACCCGCCCGAGGCAC	1
5440	5439	5	GATGATTCACCCGCCCGAGGCACG	1
5441	5440	5	ATGATTCACCCGCCCGAGGCACGG	1
2563	5441	5	TGATTCACCCGCCCGAGGCACGGC	1
5443	2563	3	GATTCACCCGCCCGAGGCACGGCT	1
2565	5443	3	ATTCACCCGCCCGAGGCACGGCTC	1
5445	2565	3	TTCACCCGCCCGAGGCACGGCTCG	1
2567	5445	2	TCACCCGCCCGAGGCACGGCTCGA	1
5447	2567	2	CACCCGCCCGAGGCACGGCTCGAG	1
2569	5447	2	ACCCGCCCGAGGCACGGCTCGAGC	1
2570	2569	1	CCCGCCCGAGGCACGGCTCGAGCC	1
2571	2570	1	CCGCCCGAGGCACGGCTCGAGCCG	1
2572	2571	1	CGCCCGAGGCACGGCTCGAGCCGC	1
2573	2572	1	GCCCGAGGCACGGCTCGAGCCGCC	1
2574	2573	1	CCCGAGGCACGGCTCGAGCCGCCG	1
2575	2574	1	CCGAGGCACGGCTCGAGCCGCCGC	1
2576	2575	0	CGAGGCACGGCTCGAGCCGCCGCC	1
5456	2576	0	GAGGCACGGCTCGAGCCGCCGCCG	1
2578	5456	0	AGGCACGGCTCGAGCCGCCGCCGC	1
2579	2578	0	GGCACGGCTCGAGCCGCCGCCGCC	1
5459	2579	0	GCACGGCTCGAGCCGCCGCCGCCG	1
2581	5459	0	CACGGCTCGAGCCGCCGCCGCCGC	1
2582	2581	0	ACGGCTCGAGCCGCCGCCGCCGCC	1
2583	2582	0	CGGCTCGAGCCGCCGCCGCCGCCA	1
5463	2583	0	GGCTCGAGCCGCCGCCGCCGCCAG	1
5464	5463	0	GCTCGAGCCGCCGCCGCCGCCAGG	1
5465	5464	0	CTCGAGCCGCCGCCGCCGCCAGGG	1
2587	5465	0	TCGAGCCGCCGCCGCCGCCAGGGC	1
2588	2587	0	CGAGCCGCCGCCGCCGCCAGGGCC	1
2589	2588	0	GAGCCGCCGCCGCCGCCAGGGCCC	1
5469	2589	0	AGCCGCCGCCGCCGCCAGGGCCCG	1
5470	5469	0	GCCGCCGCCGCCGCCAGGGCCCGG	1
2592	5470	0	CCGCCGCCGCCGCCAGGGCCCGGC	1
2593	2592	0	CGCCGCCGCCGCCAGGGCCCGGCG	1
5473	2593	1	GCCGCCGCCGCCAGGGCCCGGCGT	1
2595	5473	1	CCGCCGCCGCCAGGGCCCGGCGTC	1
2596	2595	1	CGCCGCCGCCAGGGCCCGGCGTCC	1
2597	2596	1	GCCGCCGCCAGGGCCCGGCGTCCC	1
2598	2597	1	CCGCCGCCAGGGCCCGGCGTCCCC	1
2599	2598	2	CGCCGCCAGGGCCCGGCGTCCCCG	1
5479	2599	2	GCCGCCAGGGCCCGGCGTCCCCGG	1
2601	5479	2	CCGCCAGGGCCCGGCGTCCCCGGA	1
5481	2601	2	CGCCAGGGCCCGGCGTCCCCGGAG	1
2603	5481	2	GCCAGGGCCCGGCGTCCCCGGAGC	1
2604	2603	2	CCAGGGCCCGGCGTCCCCGGAGCT	1
2605	2604	2	CAGGGCCCGGCGTCCCCGGAGCTC	1
5485	2605	2	AGGGCCCGGCGTCCCCGGAGCTCG	1
5486	5485	2	GGGCCCGGCGTCCCCGGAGCTCGC	1
2608	5486	2	GGCCCGGCGTCCCCGGAGCTCGCC	1
2609	2608	2	GCCCGGCGTCCCCGGAGCTCGCCC	1
2610	2609	2	CCCGGCGTCCCCGGAGCTCGCCCG	1
2611	2610	2	CCGGCGTCCCCGGAGCTCGCCCGG	1
2612	2611	2	CGGCGTCCCCGGAGCTCGCCCGGC	1
5492	2612	2	GGCGTCCCCGGAGCTCGCCCGGCG	1
5493	5492	2	GCGTCCCCGGAGCTCGCCCGGCGC	1
2615	5493	2	CGTCCCCGGAGCTCGCCCGGCGCC	1
2616	2615	2	GTCCCCGGAGCTCGCCCGGCGCCC	1
5496	2616	2	TCCCCGGAGCTCGCCCGGCGCCCG	1
2618	5496	2	CCCCGGAGCTCGCCCGGCGCCCGG	1
2619	2618	3	CCCGGAGCTCGCCCGGCGCCCGGA	1
2620	2619	3	CCGGAGCTCGCCCGGCGCCCGGAT	1
5500	2620	3	CGGAGCTCGCCCGGCGCCCGGATG	1
5501	5500	4	GGAGCTCGCCCGGCGCCCGGATGC	1
5502	5501	4	GAGCTCGCCCGGCGCCCGGATGCG	1
5503	5502	4	AGCTCGCCCGGCGCCCGGATGCGG	1
5504	5503	4	GCTCGCCCGGCGCCCGGATGCGGC	1
2626	5504	4	CTCGCCCGGCGCCCGGATGCGGCG	1
5506	2626	4	TCGCCCGGCGCCCGGATGCGGCGG	1
5507	5506	4	CGCCCGGCGCCCGGATGCGGCGGG	1
5508	5507	4	GCCCGGCGCCCGGATGCGGCGGGA	1
2630	5508	4	CCCGGCGCCCGGATGCGGCGGGAA	1
2631	2630	4	CCGGCGCCCGGATGCGGCGGGAAA	1
5511	2631	4	CGGCGCCCGGATGCGGCGGGAAAG	1
5512	5511	4	GGCGCCCGGATGCGGCGGGAAAGC	1
5513	5512	4	GCGCCCGGATGCGGCGGGAAAGCG	1
2635	5513	4	CGCCCGGATGCGGCGGGAAAGCGC	1
5515	2635	4	GCCCGGATGCGGCGGGAAAGCGCG	1
2637	5515	4	CCCGGATGCGGCGGGAAAGCGCGC	1
2638	2637	4	CCGGATGCGGCGGGAAAGCGCGCG	1
5518	2638	4	CGGATGCGGCGGGAAAGCGCGCGG	1
5519	5518	4	GGATGCGGCGGGAAAGCGCGCGGC	1
2641	5519	4	GATGCGGCGGGAAAGCGCGCGGCC	1
2642	2641	4	ATGCGGCGGGAAAGCGCGCGGCCT	1
5522	2642	4	TGCGGCGGGAAAGCGCGCGGCCTG	1
5523	5522	4	GCGGCGGGAAAGCGCGCGGCCTGC	1
5524	5523	4	CGGCGGGAAAGCGCGCGGCCTGCG	1
5525	5524	3	GGCGGGAAAGCGCGCGGCCTGCGC	1
5526	5525	3	GCGGGAAAGCGCGCGGCCTGCGCT	1
2648	5526	3	CGGGAAAGCGCGCGGCCTGCGCTC	1
5528	2648	3	GGGAAAGCGCGCGGCCTGCGCTCC	1
5529	5528	2	GGAAAGCGCGCGGCCTGCGCTCCG	1
5530	5529	1	GAAAGCGCGCGGCCTGCGCTCCGA	1
5531	5530	1	AAAGCGCGCGGCCTGCGCTCCGAG	1
2653	5531	1	AAGCGCGCGGCCTGCGCTCCGAGC	1
2654	2653	1	AGCGCGCGGCCTGCGCTCCGAGCC	1
2655	2654	1	GCGCGCGGCCTGCGCTCCGAGCCC	1
2656	2655	1	CGCGCGGCCTGCGCTCCGAGCCCC	1
2657	2656	1	GCGCGGCCTGCGCTCCGAGCCCCC	1
2658	2657	1	CGCGGCCTGCGCTCCGAGCCCCCG	1
2659	2658	1	GCGGCCTGCGCTCCGAGCCCCCGC	1
2660	2659	1	CGGCCTGCGCTCCGAGCCCCCGCC	1
5540	2660	1	GGCCTGCGCTCCGAGCCCCCGCCG	1
5541	5540	1	GCCTGCGCTCCGAGCCCCCGCCGG	1
2663	5541	0	CCTGCGCTCCGAGCCCCCGCCGGT	1
2664	2663	0	CTGCGCTCCGAGCCCCCGCCGGTG	1
5544	2664	0	TGCGCTCCGAGCCCCCGCCGGTGG	1
5545	5544	0	GCGCTCCGAGCCCCCGCCGGTGGC	1
2667	5545	1	CGCTCCGAGCCCCCGCCGGTGGCC	1
5547	2667	3	GCTCCGAGCCCCCGCCGGTGGCCT	1
2669	5547	3	CTCCGAGCCCCCGCCGGTGGCCTT	1
2670	2669	4	TCCGAGCCCCCGCCGGTGGCCTTC	1
2671	2670	4	CCGAGCCCCCGCCGGTGGCCTTCG	1
2672	2671	5	CGAGCCCCCGCCGGTGGCCTTCGT	1
5552	2672	5	GAGCCCCCGCCGGTGGCCTTCGTG	1
5553	5552	5	AGCCCCCGCCGGTGGCCTTCGTGG	1
5554	5553	5	GCCCCCGCCGGTGGCCTTCGTGGA	1
2676	5554	6	CCCCCGCCGGTGGCCTTCGTGGAG	1
2677	2676	9	CCCCGCCGGTGGCCTTCGTGGAGC	1
2678	2677	9	CCCGCCGGTGGCCTTCGTGGAGCG	1
2679	2678	9	CCGCCGGTGGCCTTCGTGGAGCGG	1
2680	2679	9	CGCCGGTGGCCTTCGTGGAGCGGT	1
2681	2680	9	GCCGGTGGCCTTCGTGGAGCGGTC	1
2682	2681	9	CCGGTGGCCTTCGTGGAGCGGTCA	1
2683	2682	9	CGGTGGCCTTCGTGGAGCGGTCAC	1
5563	2683	9	GGTGGCCTTCGTGGAGCGGTCACG	1
5564	5563	9	GTGGCCTTCGTGGAGCGGTCACGT	1
5565	5564	9	TGGCCTTCGTGGAGCGGTCACGTG	1
5566	5565	9	GGCCTTCGTGGAGCGGTCACGTGG	1
5567	5566	9	GCCTTCGTGGAGCGGTCACGTGGG	1
2689	5567	9	CCTTCGTGGAGCGGTCACGTGGGC	1
2690	2689	10	CTTCGTGGAGCGGTCACGTGGGCC	1
2691	2690	11	TTCGTGGAGCGGTCACGTGGGCCC	1
5571	2691	11	TCGTGGAGCGGTCACGTGGGCCCG	1
5572	5571	11	CGTGGAGCGGTCACGTGGGCCCGG	1
5573	5572	11	GTGGAGCGGTCACGTGGGCCCGGT	1
2695	5573	11	TGGAGCGGTCACGTGGGCCCGGTC	1
5575	2695	12	GGAGCGGTCACGTGGGCCCGGTCC	1
2697	5575	13	GAGCGGTCACGTGGGCCCGGTCCC	1
2698	2697	13	AGCGGTCACGTGGGCCCGGTCCCT	1
5578	2698	13	GCGGTCACGTGGGCCCGGTCCCTG	1
2700	5578	13	CGGTCACGTGGGCCCGGTCCCTGC	1
5580	2700	13	GGTCACGTGGGCCCGGTCCCTGCA	1
2702	5580	12	GTCACGTGGGCCCGGTCCCTGCAC	1
2703	2702	12	TCACGTGGGCCCGGTCCCTGCACT	1
2704	2703	11	CACGTGGGCCCGGTCCCTGCACTC	1
2705	2704	11	ACGTGGGCCCGGTCCCTGCACTCT	1
2706	2705	11	CGTGGGCCCGGTCCCTGCACTCTC	1
2707	2706	10	GTGGGCCCGGTCCCTGCACTCTCC	1
2708	2707	8	TGGGCCCGGTCCCTGCACTCTCCC	1
5588	2708	8	GGGCCCGGTCCCTGCACTCTCCCG	1
5589	5588	8	GGCCCGGTCCCTGCACTCTCCCGG	1
5590	5589	8	GCCCGGTCCCTGCACTCTCCCGGG	1
2712	5590	9	CCCGGTCCCTGCACTCTCCCGGGC	1
2713	2712	8	CCGGTCCCTGCACTCTCCCGGGCC	1
2714	2713	8	CGGTCCCTGCACTCTCCCGGGCCA	1
5594	2714	7	GGTCCCTGCACTCTCCCGGGCCAT	1
5595	5594	7	GTCCCTGCACTCTCCCGGGCCATT	1
2717	5595	7	TCCCTGCACTCTCCCGGGCCATTT	1
2718	2717	7	CCCTGCACTCTCCCGGGCCATTTA	1
2719	2718	6	CCTGCACTCTCCCGGGCCATTTAT	1
2720	2719	6	CTGCACTCTCCCGGGCCATTTATA	1
2721	2720	7	TGCACTCTCCCGGGCCATTTATAC	1
5601	2721	6	GCACTCTCCCGGGCCATTTATACT	1
2723	5601	6	CACTCTCCCGGGCCATTTATACTT	1
2724	2723	6	ACTCTCCCGGGCCATTTATACTTC	1
2725	2724	5	CTCTCCCGGGCCATTTATACTTCT	1
2726	2725	5	TCTCCCGGGCCATTTATACTTCTT	1
2727	2726	5	CTCCCGGGCCATTTATACTTCTTG	1
2728	2727	5	TCCCGGGCCATTTATACTTCTTGT	1
2729	2728	5	CCCGGGCCATTTATACTTCTTGTA	1
2730	2729	5	CCGGGCCATTTATACTTCTTGTAC	1
2731	2730	5	CGGGCCATTTATACTTCTTGTACT	1
5611	2731	5	GGGCCATTTATACTTCTTGTACTA	1
5612	5611	5	GGCCATTTATACTTCTTGTACTAG	1
5613	5612	5	GCCATTTATACTTCTTGTACTAGT	1
2735	5613	5	CCATTTATACTTCTTGTACTAGTA	1
2736	2735	5	CATTTATACTTCTTGTACTAGTAT	1
2737	2736	5	ATTTATACTTCTTGTACTAGTATT	1
2738	2737	5	TTTATACTTCTTGTACTAGTATTT	1
2739	2738	5	TTATACTTCTTGTACTAGTATTTT	1
2740	2739	5	TATACTTCTTGTACTAGTATTTTA	1
5620	2740	5	ATACTTCTTGTACTAGTATTTTAG	1
5621	5620	4	TACTTCTTGTACTAGTATTTTAGG	1
5622	5621	3	ACTTCTTGTACTAGTATTTTAGGA	1
5623	5622	3	CTTCTTGTACTAGTATTTTAGGAG	1
5624	5623	3	TTCTTGTACTAGTATTTTAGGAGG	1
5625	5624	3	TCTTGTACTAGTATTTTAGGAGGA	1
2747	5625	3	CTTGTACTAGTATTTTAGGAGGAC	1
2748	2747	2	TTGTACTAGTATTTTAGGAGGACA	1
5628	2748	2	TGTACTAGTATTTTAGGAGGACAG	1
5629	5628	2	GTACTAGTATTTTAGGAGGACAGC	1
2751	5629	2	TACTAGTATTTTAGGAGGACAGCC	1
2752	2751	2	ACTAGTATTTTAGGAGGACAGCCC	1
2753	2752	2	CTAGTATTTTAGGAGGACAGCCCG	1
5633	2753	2	TAGTATTTTAGGAGGACAGCCCGG	1
5634	5633	2	AGTATTTTAGGAGGACAGCCCGGG	1
5635	5634	2	GTATTTTAGGAGGACAGCCCGGGC	1
5636	5635	2	TATTTTAGGAGGACAGCCCGGGCG	1
2758	5636	2	ATTTTAGGAGGACAGCCCGGGCGC	1
2759	2758	2	TTTTAGGAGGACAGCCCGGGCGCC	1
5639	2759	2	TTTAGGAGGACAGCCCGGGCGCCG	1
2761	5639	2	TTAGGAGGACAGCCCGGGCGCCGC	1
2762	2761	2	TAGGAGGACAGCCCGGGCGCCGCC	1
5642	2762	1	AGGAGGACAGCCCGGGCGCCGCCG	1
5643	5642	0	GGAGGACAGCCCGGGCGCCGCCGA	1
5644	5643	0	GAGGACAGCCCGGGCGCCGCCGAG	1
5737	5738	10	GTTTTGGCACGTGTGGATTAAATT	1
5738	5739	12	AGTTTTGGCACGTGTGGATTAAAT	1
5758	4652	9	GGATACGGGATCATCCGGAAAGTT	1
5739	5740	12	AAGTTTTGGCACGTGTGGATTAAA	1
5740	5741	12	AAAGTTTTGGCACGTGTGGATTAA	1
5757	5758	9	GATACGGGATCATCCGGAAAGTTT	1
5741	5742	12	GAAAGTTTTGGCACGTGTGGATTA	1
2877	5757	10	ATACGGGATCATCCGGAAAGTTTT	1
5742	2864	12	GGAAAGTTTTGGCACGTGTGGATT	1
5755	2877	12	TACGGGATCATCCGGAAAGTTTTG	1
5754	5755	12	ACGGGATCATCCGGAAAGTTTTGG	1
2864	2865	12	CGGAAAGTTTTGGCACGTGTGGAT	1
2874	5754	12	CGGGATCATCCGGAAAGTTTTGGC	1
2865	5745	12	CCGGAAAGTTTTGGCACGTGTGGA	1
5752	2874	11	GGGATCATCCGGAAAGTTTTGGCA	1
5751	5752	11	GGATCATCCGGAAAGTTTTGGCAC	1
5745	5746	12	TCCGGAAAGTTTTGGCACGTGTGG	1
5750	5751	11	GATCATCCGGAAAGTTTTGGCACG	1
5746	2868	12	ATCCGGAAAGTTTTGGCACGTGTG	1
5749	5750	11	ATCATCCGGAAAGTTTTGGCACGT	1
5748	5749	11	TCATCCGGAAAGTTTTGGCACGTG	1
2868	5748	12	CATCCGGAAAGTTTTGGCACGTGT	1
2766	-1	0	GTGTGCAACTGCGTACATTCTCTC	1
2765	-1	0	CTCGGCGGCGCCCGGGCTGTCCTC	1
